candidate_id,source_id,goal,execution_mode,proposal_index,episode_index,task_index,action_sha256,pass,selected,goal_ever_achieved,wrong_goal_ever_achieved,unexpected_done_before_goal,first_goal_demo_frame,action_phase_bridge_pass,executed_action_steps,eef_path_length_m
stagea__drawer-closed__possession-grasped__locus-cabinet-side__support-demonstration-near__layout-a,v32_closed,cabinet,full_trajectory_replay,0,438,18,fc624695eb2d39b20e511c8ac6df4923b6bff3cff56ff389622f45310e9278c2,True,True,True,False,False,71.0,,1042,1.8248182524567482
stagea__drawer-closed__possession-grasped__locus-cabinet-side__support-demonstration-near__layout-a,v32_closed,cabinet,full_trajectory_replay,1,712,18,9af535ed5943f0efe94c6e6136614fdd45017940a69a8267687e68416905a9d8,False,False,False,False,False,,,1057,1.930128831043263
stagea__drawer-closed__possession-grasped__locus-cabinet-side__support-demonstration-near__layout-a,v32_closed,cabinet,full_trajectory_replay,2,669,18,bb63603def241e17b02c89c5513d1ef93cf75f47c260b5b139f120acf22c26f8,True,False,True,False,False,75.0,,1046,1.8181279285988647
stagea__drawer-closed__possession-grasped__locus-cabinet-side__support-demonstration-near__layout-a,v32_closed,cabinet,full_trajectory_replay,3,590,18,0348abe806a47069551301e2e86e25fcca5b8db8fd3f5b128630180e19057a9c,False,False,False,False,False,,,1060,1.923920225832629
stagea__drawer-closed__possession-grasped__locus-cabinet-side__support-demonstration-near__layout-a,v32_closed,cabinet,full_trajectory_replay,4,597,18,3bd590038acfecf91321ca683267c834fb8ebbd4f559e5fd8f89bf1dda561e9f,False,False,False,False,False,,,1060,1.8933371763633327
stagea__drawer-closed__possession-grasped__locus-cabinet-side__support-demonstration-near__layout-a,v32_closed,cabinet,full_trajectory_replay,5,660,18,082d8ee4933e7774b752cd6fbf2ea76a20ff927bf4afa8bd09b7ddc47aefba34,False,False,False,False,False,,,1060,1.8898506588917314
stagea__drawer-closed__possession-grasped__locus-cabinet-side__support-demonstration-near__layout-a,v32_closed,cabinet,full_trajectory_replay,6,458,18,4d4a24b15ada9177614865d055b4dccd354dd4ce8dac9eb391c68984fc50691e,False,False,False,False,False,,,1061,1.919954330491092
stagea__drawer-closed__possession-grasped__locus-cabinet-side__support-demonstration-near__layout-a,v32_closed,cabinet,full_trajectory_replay,7,573,18,2e42787c67b5b157b79e3c3b2980a13563d41b4cbf69a9279c710d30a6292e92,False,False,False,False,False,,,1061,1.964918068358986
stagea__drawer-closed__possession-grasped__locus-cabinet-side__support-demonstration-near__layout-a,v32_closed,cabinet,full_trajectory_replay,8,681,18,32bf1db8cfb866d929b97eaf4f6ad55599246fef24edf68fea15ede3b5cf005e,False,False,False,False,False,,,1061,1.899698779056564
stagea__drawer-closed__possession-grasped__locus-cabinet-side__support-demonstration-near__layout-a,v32_closed,cabinet,full_trajectory_replay,9,452,18,016fe7cdd6622e9f77775f108f3cb4e4f836ec330ac07003f39fb7e5dbd594d5,False,False,False,False,False,,,1063,1.975642427824652
stagea__drawer-closed__possession-grasped__locus-cabinet-side__support-demonstration-near__layout-a,v32_closed,cabinet,full_trajectory_replay,10,775,18,b7e8758503c46c2273a688c9d98a5cbf14447ba59301bb326ca3a9078d7ea079,False,False,False,False,False,,,1063,1.9173136907334287
stagea__drawer-closed__possession-grasped__locus-cabinet-side__support-demonstration-near__layout-a,v32_closed,cabinet,full_trajectory_replay,11,665,18,a4a985f59f32ec185896dca87996aa455a720e318f579d3c58b2a88d391ef2bd,False,False,False,False,False,,,1065,1.9506005826467492
stagea__drawer-closed__possession-grasped__locus-cabinet-side__support-demonstration-near__layout-a,v32_closed,cabinet,full_trajectory_replay,12,444,18,4d00108fccbba095038c80424e863deb2221dea2d50d4f2c5a3442f48d6466a2,True,False,True,False,False,83.0,,1054,1.9152153044356193
stagea__drawer-closed__possession-grasped__locus-cabinet-side__support-demonstration-near__layout-a,v32_closed,cabinet,full_trajectory_replay,13,501,18,033327dbdb43b4bfddc6ed286bf6f8e8a6112ffe991905c700c75ec0676b386c,False,False,False,False,False,,,1066,1.9140191109555424
stagea__drawer-closed__possession-grasped__locus-cabinet-side__support-demonstration-near__layout-a,v32_closed,cabinet,full_trajectory_replay,14,638,18,a8d81987e6f0f385619548c3982d9078c5c54a76d95ade16b8a982ad08234932,False,False,False,False,False,,,1066,1.9718631286746895
stagea__drawer-closed__possession-grasped__locus-cabinet-side__support-demonstration-near__layout-a,v32_closed,cabinet,full_trajectory_replay,15,674,18,9b9937400a6e113f3901f66bf04dbac00fcbef6b9d999843ef0c651c1d76ce93,False,False,False,False,False,,,1066,1.948237945831602
stagea__drawer-closed__possession-grasped__locus-cabinet-side__support-demonstration-near__layout-a,v32_closed,cabinet,full_trajectory_replay,16,493,18,6cd7e138d3e7108f26e5396426d285829d7a3044a5068557110ad529c60f88fb,False,False,False,False,False,,,1067,1.9741679367336253
stagea__drawer-closed__possession-grasped__locus-cabinet-side__support-demonstration-near__layout-a,v32_closed,cabinet,full_trajectory_replay,17,636,18,0a4fa289713d5467f4f401adaef6d834685933041fe590343f19ee059e605170,False,False,False,False,False,,,1067,1.9664450827302662
stagea__drawer-closed__possession-grasped__locus-cabinet-side__support-demonstration-near__layout-a,v32_closed,cabinet,full_trajectory_replay,18,699,18,9504ca4f990d01cd111eed0f44cf9f286704e69d2bef21680ad53de5b6c6e501,True,False,True,False,False,80.0,,1051,1.9752022941297418
stagea__drawer-closed__possession-grasped__locus-cabinet-side__support-demonstration-near__layout-a,v32_closed,cabinet,full_trajectory_replay,19,456,18,fe869cc76141d5cbf6d64ee2c3c80a872e3f32bfcb5763bfe38221d3c6f8774f,False,False,False,False,False,,,1068,1.983781005474425
stagea__drawer-closed__possession-grasped__locus-cabinet-side__support-demonstration-near__layout-a,v32_closed,cabinet,full_trajectory_replay,20,570,18,c2d4c5bdce9483b0609598e4bd984122284c5eef5a4d26eac9681c616139a807,False,False,False,False,False,,,1068,1.9728059488725338
stagea__drawer-closed__possession-grasped__locus-cabinet-side__support-demonstration-near__layout-a,v32_closed,cabinet,full_trajectory_replay,21,662,18,9b8d4f7149a62a256faa3e7ea0e5c2f3125d95bea41d4c479b86904e2d505dcf,False,False,False,False,False,,,1068,1.9068380828949432
stagea__drawer-closed__possession-grasped__locus-cabinet-side__support-demonstration-near__layout-a,v32_closed,cabinet,full_trajectory_replay,22,732,18,c3b4ba9df80cca1c1bc20693376c230d3bc01ba9f981bb21aff3d94f5df62a66,False,False,False,False,False,,,1068,1.9995951467039805
stagea__drawer-closed__possession-grasped__locus-cabinet-side__support-demonstration-near__layout-a,v32_closed,cabinet,full_trajectory_replay,23,505,18,69ffa114adff6ac44594f47b51bd23b379470a0da01eb7ed63f3d8a0d4c8775a,False,False,False,False,False,,,1069,1.960227043865622
stagea__drawer-closed__possession-grasped__locus-cabinet-side__support-demonstration-near__layout-a,v32_closed,cabinet,full_trajectory_replay,24,630,18,d47820b50d009ef5f221017fa25bcb7f75e7cde874bf13cd4a5f40b7d49fe74f,True,False,True,False,False,87.0,,1058,1.9065062076706623
stagea__drawer-closed__possession-grasped__locus-cabinet-side__support-demonstration-near__layout-a,v32_closed,cabinet,full_trajectory_replay,25,743,18,1df868b0e126de6c747a3392f2ae0135f2089140e79694115da746d261455e76,False,False,False,False,False,,,1069,1.8882084699775394
stagea__drawer-closed__possession-grasped__locus-cabinet-side__support-demonstration-near__layout-a,v32_closed,cabinet,full_trajectory_replay,26,398,18,dddc06067bf84b0019a1cf050048e588df918f7768911fa406ce110da9ad4689,False,False,False,False,False,,,1070,2.014984209236556
stagea__drawer-closed__possession-grasped__locus-cabinet-side__support-demonstration-near__layout-a,v32_closed,cabinet,full_trajectory_replay,27,446,18,171014841f360ccb7f224b68357849b87ebcfb38ea27c23f8309cdfd830c7760,True,False,True,False,False,88.0,,1059,1.9199140671756116
stagea__drawer-closed__possession-grasped__locus-cabinet-side__support-demonstration-near__layout-a,v32_closed,cabinet,full_trajectory_replay,28,724,18,8bbb07bf3048a11cd3879887766413ad6a041eb78ef54667a0528d0ab13f7c0c,False,False,False,False,False,,,1071,2.0098336286197904
stagea__drawer-closed__possession-grasped__locus-cabinet-side__support-demonstration-near__layout-a,v32_closed,cabinet,full_trajectory_replay,29,521,18,f404e35757cca7351a7956c0091493689bcae213ebc3f600ad9ca7ec35cc19d8,False,False,False,False,False,,,1072,2.0200777877355938
stagea__drawer-closed__possession-grasped__locus-cabinet-side__support-demonstration-near__layout-a,v32_closed,cabinet,full_trajectory_replay,30,791,18,ab8bc2c0ead1910b94bd3b22c327af072be2575c2b190a011406f4f7286f5de9,False,False,False,False,False,,,1072,1.9548985910539194
stagea__drawer-closed__possession-grasped__locus-cabinet-side__support-demonstration-near__layout-a,v32_closed,cabinet,full_trajectory_replay,31,474,18,5d93ae0bbe8618d7ad32e89a85261166b35dec3bcaa972751dddbaae8f07150c,True,False,True,False,False,84.0,,1055,1.932345643074267
stagea__drawer-closed__possession-grasped__locus-cabinet-side__support-demonstration-near__layout-a,v32_closed,cabinet,full_trajectory_replay,32,514,18,f0570adf2e2cdf55ef01180c8cf15f14c96b33219a8bdcfb110accc19eb31f44,True,False,True,False,False,89.0,,1060,2.0066102552901994
stagea__drawer-closed__possession-grasped__locus-cabinet-side__support-demonstration-near__layout-a,v32_closed,cabinet,full_trajectory_replay,33,793,18,321fba85a693c5b82c8fc5d19d784724998b7ca98e765b826b728c3015762066,False,False,False,False,False,,,1073,1.9736357142879604
stagea__drawer-closed__possession-grasped__locus-cabinet-side__support-demonstration-near__layout-a,v32_closed,cabinet,full_trajectory_replay,34,608,18,51b3f339ae2711ec2dee1dcd740cd2c0f3834f5ec75aa5be171a8aabfa384705,True,False,True,False,False,92.0,,1063,1.963477738822723
stagea__drawer-closed__possession-grasped__locus-cabinet-side__support-demonstration-near__layout-a,v32_closed,cabinet,full_trajectory_replay,35,696,18,27ac40ae5b0142c7d2dd195b068a73088bc3ab3ec1564e44ffca7f7e715939b7,True,False,True,False,False,87.0,,1058,1.9979350355002499
stagea__drawer-closed__possession-grasped__locus-cabinet-side__support-demonstration-near__layout-a,v32_closed,cabinet,full_trajectory_replay,36,661,18,79a603a018e5f911a590ae269ad2060c3e7efd307ce515d5e88df99491a895e8,True,False,True,False,False,87.0,,1058,1.9629655705284925
stagea__drawer-closed__possession-grasped__locus-cabinet-side__support-demonstration-near__layout-a,v32_closed,cabinet,full_trajectory_replay,37,745,18,aa1a3bff114b4b0887abbac25cd7b26200e2b2d232d51d48484012ca3ac3efce,True,False,True,False,False,93.0,,1064,2.0113854360959595
stagea__drawer-closed__possession-grasped__locus-cabinet-side__support-demonstration-near__layout-a,v32_closed,cabinet,full_trajectory_replay,38,767,18,bbf383faef21636081e61ca9fa795f26d897115b2e20fe6c0265b2d8e57172af,True,False,True,False,False,90.0,,1061,1.9514925904965268
stagea__drawer-closed__possession-grasped__locus-cabinet-side__support-demonstration-near__layout-a,v32_closed,cabinet,full_trajectory_replay,39,702,18,3fb5394b81ace7223fa4dc390332e7caab954344c8941276b13b63b0de1c2138,False,False,False,False,False,,,1076,2.056010220267628
stagea__drawer-closed__possession-grasped__locus-cabinet-side__support-demonstration-near__layout-a,v32_closed,cabinet,full_trajectory_replay,40,794,18,dcf5210e4570b197e56bdf6a478e82d539aed8c6cdfe5c988d35706a308b1cca,True,False,True,False,False,96.0,,1067,1.9845434705826048
stagea__drawer-closed__possession-grasped__locus-cabinet-side__support-demonstration-near__layout-a,v32_closed,cabinet,full_trajectory_replay,41,689,18,aa0ba50ca5b7f2632e0e1a5e2bb54df31c7b6cda867839b03bdd0567c6411689,True,False,True,False,False,91.0,,1062,1.995610113518071
stagea__drawer-closed__possession-grasped__locus-cabinet-side__support-demonstration-near__layout-a,v32_closed,cabinet,full_trajectory_replay,42,402,18,8d680111f934c94908dcb0f1528eef18063eb08cd7ed0c0a56e84debd7464d8c,False,False,False,False,False,,,1080,2.1225816772764325
stagea__drawer-closed__possession-grasped__locus-cabinet-side__support-demonstration-near__layout-a,v32_closed,cabinet,full_trajectory_replay,43,731,18,5be6d721a6fca1ef425074e8042fb05a80633e90f73f84091fca7a570ba71c84,False,False,False,False,False,,,1082,2.0487421650977966
stagea__drawer-closed__possession-grasped__locus-cabinet-side__support-demonstration-near__layout-a,v32_closed,cabinet,full_trajectory_replay,44,601,18,356b2a75f9d362a1cfb0d6e3fdb65c08269c619643db134c6cedc24fe14feff4,True,False,True,False,False,106.0,,1077,1.9369360801277478
stagea__drawer-closed__possession-grasped__locus-cabinet-side__support-demonstration-near__layout-a,v32_closed,cabinet,full_trajectory_replay,45,706,18,239ae28404bef990e918f40b44f2aa59e45059ea0befe4a202d06f573aa4c5fd,False,False,False,False,False,,,1093,2.1526323341997253
stagea__drawer-closed__possession-grasped__locus-cabinet-side__support-demonstration-near__layout-a,v32_closed,drawer,full_trajectory_replay,0,576,12,c4dc33e0754f25efdaa87c75195a9e18ba603fd17aa500a5ab8751927234e465,False,False,False,False,False,,,1140,2.419094739647643
stagea__drawer-closed__possession-grasped__locus-cabinet-side__support-demonstration-near__layout-a,v32_closed,drawer,full_trajectory_replay,1,694,12,e4d0e6805b6a960d0454858721550b66c578ada98014d5f852301b7bccee4c6e,True,True,True,False,False,162.0,,1133,2.4408868971389435
stagea__drawer-closed__possession-grasped__locus-cabinet-side__support-demonstration-near__layout-a,v32_closed,drawer,full_trajectory_replay,2,614,12,e61d01ded7ab086478e718b79d5a82f3b03ba2f66dca79962533600239750733,False,False,False,False,False,,,1146,2.5247001392830906
stagea__drawer-closed__possession-grasped__locus-cabinet-side__support-demonstration-near__layout-a,v32_closed,drawer,full_trajectory_replay,3,382,12,f26c8e95841a34fdf898d203d26239d6a90e1c07c81f581944655edeb4f60915,True,False,True,False,False,165.0,,1136,2.373054227879925
stagea__drawer-closed__possession-grasped__locus-cabinet-side__support-demonstration-near__layout-a,v32_closed,drawer,full_trajectory_replay,4,526,12,8ebeecff1ddaa357856da5ef867f3055f43a1fe01692dd469542c151b39ea3fc,False,False,False,False,False,,,1148,2.4755050004887993
stagea__drawer-closed__possession-grasped__locus-cabinet-side__support-demonstration-near__layout-a,v32_closed,drawer,full_trajectory_replay,5,594,12,d5c8812af2a306355bb71a52c35164f93ef95ab0ec2a57638db05edb030de728,False,False,False,False,False,,,1148,2.530169352272944
stagea__drawer-closed__possession-grasped__locus-cabinet-side__support-demonstration-near__layout-a,v32_closed,drawer,full_trajectory_replay,6,559,12,6338c79a0fb6aadb247d383c82552982be98a0fe67a07210aa6cdbb957870a0e,False,False,False,False,False,,,1152,2.376955241488252
stagea__drawer-closed__possession-grasped__locus-cabinet-side__support-demonstration-near__layout-a,v32_closed,drawer,full_trajectory_replay,7,624,12,adb56e3ec63a390538504dce7dbcfce5bc5f780cf2a323a68559c4952810dca4,False,False,False,False,False,,,1153,2.545694837745555
stagea__drawer-closed__possession-grasped__locus-cabinet-side__support-demonstration-near__layout-a,v32_closed,drawer,full_trajectory_replay,8,560,12,257886fa56c8ca594b7a52c9ba5c2ece42a4910673fe22140ee0be23dedc7fed,True,False,True,False,False,173.0,,1144,2.4768845235751176
stagea__drawer-closed__possession-grasped__locus-cabinet-side__support-demonstration-near__layout-a,v32_closed,drawer,full_trajectory_replay,9,627,12,54c3e36183cf5ef2a823d528e9503368965fc007ae422f9ac129decd6be47724,False,False,False,False,False,,,1154,2.6489033125763015
stagea__drawer-closed__possession-grasped__locus-cabinet-side__support-demonstration-near__layout-a,v32_closed,drawer,full_trajectory_replay,10,684,12,4b41c4e5e61e059c2e83642794a66dcb58b90e9370db1b39755f83c021da75d2,False,False,False,False,False,,,1154,2.528139639831496
stagea__drawer-closed__possession-grasped__locus-cabinet-side__support-demonstration-near__layout-a,v32_closed,drawer,full_trajectory_replay,11,409,12,e8aa2651d0fba6006bbd1ce8844606d4c1e24568d5b42dae3098ea158f05f04f,False,False,False,False,False,,,1155,2.163989108613527
stagea__drawer-closed__possession-grasped__locus-cabinet-side__support-demonstration-near__layout-a,v32_closed,drawer,full_trajectory_replay,12,548,12,8039f55efc1d3b2afff01d9544afe9a27c13a9fde71ed489cc1888b03d05d72d,False,False,False,False,False,,,1156,2.472508139724934
stagea__drawer-closed__possession-grasped__locus-cabinet-side__support-demonstration-near__layout-a,v32_closed,drawer,full_trajectory_replay,13,742,12,db2e8c6a4ceb523133f51e21d0d31a8320ab88d1c0c7c0b124435499ea21a230,False,False,False,False,False,,,1157,2.652815612111988
stagea__drawer-closed__possession-grasped__locus-cabinet-side__support-demonstration-near__layout-a,v32_closed,drawer,full_trajectory_replay,14,790,12,92034ebae21e287f92cdafcaaf1c4cc9ca7d732c105e28653f41c814086a107c,False,False,False,False,False,,,1157,2.5003200400757466
stagea__drawer-closed__possession-grasped__locus-cabinet-side__support-demonstration-near__layout-a,v32_closed,drawer,full_trajectory_replay,15,534,12,47ec06d84d5536c7bc2c903e0f4bc40c38674a2cc7e48d22e791a529d149c23f,False,False,False,False,False,,,1158,2.4866786215439305
stagea__drawer-closed__possession-grasped__locus-cabinet-side__support-demonstration-near__layout-a,v32_closed,drawer,full_trajectory_replay,16,498,12,f6ffd6f59a512dc3d6da39d1c991a246f1f6c4fda28c9c6951d1ead81b79d73e,False,False,False,False,False,,,1160,2.4830890641601373
stagea__drawer-closed__possession-grasped__locus-cabinet-side__support-demonstration-near__layout-a,v32_closed,drawer,full_trajectory_replay,17,737,12,24d53009f0c5a3917d02b3366eb875314813a60de3081d1bf69f19e04fcfd2ec,True,False,True,False,False,180.0,,1151,2.4765623954854297
stagea__drawer-closed__possession-grasped__locus-cabinet-side__support-demonstration-near__layout-a,v32_closed,drawer,full_trajectory_replay,18,489,12,548f110a2e4050299ae8b3a610c9806b51995a65b74f8a79b83dece3b9636a3f,True,False,True,False,False,183.0,,1154,2.60503658798657
stagea__drawer-closed__possession-grasped__locus-cabinet-side__support-demonstration-near__layout-a,v32_closed,drawer,full_trajectory_replay,19,784,12,d61fad8212342e13bc37c975339f3effa6841a3166deace8fa063482deeb95c4,True,False,True,False,False,184.0,,1155,2.532716526677581
stagea__drawer-closed__possession-grasped__locus-cabinet-side__support-demonstration-near__layout-a,v32_closed,drawer,full_trajectory_replay,20,701,12,4b63123279f4f228439254b39a178ae1dc4773dc6dc6d53eb6d453f24e40eda3,True,False,True,False,False,186.0,,1157,2.5655494568014117
stagea__drawer-closed__possession-grasped__locus-cabinet-side__support-demonstration-near__layout-a,v32_closed,drawer,full_trajectory_replay,21,416,12,41b4ab3c6eab78d6c7d147d6b7319f520c6dafa8eee44a2166e002b28cb2fdfd,False,False,False,False,False,,,1169,2.5803022497615586
stagea__drawer-closed__possession-grasped__locus-cabinet-side__support-demonstration-near__layout-a,v32_closed,drawer,full_trajectory_replay,22,462,12,40dafe57a26443dcd16aaaca097715e50661a8f0bc112c64947bc2ee28c75703,False,False,False,False,False,,,1169,2.549994820984965
stagea__drawer-closed__possession-grasped__locus-cabinet-side__support-demonstration-near__layout-a,v32_closed,drawer,full_trajectory_replay,23,494,12,93f39f1498437ddba0efc6eb059cd2b642ab544fab2f3336525878a4763097d4,True,False,True,False,False,189.0,,1160,2.5587752317925365
stagea__drawer-closed__possession-grasped__locus-cabinet-side__support-demonstration-near__layout-a,v32_closed,drawer,full_trajectory_replay,24,414,12,9ec592154057d5c791bd6ea65380646ea92cd0d23d38116bae61bcd4d9af6daa,True,False,True,False,False,184.0,,1155,2.531560399502302
stagea__drawer-closed__possession-grasped__locus-cabinet-side__support-demonstration-near__layout-a,v32_closed,drawer,full_trajectory_replay,25,523,12,eff93d2d3123718e86e9f1b41fb58d6a377fbec3687a6300f32204f553b41906,True,False,True,False,False,193.0,,1164,2.5968349507858415
stagea__drawer-closed__possession-grasped__locus-cabinet-side__support-demonstration-near__layout-a,v32_closed,drawer,full_trajectory_replay,26,762,12,5a6ad00de32247a9c04c1b1ae331ac99f700b26de0552cc1171848d4a8682ec3,False,False,False,False,False,,,1172,2.6032315199570295
stagea__drawer-closed__possession-grasped__locus-cabinet-side__support-demonstration-near__layout-a,v32_closed,drawer,full_trajectory_replay,27,758,12,908f23fecbfd35ae5c9dcbedd3858d03ec11dd138bb2dab0f43ee0d4574695b4,False,False,False,False,False,,,1179,2.6895492901724114
stagea__drawer-closed__possession-grasped__locus-cabinet-side__support-demonstration-near__layout-a,v32_closed,drawer,full_trajectory_replay,28,782,12,de7cef4f6a636948f4190f834219967d71ea3e72fe0b4f836e50e047f5d757f3,False,False,False,True,False,,,1185,2.4592805654171594
stagea__drawer-closed__possession-grasped__locus-cabinet-side__support-demonstration-near__layout-a,v32_closed,drawer,full_trajectory_replay,29,383,12,f598f486a32782cc98bfad505745987af2a8f37f2e9c4aa94b4ec2f8b9fa8ae4,False,False,False,False,False,,,1188,2.605435141907891
stagea__drawer-closed__possession-grasped__locus-cabinet-side__support-demonstration-near__layout-a,v32_closed,drawer,full_trajectory_replay,30,738,12,8eabf11d95595bb7c52a4944a62cc03da44e1f462b7ad8a09519f9c8d10286aa,True,False,True,False,False,206.0,,1177,2.667475994237096
stagea__drawer-closed__possession-grasped__locus-cabinet-side__support-demonstration-near__layout-a,v32_closed,drawer,full_trajectory_replay,31,538,12,08ad1772331225b10cf37ff13b272f62c36cb63525e1e766a49b9b0fcb1a42c6,False,False,False,False,False,,,1191,2.780280675363555
stagea__drawer-closed__possession-grasped__locus-cabinet-side__support-demonstration-near__layout-a,v32_closed,drawer,full_trajectory_replay,32,465,12,e0429b5fe21a733c15e4703fae6c590da9aaff3e0b059bfd634952b78272b52f,False,False,False,False,False,,,1197,2.6595918037166775
stagea__drawer-closed__possession-grasped__locus-cabinet-side__support-demonstration-near__layout-a,v32_closed,drawer,full_trajectory_replay,33,449,12,f20bb3de976403a90113d79607775b68c63181b9aaba242dc0f356def02dad3e,False,False,False,False,False,,,1219,3.2014181632197394
stagea__drawer-closed__possession-grasped__locus-cabinet-side__support-demonstration-near__layout-a,v32_closed,drawer,full_trajectory_replay,34,711,12,5fbc8383f1842247c97b8be8ec4cb5a910eaea56fe8ac6bc4025f658f74279c2,False,False,False,False,False,,,1221,2.7466947738502547
stagea__drawer-closed__possession-grasped__locus-cabinet-side__support-demonstration-near__layout-a,v32_closed,drawer,full_trajectory_replay,35,387,12,a6b95196dd651f801df5eb0aaac15cabaa4501ebba68b07e61bc42d336c598b2,False,False,False,False,False,,,1240,2.9324928464028868
stagea__drawer-closed__possession-grasped__locus-cabinet-side__support-demonstration-near__layout-b,v32_closed,cabinet,full_trajectory_replay,0,438,18,fc624695eb2d39b20e511c8ac6df4923b6bff3cff56ff389622f45310e9278c2,False,False,False,False,False,,,1056,1.9025881890917231
stagea__drawer-closed__possession-grasped__locus-cabinet-side__support-demonstration-near__layout-b,v32_closed,cabinet,full_trajectory_replay,1,712,18,9af535ed5943f0efe94c6e6136614fdd45017940a69a8267687e68416905a9d8,True,False,True,False,False,78.0,,1049,1.9085839837461256
stagea__drawer-closed__possession-grasped__locus-cabinet-side__support-demonstration-near__layout-b,v32_closed,cabinet,full_trajectory_replay,2,669,18,bb63603def241e17b02c89c5513d1ef93cf75f47c260b5b139f120acf22c26f8,False,False,False,False,False,,,1058,1.8718928081177588
stagea__drawer-closed__possession-grasped__locus-cabinet-side__support-demonstration-near__layout-b,v32_closed,cabinet,full_trajectory_replay,3,590,18,0348abe806a47069551301e2e86e25fcca5b8db8fd3f5b128630180e19057a9c,True,False,True,False,False,77.0,,1048,1.8962141206871646
stagea__drawer-closed__possession-grasped__locus-cabinet-side__support-demonstration-near__layout-b,v32_closed,cabinet,full_trajectory_replay,4,597,18,3bd590038acfecf91321ca683267c834fb8ebbd4f559e5fd8f89bf1dda561e9f,True,False,True,False,False,78.0,,1049,1.868008863235381
stagea__drawer-closed__possession-grasped__locus-cabinet-side__support-demonstration-near__layout-b,v32_closed,cabinet,full_trajectory_replay,5,660,18,082d8ee4933e7774b752cd6fbf2ea76a20ff927bf4afa8bd09b7ddc47aefba34,True,False,True,False,False,78.0,,1049,1.8889298779827084
stagea__drawer-closed__possession-grasped__locus-cabinet-side__support-demonstration-near__layout-b,v32_closed,cabinet,full_trajectory_replay,6,458,18,4d4a24b15ada9177614865d055b4dccd354dd4ce8dac9eb391c68984fc50691e,True,False,True,False,False,79.0,,1050,1.9022145707879652
stagea__drawer-closed__possession-grasped__locus-cabinet-side__support-demonstration-near__layout-b,v32_closed,cabinet,full_trajectory_replay,7,573,18,2e42787c67b5b157b79e3c3b2980a13563d41b4cbf69a9279c710d30a6292e92,True,False,True,False,False,76.0,,1047,1.885665764871057
stagea__drawer-closed__possession-grasped__locus-cabinet-side__support-demonstration-near__layout-b,v32_closed,cabinet,full_trajectory_replay,8,681,18,32bf1db8cfb866d929b97eaf4f6ad55599246fef24edf68fea15ede3b5cf005e,True,False,True,False,False,74.0,,1045,1.810474879628476
stagea__drawer-closed__possession-grasped__locus-cabinet-side__support-demonstration-near__layout-b,v32_closed,cabinet,full_trajectory_replay,9,452,18,016fe7cdd6622e9f77775f108f3cb4e4f836ec330ac07003f39fb7e5dbd594d5,True,False,True,False,False,81.0,,1052,1.950374786672164
stagea__drawer-closed__possession-grasped__locus-cabinet-side__support-demonstration-near__layout-b,v32_closed,cabinet,full_trajectory_replay,10,775,18,b7e8758503c46c2273a688c9d98a5cbf14447ba59301bb326ca3a9078d7ea079,False,False,False,False,False,,,1063,1.9644937205190616
stagea__drawer-closed__possession-grasped__locus-cabinet-side__support-demonstration-near__layout-b,v32_closed,cabinet,full_trajectory_replay,11,665,18,a4a985f59f32ec185896dca87996aa455a720e318f579d3c58b2a88d391ef2bd,True,False,True,False,False,77.0,,1048,1.8831791195723346
stagea__drawer-closed__possession-grasped__locus-cabinet-side__support-demonstration-near__layout-b,v32_closed,cabinet,full_trajectory_replay,12,444,18,4d00108fccbba095038c80424e863deb2221dea2d50d4f2c5a3442f48d6466a2,True,False,True,False,False,84.0,,1055,1.935222442123079
stagea__drawer-closed__possession-grasped__locus-cabinet-side__support-demonstration-near__layout-b,v32_closed,cabinet,full_trajectory_replay,13,501,18,033327dbdb43b4bfddc6ed286bf6f8e8a6112ffe991905c700c75ec0676b386c,False,False,False,False,False,,,1066,1.9296956443678792
stagea__drawer-closed__possession-grasped__locus-cabinet-side__support-demonstration-near__layout-b,v32_closed,cabinet,full_trajectory_replay,14,638,18,a8d81987e6f0f385619548c3982d9078c5c54a76d95ade16b8a982ad08234932,True,False,True,False,False,76.0,,1047,1.8754405056078565
stagea__drawer-closed__possession-grasped__locus-cabinet-side__support-demonstration-near__layout-b,v32_closed,cabinet,full_trajectory_replay,15,674,18,9b9937400a6e113f3901f66bf04dbac00fcbef6b9d999843ef0c651c1d76ce93,False,False,False,False,False,,,1066,1.953823255981365
stagea__drawer-closed__possession-grasped__locus-cabinet-side__support-demonstration-near__layout-b,v32_closed,cabinet,full_trajectory_replay,16,493,18,6cd7e138d3e7108f26e5396426d285829d7a3044a5068557110ad529c60f88fb,True,False,True,False,False,78.0,,1049,1.9035512941212116
stagea__drawer-closed__possession-grasped__locus-cabinet-side__support-demonstration-near__layout-b,v32_closed,cabinet,full_trajectory_replay,17,636,18,0a4fa289713d5467f4f401adaef6d834685933041fe590343f19ee059e605170,True,False,True,False,False,83.0,,1054,1.9323240229596004
stagea__drawer-closed__possession-grasped__locus-cabinet-side__support-demonstration-near__layout-b,v32_closed,cabinet,full_trajectory_replay,18,699,18,9504ca4f990d01cd111eed0f44cf9f286704e69d2bef21680ad53de5b6c6e501,False,False,False,False,False,,,1067,2.047881206111339
stagea__drawer-closed__possession-grasped__locus-cabinet-side__support-demonstration-near__layout-b,v32_closed,cabinet,full_trajectory_replay,19,456,18,fe869cc76141d5cbf6d64ee2c3c80a872e3f32bfcb5763bfe38221d3c6f8774f,True,False,True,False,False,87.0,,1058,1.9765791986154122
stagea__drawer-closed__possession-grasped__locus-cabinet-side__support-demonstration-near__layout-b,v32_closed,cabinet,full_trajectory_replay,20,570,18,c2d4c5bdce9483b0609598e4bd984122284c5eef5a4d26eac9681c616139a807,True,False,True,False,False,86.0,,1057,1.9634856944815873
stagea__drawer-closed__possession-grasped__locus-cabinet-side__support-demonstration-near__layout-b,v32_closed,cabinet,full_trajectory_replay,21,662,18,9b8d4f7149a62a256faa3e7ea0e5c2f3125d95bea41d4c479b86904e2d505dcf,True,False,True,False,False,85.0,,1056,1.910702380419118
stagea__drawer-closed__possession-grasped__locus-cabinet-side__support-demonstration-near__layout-b,v32_closed,cabinet,full_trajectory_replay,22,732,18,c3b4ba9df80cca1c1bc20693376c230d3bc01ba9f981bb21aff3d94f5df62a66,True,False,True,False,False,78.0,,1049,1.908438365942601
stagea__drawer-closed__possession-grasped__locus-cabinet-side__support-demonstration-near__layout-b,v32_closed,cabinet,full_trajectory_replay,23,505,18,69ffa114adff6ac44594f47b51bd23b379470a0da01eb7ed63f3d8a0d4c8775a,True,False,True,False,False,84.0,,1055,1.8922838793318673
stagea__drawer-closed__possession-grasped__locus-cabinet-side__support-demonstration-near__layout-b,v32_closed,cabinet,full_trajectory_replay,24,630,18,d47820b50d009ef5f221017fa25bcb7f75e7cde874bf13cd4a5f40b7d49fe74f,False,False,False,False,False,,,1069,1.9299668692414615
stagea__drawer-closed__possession-grasped__locus-cabinet-side__support-demonstration-near__layout-b,v32_closed,cabinet,full_trajectory_replay,25,743,18,1df868b0e126de6c747a3392f2ae0135f2089140e79694115da746d261455e76,True,False,True,False,False,89.0,,1060,1.923107525100491
stagea__drawer-closed__possession-grasped__locus-cabinet-side__support-demonstration-near__layout-b,v32_closed,cabinet,full_trajectory_replay,26,398,18,dddc06067bf84b0019a1cf050048e588df918f7768911fa406ce110da9ad4689,False,False,False,False,False,,,1070,2.013551038868208
stagea__drawer-closed__possession-grasped__locus-cabinet-side__support-demonstration-near__layout-b,v32_closed,cabinet,full_trajectory_replay,27,446,18,171014841f360ccb7f224b68357849b87ebcfb38ea27c23f8309cdfd830c7760,True,False,True,False,False,88.0,,1059,1.9358392595832798
stagea__drawer-closed__possession-grasped__locus-cabinet-side__support-demonstration-near__layout-b,v32_closed,cabinet,full_trajectory_replay,28,724,18,8bbb07bf3048a11cd3879887766413ad6a041eb78ef54667a0528d0ab13f7c0c,False,False,False,False,False,,,1071,2.0295617784553617
stagea__drawer-closed__possession-grasped__locus-cabinet-side__support-demonstration-near__layout-b,v32_closed,cabinet,full_trajectory_replay,29,521,18,f404e35757cca7351a7956c0091493689bcae213ebc3f600ad9ca7ec35cc19d8,True,False,True,False,False,84.0,,1055,1.9677142655957658
stagea__drawer-closed__possession-grasped__locus-cabinet-side__support-demonstration-near__layout-b,v32_closed,cabinet,full_trajectory_replay,30,791,18,ab8bc2c0ead1910b94bd3b22c327af072be2575c2b190a011406f4f7286f5de9,True,True,True,False,False,73.0,,1044,1.8377996551092637
stagea__drawer-closed__possession-grasped__locus-cabinet-side__support-demonstration-near__layout-b,v32_closed,cabinet,full_trajectory_replay,31,474,18,5d93ae0bbe8618d7ad32e89a85261166b35dec3bcaa972751dddbaae8f07150c,True,False,True,False,False,83.0,,1054,1.9300486106807933
stagea__drawer-closed__possession-grasped__locus-cabinet-side__support-demonstration-near__layout-b,v32_closed,cabinet,full_trajectory_replay,32,514,18,f0570adf2e2cdf55ef01180c8cf15f14c96b33219a8bdcfb110accc19eb31f44,True,False,True,False,False,89.0,,1060,2.0206572134368894
stagea__drawer-closed__possession-grasped__locus-cabinet-side__support-demonstration-near__layout-b,v32_closed,cabinet,full_trajectory_replay,33,793,18,321fba85a693c5b82c8fc5d19d784724998b7ca98e765b826b728c3015762066,True,False,True,False,False,87.0,,1058,1.9407342636155387
stagea__drawer-closed__possession-grasped__locus-cabinet-side__support-demonstration-near__layout-b,v32_closed,cabinet,full_trajectory_replay,34,608,18,51b3f339ae2711ec2dee1dcd740cd2c0f3834f5ec75aa5be171a8aabfa384705,True,False,True,False,False,92.0,,1063,1.9724065399012694
stagea__drawer-closed__possession-grasped__locus-cabinet-side__support-demonstration-near__layout-b,v32_closed,cabinet,full_trajectory_replay,35,696,18,27ac40ae5b0142c7d2dd195b068a73088bc3ab3ec1564e44ffca7f7e715939b7,True,False,True,False,False,86.0,,1057,2.001912010239524
stagea__drawer-closed__possession-grasped__locus-cabinet-side__support-demonstration-near__layout-b,v32_closed,cabinet,full_trajectory_replay,36,661,18,79a603a018e5f911a590ae269ad2060c3e7efd307ce515d5e88df99491a895e8,False,False,False,False,False,,,1075,2.0665419181784106
stagea__drawer-closed__possession-grasped__locus-cabinet-side__support-demonstration-near__layout-b,v32_closed,cabinet,full_trajectory_replay,37,745,18,aa1a3bff114b4b0887abbac25cd7b26200e2b2d232d51d48484012ca3ac3efce,True,False,True,False,False,93.0,,1064,2.018779577463561
stagea__drawer-closed__possession-grasped__locus-cabinet-side__support-demonstration-near__layout-b,v32_closed,cabinet,full_trajectory_replay,38,767,18,bbf383faef21636081e61ca9fa795f26d897115b2e20fe6c0265b2d8e57172af,True,False,True,False,False,92.0,,1063,1.9736648706167386
stagea__drawer-closed__possession-grasped__locus-cabinet-side__support-demonstration-near__layout-b,v32_closed,cabinet,full_trajectory_replay,39,702,18,3fb5394b81ace7223fa4dc390332e7caab954344c8941276b13b63b0de1c2138,True,False,True,False,False,94.0,,1065,2.0404116124141827
stagea__drawer-closed__possession-grasped__locus-cabinet-side__support-demonstration-near__layout-b,v32_closed,cabinet,full_trajectory_replay,40,794,18,dcf5210e4570b197e56bdf6a478e82d539aed8c6cdfe5c988d35706a308b1cca,True,False,True,False,False,94.0,,1065,2.0063355654459096
stagea__drawer-closed__possession-grasped__locus-cabinet-side__support-demonstration-near__layout-b,v32_closed,cabinet,full_trajectory_replay,41,689,18,aa0ba50ca5b7f2632e0e1a5e2bb54df31c7b6cda867839b03bdd0567c6411689,True,False,True,False,False,89.0,,1060,1.9922733127193641
stagea__drawer-closed__possession-grasped__locus-cabinet-side__support-demonstration-near__layout-b,v32_closed,cabinet,full_trajectory_replay,42,402,18,8d680111f934c94908dcb0f1528eef18063eb08cd7ed0c0a56e84debd7464d8c,True,False,True,False,False,90.0,,1061,2.0301479455172418
stagea__drawer-closed__possession-grasped__locus-cabinet-side__support-demonstration-near__layout-b,v32_closed,cabinet,full_trajectory_replay,43,731,18,5be6d721a6fca1ef425074e8042fb05a80633e90f73f84091fca7a570ba71c84,True,False,True,False,False,89.0,,1060,1.9756369489226642
stagea__drawer-closed__possession-grasped__locus-cabinet-side__support-demonstration-near__layout-b,v32_closed,cabinet,full_trajectory_replay,44,601,18,356b2a75f9d362a1cfb0d6e3fdb65c08269c619643db134c6cedc24fe14feff4,True,False,True,False,False,106.0,,1077,1.9442582330014133
stagea__drawer-closed__possession-grasped__locus-cabinet-side__support-demonstration-near__layout-b,v32_closed,cabinet,full_trajectory_replay,45,706,18,239ae28404bef990e918f40b44f2aa59e45059ea0befe4a202d06f573aa4c5fd,True,False,True,False,False,110.0,,1081,2.114971852129438
stagea__drawer-closed__possession-grasped__locus-cabinet-side__support-demonstration-near__layout-b,v32_closed,drawer,full_trajectory_replay,0,576,12,c4dc33e0754f25efdaa87c75195a9e18ba603fd17aa500a5ab8751927234e465,False,False,False,False,False,,,1140,2.3492759037576074
stagea__drawer-closed__possession-grasped__locus-cabinet-side__support-demonstration-near__layout-b,v32_closed,drawer,full_trajectory_replay,1,694,12,e4d0e6805b6a960d0454858721550b66c578ada98014d5f852301b7bccee4c6e,True,True,True,False,False,162.0,,1133,2.4423878499136586
stagea__drawer-closed__possession-grasped__locus-cabinet-side__support-demonstration-near__layout-b,v32_closed,drawer,full_trajectory_replay,2,614,12,e61d01ded7ab086478e718b79d5a82f3b03ba2f66dca79962533600239750733,True,False,True,False,False,165.0,,1136,2.5179322431343083
stagea__drawer-closed__possession-grasped__locus-cabinet-side__support-demonstration-near__layout-b,v32_closed,drawer,full_trajectory_replay,3,382,12,f26c8e95841a34fdf898d203d26239d6a90e1c07c81f581944655edeb4f60915,True,False,True,False,False,163.0,,1134,2.3732976050962256
stagea__drawer-closed__possession-grasped__locus-cabinet-side__support-demonstration-near__layout-b,v32_closed,drawer,full_trajectory_replay,4,526,12,8ebeecff1ddaa357856da5ef867f3055f43a1fe01692dd469542c151b39ea3fc,True,False,True,False,False,166.0,,1137,2.475642961530413
stagea__drawer-closed__possession-grasped__locus-cabinet-side__support-demonstration-near__layout-b,v32_closed,drawer,full_trajectory_replay,5,594,12,d5c8812af2a306355bb71a52c35164f93ef95ab0ec2a57638db05edb030de728,True,False,True,False,False,169.0,,1140,2.5541959207649754
stagea__drawer-closed__possession-grasped__locus-cabinet-side__support-demonstration-near__layout-b,v32_closed,drawer,full_trajectory_replay,6,559,12,6338c79a0fb6aadb247d383c82552982be98a0fe67a07210aa6cdbb957870a0e,True,False,True,False,False,170.0,,1141,2.4147621680891938
stagea__drawer-closed__possession-grasped__locus-cabinet-side__support-demonstration-near__layout-b,v32_closed,drawer,full_trajectory_replay,7,624,12,adb56e3ec63a390538504dce7dbcfce5bc5f780cf2a323a68559c4952810dca4,True,False,True,False,False,170.0,,1141,2.5910107247214205
stagea__drawer-closed__possession-grasped__locus-cabinet-side__support-demonstration-near__layout-b,v32_closed,drawer,full_trajectory_replay,8,560,12,257886fa56c8ca594b7a52c9ba5c2ece42a4910673fe22140ee0be23dedc7fed,True,False,True,False,False,173.0,,1144,2.4827609117525427
stagea__drawer-closed__possession-grasped__locus-cabinet-side__support-demonstration-near__layout-b,v32_closed,drawer,full_trajectory_replay,9,627,12,54c3e36183cf5ef2a823d528e9503368965fc007ae422f9ac129decd6be47724,True,False,True,False,False,173.0,,1144,2.609667852678089
stagea__drawer-closed__possession-grasped__locus-cabinet-side__support-demonstration-near__layout-b,v32_closed,drawer,full_trajectory_replay,10,684,12,4b41c4e5e61e059c2e83642794a66dcb58b90e9370db1b39755f83c021da75d2,True,False,True,False,False,179.0,,1150,2.5702863522837025
stagea__drawer-closed__possession-grasped__locus-cabinet-side__support-demonstration-near__layout-b,v32_closed,drawer,full_trajectory_replay,11,409,12,e8aa2651d0fba6006bbd1ce8844606d4c1e24568d5b42dae3098ea158f05f04f,False,False,False,False,False,,,1155,2.4300455756059223
stagea__drawer-closed__possession-grasped__locus-cabinet-side__support-demonstration-near__layout-b,v32_closed,drawer,full_trajectory_replay,12,548,12,8039f55efc1d3b2afff01d9544afe9a27c13a9fde71ed489cc1888b03d05d72d,True,False,True,False,False,173.0,,1144,2.472349006433487
stagea__drawer-closed__possession-grasped__locus-cabinet-side__support-demonstration-near__layout-b,v32_closed,drawer,full_trajectory_replay,13,742,12,db2e8c6a4ceb523133f51e21d0d31a8320ab88d1c0c7c0b124435499ea21a230,False,False,False,False,False,,,1157,2.659617803567211
stagea__drawer-closed__possession-grasped__locus-cabinet-side__support-demonstration-near__layout-b,v32_closed,drawer,full_trajectory_replay,14,790,12,92034ebae21e287f92cdafcaaf1c4cc9ca7d732c105e28653f41c814086a107c,True,False,True,False,False,175.0,,1146,2.5469136065180473
stagea__drawer-closed__possession-grasped__locus-cabinet-side__support-demonstration-near__layout-b,v32_closed,drawer,full_trajectory_replay,15,534,12,47ec06d84d5536c7bc2c903e0f4bc40c38674a2cc7e48d22e791a529d149c23f,False,False,False,False,False,,,1158,2.1865926765887993
stagea__drawer-closed__possession-grasped__locus-cabinet-side__support-demonstration-near__layout-b,v32_closed,drawer,full_trajectory_replay,16,498,12,f6ffd6f59a512dc3d6da39d1c991a246f1f6c4fda28c9c6951d1ead81b79d73e,False,False,False,False,False,,,1160,2.4970753989070005
stagea__drawer-closed__possession-grasped__locus-cabinet-side__support-demonstration-near__layout-b,v32_closed,drawer,full_trajectory_replay,17,737,12,24d53009f0c5a3917d02b3366eb875314813a60de3081d1bf69f19e04fcfd2ec,True,False,True,False,False,192.0,,1163,2.524532385416882
stagea__drawer-closed__possession-grasped__locus-cabinet-side__support-demonstration-near__layout-b,v32_closed,drawer,full_trajectory_replay,18,489,12,548f110a2e4050299ae8b3a610c9806b51995a65b74f8a79b83dece3b9636a3f,True,False,True,False,False,186.0,,1157,2.6277287924362023
stagea__drawer-closed__possession-grasped__locus-cabinet-side__support-demonstration-near__layout-b,v32_closed,drawer,full_trajectory_replay,19,784,12,d61fad8212342e13bc37c975339f3effa6841a3166deace8fa063482deeb95c4,True,False,True,False,False,184.0,,1155,2.5483875590194023
stagea__drawer-closed__possession-grasped__locus-cabinet-side__support-demonstration-near__layout-b,v32_closed,drawer,full_trajectory_replay,20,701,12,4b63123279f4f228439254b39a178ae1dc4773dc6dc6d53eb6d453f24e40eda3,True,False,True,False,False,186.0,,1157,2.574851329025993
stagea__drawer-closed__possession-grasped__locus-cabinet-side__support-demonstration-near__layout-b,v32_closed,drawer,full_trajectory_replay,21,416,12,41b4ab3c6eab78d6c7d147d6b7319f520c6dafa8eee44a2166e002b28cb2fdfd,False,False,False,False,False,,,1169,2.605324346618465
stagea__drawer-closed__possession-grasped__locus-cabinet-side__support-demonstration-near__layout-b,v32_closed,drawer,full_trajectory_replay,22,462,12,40dafe57a26443dcd16aaaca097715e50661a8f0bc112c64947bc2ee28c75703,True,False,True,False,False,188.0,,1159,2.5376671778116213
stagea__drawer-closed__possession-grasped__locus-cabinet-side__support-demonstration-near__layout-b,v32_closed,drawer,full_trajectory_replay,23,494,12,93f39f1498437ddba0efc6eb059cd2b642ab544fab2f3336525878a4763097d4,False,False,False,False,False,,,1169,2.605475321198737
stagea__drawer-closed__possession-grasped__locus-cabinet-side__support-demonstration-near__layout-b,v32_closed,drawer,full_trajectory_replay,24,414,12,9ec592154057d5c791bd6ea65380646ea92cd0d23d38116bae61bcd4d9af6daa,True,False,True,False,False,187.0,,1158,2.565620468031777
stagea__drawer-closed__possession-grasped__locus-cabinet-side__support-demonstration-near__layout-b,v32_closed,drawer,full_trajectory_replay,25,523,12,eff93d2d3123718e86e9f1b41fb58d6a377fbec3687a6300f32204f553b41906,True,False,True,False,False,193.0,,1164,2.604985335337108
stagea__drawer-closed__possession-grasped__locus-cabinet-side__support-demonstration-near__layout-b,v32_closed,drawer,full_trajectory_replay,26,762,12,5a6ad00de32247a9c04c1b1ae331ac99f700b26de0552cc1171848d4a8682ec3,False,False,False,False,False,,,1172,2.648452883909875
stagea__drawer-closed__possession-grasped__locus-cabinet-side__support-demonstration-near__layout-b,v32_closed,drawer,full_trajectory_replay,27,758,12,908f23fecbfd35ae5c9dcbedd3858d03ec11dd138bb2dab0f43ee0d4574695b4,True,False,True,False,False,198.0,,1169,2.65207353341203
stagea__drawer-closed__possession-grasped__locus-cabinet-side__support-demonstration-near__layout-b,v32_closed,drawer,full_trajectory_replay,28,782,12,de7cef4f6a636948f4190f834219967d71ea3e72fe0b4f836e50e047f5d757f3,False,False,False,False,False,,,1185,2.58761735419501
stagea__drawer-closed__possession-grasped__locus-cabinet-side__support-demonstration-near__layout-b,v32_closed,drawer,full_trajectory_replay,29,383,12,f598f486a32782cc98bfad505745987af2a8f37f2e9c4aa94b4ec2f8b9fa8ae4,True,False,True,False,False,206.0,,1177,2.6913199413673015
stagea__drawer-closed__possession-grasped__locus-cabinet-side__support-demonstration-near__layout-b,v32_closed,drawer,full_trajectory_replay,30,738,12,8eabf11d95595bb7c52a4944a62cc03da44e1f462b7ad8a09519f9c8d10286aa,True,False,True,False,False,210.0,,1181,2.6701526535413302
stagea__drawer-closed__possession-grasped__locus-cabinet-side__support-demonstration-near__layout-b,v32_closed,drawer,full_trajectory_replay,31,538,12,08ad1772331225b10cf37ff13b272f62c36cb63525e1e766a49b9b0fcb1a42c6,True,False,True,False,False,206.0,,1177,2.812214367069447
stagea__drawer-closed__possession-grasped__locus-cabinet-side__support-demonstration-near__layout-b,v32_closed,drawer,full_trajectory_replay,32,465,12,e0429b5fe21a733c15e4703fae6c590da9aaff3e0b059bfd634952b78272b52f,True,False,True,False,False,221.0,,1192,2.6571888506647525
stagea__drawer-closed__possession-grasped__locus-cabinet-side__support-demonstration-near__layout-b,v32_closed,drawer,full_trajectory_replay,33,449,12,f20bb3de976403a90113d79607775b68c63181b9aaba242dc0f356def02dad3e,True,False,True,False,False,235.0,,1206,3.1441946015689792
stagea__drawer-closed__possession-grasped__locus-cabinet-side__support-demonstration-near__layout-b,v32_closed,drawer,full_trajectory_replay,34,711,12,5fbc8383f1842247c97b8be8ec4cb5a910eaea56fe8ac6bc4025f658f74279c2,True,False,True,False,False,243.0,,1214,2.7299449562365243
stagea__drawer-closed__possession-grasped__locus-cabinet-side__support-demonstration-near__layout-b,v32_closed,drawer,full_trajectory_replay,35,387,12,a6b95196dd651f801df5eb0aaac15cabaa4501ebba68b07e61bc42d336c598b2,True,False,True,False,False,257.0,,1228,3.0100969716125823
stagea__drawer-closed__possession-grasped__locus-cabinet-side__support-transverse-low-support__layout-a,v32_closed,cabinet,full_trajectory_replay,0,438,18,fc624695eb2d39b20e511c8ac6df4923b6bff3cff56ff389622f45310e9278c2,True,True,True,False,False,72.0,,1043,1.8179298915144122
stagea__drawer-closed__possession-grasped__locus-cabinet-side__support-transverse-low-support__layout-a,v32_closed,cabinet,full_trajectory_replay,1,712,18,9af535ed5943f0efe94c6e6136614fdd45017940a69a8267687e68416905a9d8,False,False,False,False,False,,,1057,1.9150183427644667
stagea__drawer-closed__possession-grasped__locus-cabinet-side__support-transverse-low-support__layout-a,v32_closed,cabinet,full_trajectory_replay,2,669,18,bb63603def241e17b02c89c5513d1ef93cf75f47c260b5b139f120acf22c26f8,True,False,True,False,False,75.0,,1046,1.8047095591478723
stagea__drawer-closed__possession-grasped__locus-cabinet-side__support-transverse-low-support__layout-a,v32_closed,cabinet,full_trajectory_replay,3,590,18,0348abe806a47069551301e2e86e25fcca5b8db8fd3f5b128630180e19057a9c,False,False,False,False,False,,,1060,1.9098614664213422
stagea__drawer-closed__possession-grasped__locus-cabinet-side__support-transverse-low-support__layout-a,v32_closed,cabinet,full_trajectory_replay,4,597,18,3bd590038acfecf91321ca683267c834fb8ebbd4f559e5fd8f89bf1dda561e9f,False,False,False,False,False,,,1060,1.8772883870955845
stagea__drawer-closed__possession-grasped__locus-cabinet-side__support-transverse-low-support__layout-a,v32_closed,cabinet,full_trajectory_replay,5,660,18,082d8ee4933e7774b752cd6fbf2ea76a20ff927bf4afa8bd09b7ddc47aefba34,False,False,False,False,False,,,1060,1.8844365780608094
stagea__drawer-closed__possession-grasped__locus-cabinet-side__support-transverse-low-support__layout-a,v32_closed,cabinet,full_trajectory_replay,6,458,18,4d4a24b15ada9177614865d055b4dccd354dd4ce8dac9eb391c68984fc50691e,False,False,False,False,False,,,1061,1.908144955606006
stagea__drawer-closed__possession-grasped__locus-cabinet-side__support-transverse-low-support__layout-a,v32_closed,cabinet,full_trajectory_replay,7,573,18,2e42787c67b5b157b79e3c3b2980a13563d41b4cbf69a9279c710d30a6292e92,False,False,False,False,False,,,1061,1.9504418773178511
stagea__drawer-closed__possession-grasped__locus-cabinet-side__support-transverse-low-support__layout-a,v32_closed,cabinet,full_trajectory_replay,8,681,18,32bf1db8cfb866d929b97eaf4f6ad55599246fef24edf68fea15ede3b5cf005e,False,False,False,False,False,,,1061,1.88623101251308
stagea__drawer-closed__possession-grasped__locus-cabinet-side__support-transverse-low-support__layout-a,v32_closed,cabinet,full_trajectory_replay,9,452,18,016fe7cdd6622e9f77775f108f3cb4e4f836ec330ac07003f39fb7e5dbd594d5,False,False,False,False,False,,,1063,1.9621440842976368
stagea__drawer-closed__possession-grasped__locus-cabinet-side__support-transverse-low-support__layout-a,v32_closed,cabinet,full_trajectory_replay,10,775,18,b7e8758503c46c2273a688c9d98a5cbf14447ba59301bb326ca3a9078d7ea079,False,False,False,False,False,,,1063,1.8436788182806847
stagea__drawer-closed__possession-grasped__locus-cabinet-side__support-transverse-low-support__layout-a,v32_closed,cabinet,full_trajectory_replay,11,665,18,a4a985f59f32ec185896dca87996aa455a720e318f579d3c58b2a88d391ef2bd,False,False,False,False,False,,,1065,1.9442638239560166
stagea__drawer-closed__possession-grasped__locus-cabinet-side__support-transverse-low-support__layout-a,v32_closed,cabinet,full_trajectory_replay,12,444,18,4d00108fccbba095038c80424e863deb2221dea2d50d4f2c5a3442f48d6466a2,True,False,True,False,False,83.0,,1054,1.8988587588001067
stagea__drawer-closed__possession-grasped__locus-cabinet-side__support-transverse-low-support__layout-a,v32_closed,cabinet,full_trajectory_replay,13,501,18,033327dbdb43b4bfddc6ed286bf6f8e8a6112ffe991905c700c75ec0676b386c,False,False,False,False,False,,,1066,1.898988060306037
stagea__drawer-closed__possession-grasped__locus-cabinet-side__support-transverse-low-support__layout-a,v32_closed,cabinet,full_trajectory_replay,14,638,18,a8d81987e6f0f385619548c3982d9078c5c54a76d95ade16b8a982ad08234932,False,False,False,False,False,,,1066,1.9572978072138376
stagea__drawer-closed__possession-grasped__locus-cabinet-side__support-transverse-low-support__layout-a,v32_closed,cabinet,full_trajectory_replay,15,674,18,9b9937400a6e113f3901f66bf04dbac00fcbef6b9d999843ef0c651c1d76ce93,False,False,False,False,False,,,1066,1.934619593247553
stagea__drawer-closed__possession-grasped__locus-cabinet-side__support-transverse-low-support__layout-a,v32_closed,cabinet,full_trajectory_replay,16,493,18,6cd7e138d3e7108f26e5396426d285829d7a3044a5068557110ad529c60f88fb,False,False,False,False,False,,,1067,1.958517592745998
stagea__drawer-closed__possession-grasped__locus-cabinet-side__support-transverse-low-support__layout-a,v32_closed,cabinet,full_trajectory_replay,17,636,18,0a4fa289713d5467f4f401adaef6d834685933041fe590343f19ee059e605170,False,False,False,False,False,,,1067,1.9523334090041637
stagea__drawer-closed__possession-grasped__locus-cabinet-side__support-transverse-low-support__layout-a,v32_closed,cabinet,full_trajectory_replay,18,699,18,9504ca4f990d01cd111eed0f44cf9f286704e69d2bef21680ad53de5b6c6e501,True,False,True,False,False,79.0,,1050,1.950318899157136
stagea__drawer-closed__possession-grasped__locus-cabinet-side__support-transverse-low-support__layout-a,v32_closed,cabinet,full_trajectory_replay,19,456,18,fe869cc76141d5cbf6d64ee2c3c80a872e3f32bfcb5763bfe38221d3c6f8774f,False,False,False,False,False,,,1068,1.982262759795005
stagea__drawer-closed__possession-grasped__locus-cabinet-side__support-transverse-low-support__layout-a,v32_closed,cabinet,full_trajectory_replay,20,570,18,c2d4c5bdce9483b0609598e4bd984122284c5eef5a4d26eac9681c616139a807,False,False,False,False,False,,,1068,1.9756035550117752
stagea__drawer-closed__possession-grasped__locus-cabinet-side__support-transverse-low-support__layout-a,v32_closed,cabinet,full_trajectory_replay,21,662,18,9b8d4f7149a62a256faa3e7ea0e5c2f3125d95bea41d4c479b86904e2d505dcf,False,False,False,False,False,,,1068,1.89222969429402
stagea__drawer-closed__possession-grasped__locus-cabinet-side__support-transverse-low-support__layout-a,v32_closed,cabinet,full_trajectory_replay,22,732,18,c3b4ba9df80cca1c1bc20693376c230d3bc01ba9f981bb21aff3d94f5df62a66,False,False,False,False,False,,,1068,1.9849390318534512
stagea__drawer-closed__possession-grasped__locus-cabinet-side__support-transverse-low-support__layout-a,v32_closed,cabinet,full_trajectory_replay,23,505,18,69ffa114adff6ac44594f47b51bd23b379470a0da01eb7ed63f3d8a0d4c8775a,False,False,False,False,False,,,1069,1.9454549944874064
stagea__drawer-closed__possession-grasped__locus-cabinet-side__support-transverse-low-support__layout-a,v32_closed,cabinet,full_trajectory_replay,24,630,18,d47820b50d009ef5f221017fa25bcb7f75e7cde874bf13cd4a5f40b7d49fe74f,True,False,True,False,False,87.0,,1058,1.8918987569158698
stagea__drawer-closed__possession-grasped__locus-cabinet-side__support-transverse-low-support__layout-a,v32_closed,cabinet,full_trajectory_replay,25,743,18,1df868b0e126de6c747a3392f2ae0135f2089140e79694115da746d261455e76,False,False,False,False,False,,,1069,1.8737502417533278
stagea__drawer-closed__possession-grasped__locus-cabinet-side__support-transverse-low-support__layout-a,v32_closed,cabinet,full_trajectory_replay,26,398,18,dddc06067bf84b0019a1cf050048e588df918f7768911fa406ce110da9ad4689,False,False,False,False,False,,,1070,1.994866536758437
stagea__drawer-closed__possession-grasped__locus-cabinet-side__support-transverse-low-support__layout-a,v32_closed,cabinet,full_trajectory_replay,27,446,18,171014841f360ccb7f224b68357849b87ebcfb38ea27c23f8309cdfd830c7760,True,False,True,False,False,88.0,,1059,1.9063943893035278
stagea__drawer-closed__possession-grasped__locus-cabinet-side__support-transverse-low-support__layout-a,v32_closed,cabinet,full_trajectory_replay,28,724,18,8bbb07bf3048a11cd3879887766413ad6a041eb78ef54667a0528d0ab13f7c0c,False,False,False,False,False,,,1071,1.9954039806846828
stagea__drawer-closed__possession-grasped__locus-cabinet-side__support-transverse-low-support__layout-a,v32_closed,cabinet,full_trajectory_replay,29,521,18,f404e35757cca7351a7956c0091493689bcae213ebc3f600ad9ca7ec35cc19d8,False,False,False,False,False,,,1072,2.006247870315118
stagea__drawer-closed__possession-grasped__locus-cabinet-side__support-transverse-low-support__layout-a,v32_closed,cabinet,full_trajectory_replay,30,791,18,ab8bc2c0ead1910b94bd3b22c327af072be2575c2b190a011406f4f7286f5de9,False,False,False,False,False,,,1072,1.9400866147536469
stagea__drawer-closed__possession-grasped__locus-cabinet-side__support-transverse-low-support__layout-a,v32_closed,cabinet,full_trajectory_replay,31,474,18,5d93ae0bbe8618d7ad32e89a85261166b35dec3bcaa972751dddbaae8f07150c,True,False,True,False,False,84.0,,1055,1.9177766692754927
stagea__drawer-closed__possession-grasped__locus-cabinet-side__support-transverse-low-support__layout-a,v32_closed,cabinet,full_trajectory_replay,32,514,18,f0570adf2e2cdf55ef01180c8cf15f14c96b33219a8bdcfb110accc19eb31f44,True,False,True,False,False,89.0,,1060,1.9929123254339607
stagea__drawer-closed__possession-grasped__locus-cabinet-side__support-transverse-low-support__layout-a,v32_closed,cabinet,full_trajectory_replay,33,793,18,321fba85a693c5b82c8fc5d19d784724998b7ca98e765b826b728c3015762066,False,False,False,False,False,,,1073,1.9586961372944836
stagea__drawer-closed__possession-grasped__locus-cabinet-side__support-transverse-low-support__layout-a,v32_closed,cabinet,full_trajectory_replay,34,608,18,51b3f339ae2711ec2dee1dcd740cd2c0f3834f5ec75aa5be171a8aabfa384705,True,False,True,False,False,92.0,,1063,1.9499103808188236
stagea__drawer-closed__possession-grasped__locus-cabinet-side__support-transverse-low-support__layout-a,v32_closed,cabinet,full_trajectory_replay,35,696,18,27ac40ae5b0142c7d2dd195b068a73088bc3ab3ec1564e44ffca7f7e715939b7,True,False,True,False,False,87.0,,1058,1.9836271382464576
stagea__drawer-closed__possession-grasped__locus-cabinet-side__support-transverse-low-support__layout-a,v32_closed,cabinet,full_trajectory_replay,36,661,18,79a603a018e5f911a590ae269ad2060c3e7efd307ce515d5e88df99491a895e8,True,False,True,False,False,84.0,,1055,1.9467115085508921
stagea__drawer-closed__possession-grasped__locus-cabinet-side__support-transverse-low-support__layout-a,v32_closed,cabinet,full_trajectory_replay,37,745,18,aa1a3bff114b4b0887abbac25cd7b26200e2b2d232d51d48484012ca3ac3efce,True,False,True,False,False,93.0,,1064,1.998731744272563
stagea__drawer-closed__possession-grasped__locus-cabinet-side__support-transverse-low-support__layout-a,v32_closed,cabinet,full_trajectory_replay,38,767,18,bbf383faef21636081e61ca9fa795f26d897115b2e20fe6c0265b2d8e57172af,True,False,True,False,False,92.0,,1063,1.945973010072712
stagea__drawer-closed__possession-grasped__locus-cabinet-side__support-transverse-low-support__layout-a,v32_closed,cabinet,full_trajectory_replay,39,702,18,3fb5394b81ace7223fa4dc390332e7caab954344c8941276b13b63b0de1c2138,False,False,False,False,False,,,1076,2.0423219184224894
stagea__drawer-closed__possession-grasped__locus-cabinet-side__support-transverse-low-support__layout-a,v32_closed,cabinet,full_trajectory_replay,40,794,18,dcf5210e4570b197e56bdf6a478e82d539aed8c6cdfe5c988d35706a308b1cca,True,False,True,False,False,96.0,,1067,1.9696797331302967
stagea__drawer-closed__possession-grasped__locus-cabinet-side__support-transverse-low-support__layout-a,v32_closed,cabinet,full_trajectory_replay,41,689,18,aa0ba50ca5b7f2632e0e1a5e2bb54df31c7b6cda867839b03bdd0567c6411689,True,False,True,False,False,91.0,,1062,1.9808060472794575
stagea__drawer-closed__possession-grasped__locus-cabinet-side__support-transverse-low-support__layout-a,v32_closed,cabinet,full_trajectory_replay,42,402,18,8d680111f934c94908dcb0f1528eef18063eb08cd7ed0c0a56e84debd7464d8c,False,False,False,False,False,,,1080,2.107885935832874
stagea__drawer-closed__possession-grasped__locus-cabinet-side__support-transverse-low-support__layout-a,v32_closed,cabinet,full_trajectory_replay,43,731,18,5be6d721a6fca1ef425074e8042fb05a80633e90f73f84091fca7a570ba71c84,True,False,True,False,False,90.0,,1061,1.9442102167579114
stagea__drawer-closed__possession-grasped__locus-cabinet-side__support-transverse-low-support__layout-a,v32_closed,cabinet,full_trajectory_replay,44,601,18,356b2a75f9d362a1cfb0d6e3fdb65c08269c619643db134c6cedc24fe14feff4,True,False,True,False,False,107.0,,1078,1.934105119632359
stagea__drawer-closed__possession-grasped__locus-cabinet-side__support-transverse-low-support__layout-a,v32_closed,cabinet,full_trajectory_replay,45,706,18,239ae28404bef990e918f40b44f2aa59e45059ea0befe4a202d06f573aa4c5fd,True,False,True,False,False,110.0,,1081,2.049349916116738
stagea__drawer-closed__possession-grasped__locus-cabinet-side__support-transverse-low-support__layout-a,v32_closed,drawer,full_trajectory_replay,0,576,12,c4dc33e0754f25efdaa87c75195a9e18ba603fd17aa500a5ab8751927234e465,False,False,False,False,False,,,1140,2.399362080943494
stagea__drawer-closed__possession-grasped__locus-cabinet-side__support-transverse-low-support__layout-a,v32_closed,drawer,full_trajectory_replay,1,694,12,e4d0e6805b6a960d0454858721550b66c578ada98014d5f852301b7bccee4c6e,True,True,True,False,False,162.0,,1133,2.425666408968735
stagea__drawer-closed__possession-grasped__locus-cabinet-side__support-transverse-low-support__layout-a,v32_closed,drawer,full_trajectory_replay,2,614,12,e61d01ded7ab086478e718b79d5a82f3b03ba2f66dca79962533600239750733,False,False,False,False,False,,,1146,2.510352879428479
stagea__drawer-closed__possession-grasped__locus-cabinet-side__support-transverse-low-support__layout-a,v32_closed,drawer,full_trajectory_replay,3,382,12,f26c8e95841a34fdf898d203d26239d6a90e1c07c81f581944655edeb4f60915,True,False,True,False,False,165.0,,1136,2.3586221377677625
stagea__drawer-closed__possession-grasped__locus-cabinet-side__support-transverse-low-support__layout-a,v32_closed,drawer,full_trajectory_replay,4,526,12,8ebeecff1ddaa357856da5ef867f3055f43a1fe01692dd469542c151b39ea3fc,False,False,False,False,False,,,1148,2.46041814313328
stagea__drawer-closed__possession-grasped__locus-cabinet-side__support-transverse-low-support__layout-a,v32_closed,drawer,full_trajectory_replay,5,594,12,d5c8812af2a306355bb71a52c35164f93ef95ab0ec2a57638db05edb030de728,False,False,False,False,False,,,1148,2.519281659749651
stagea__drawer-closed__possession-grasped__locus-cabinet-side__support-transverse-low-support__layout-a,v32_closed,drawer,full_trajectory_replay,6,559,12,6338c79a0fb6aadb247d383c82552982be98a0fe67a07210aa6cdbb957870a0e,False,False,False,False,False,,,1152,2.363146547715985
stagea__drawer-closed__possession-grasped__locus-cabinet-side__support-transverse-low-support__layout-a,v32_closed,drawer,full_trajectory_replay,7,624,12,adb56e3ec63a390538504dce7dbcfce5bc5f780cf2a323a68559c4952810dca4,False,False,False,False,False,,,1153,2.531123264928271
stagea__drawer-closed__possession-grasped__locus-cabinet-side__support-transverse-low-support__layout-a,v32_closed,drawer,full_trajectory_replay,8,560,12,257886fa56c8ca594b7a52c9ba5c2ece42a4910673fe22140ee0be23dedc7fed,False,False,False,False,False,,,1154,2.4105857383845795
stagea__drawer-closed__possession-grasped__locus-cabinet-side__support-transverse-low-support__layout-a,v32_closed,drawer,full_trajectory_replay,9,627,12,54c3e36183cf5ef2a823d528e9503368965fc007ae422f9ac129decd6be47724,False,False,False,False,False,,,1154,2.6334487638508612
stagea__drawer-closed__possession-grasped__locus-cabinet-side__support-transverse-low-support__layout-a,v32_closed,drawer,full_trajectory_replay,10,684,12,4b41c4e5e61e059c2e83642794a66dcb58b90e9370db1b39755f83c021da75d2,False,False,False,False,False,,,1154,2.513285256416773
stagea__drawer-closed__possession-grasped__locus-cabinet-side__support-transverse-low-support__layout-a,v32_closed,drawer,full_trajectory_replay,11,409,12,e8aa2651d0fba6006bbd1ce8844606d4c1e24568d5b42dae3098ea158f05f04f,False,False,False,False,False,,,1155,2.151475124559208
stagea__drawer-closed__possession-grasped__locus-cabinet-side__support-transverse-low-support__layout-a,v32_closed,drawer,full_trajectory_replay,12,548,12,8039f55efc1d3b2afff01d9544afe9a27c13a9fde71ed489cc1888b03d05d72d,False,False,False,False,False,,,1156,2.4574326031580935
stagea__drawer-closed__possession-grasped__locus-cabinet-side__support-transverse-low-support__layout-a,v32_closed,drawer,full_trajectory_replay,13,742,12,db2e8c6a4ceb523133f51e21d0d31a8320ab88d1c0c7c0b124435499ea21a230,False,False,False,False,False,,,1157,2.664668137294239
stagea__drawer-closed__possession-grasped__locus-cabinet-side__support-transverse-low-support__layout-a,v32_closed,drawer,full_trajectory_replay,14,790,12,92034ebae21e287f92cdafcaaf1c4cc9ca7d732c105e28653f41c814086a107c,False,False,False,False,False,,,1157,2.4862361863679165
stagea__drawer-closed__possession-grasped__locus-cabinet-side__support-transverse-low-support__layout-a,v32_closed,drawer,full_trajectory_replay,15,534,12,47ec06d84d5536c7bc2c903e0f4bc40c38674a2cc7e48d22e791a529d149c23f,False,False,False,False,False,,,1158,2.471481735381845
stagea__drawer-closed__possession-grasped__locus-cabinet-side__support-transverse-low-support__layout-a,v32_closed,drawer,full_trajectory_replay,16,498,12,f6ffd6f59a512dc3d6da39d1c991a246f1f6c4fda28c9c6951d1ead81b79d73e,False,False,False,False,False,,,1160,2.4695506868304973
stagea__drawer-closed__possession-grasped__locus-cabinet-side__support-transverse-low-support__layout-a,v32_closed,drawer,full_trajectory_replay,17,737,12,24d53009f0c5a3917d02b3366eb875314813a60de3081d1bf69f19e04fcfd2ec,True,False,True,False,False,181.0,,1152,2.4688312254326545
stagea__drawer-closed__possession-grasped__locus-cabinet-side__support-transverse-low-support__layout-a,v32_closed,drawer,full_trajectory_replay,18,489,12,548f110a2e4050299ae8b3a610c9806b51995a65b74f8a79b83dece3b9636a3f,True,False,True,False,False,183.0,,1154,2.5902235368853255
stagea__drawer-closed__possession-grasped__locus-cabinet-side__support-transverse-low-support__layout-a,v32_closed,drawer,full_trajectory_replay,19,784,12,d61fad8212342e13bc37c975339f3effa6841a3166deace8fa063482deeb95c4,True,False,True,False,False,184.0,,1155,2.518129426173056
stagea__drawer-closed__possession-grasped__locus-cabinet-side__support-transverse-low-support__layout-a,v32_closed,drawer,full_trajectory_replay,20,701,12,4b63123279f4f228439254b39a178ae1dc4773dc6dc6d53eb6d453f24e40eda3,False,False,False,False,False,,,1168,2.582020111738065
stagea__drawer-closed__possession-grasped__locus-cabinet-side__support-transverse-low-support__layout-a,v32_closed,drawer,full_trajectory_replay,21,416,12,41b4ab3c6eab78d6c7d147d6b7319f520c6dafa8eee44a2166e002b28cb2fdfd,False,False,False,False,False,,,1169,2.566338114160337
stagea__drawer-closed__possession-grasped__locus-cabinet-side__support-transverse-low-support__layout-a,v32_closed,drawer,full_trajectory_replay,22,462,12,40dafe57a26443dcd16aaaca097715e50661a8f0bc112c64947bc2ee28c75703,True,False,True,False,False,187.0,,1158,2.5072839610016544
stagea__drawer-closed__possession-grasped__locus-cabinet-side__support-transverse-low-support__layout-a,v32_closed,drawer,full_trajectory_replay,23,494,12,93f39f1498437ddba0efc6eb059cd2b642ab544fab2f3336525878a4763097d4,True,False,True,False,False,189.0,,1160,2.544293578550379
stagea__drawer-closed__possession-grasped__locus-cabinet-side__support-transverse-low-support__layout-a,v32_closed,drawer,full_trajectory_replay,24,414,12,9ec592154057d5c791bd6ea65380646ea92cd0d23d38116bae61bcd4d9af6daa,False,False,False,False,False,,,1172,2.5861178818787214
stagea__drawer-closed__possession-grasped__locus-cabinet-side__support-transverse-low-support__layout-a,v32_closed,drawer,full_trajectory_replay,25,523,12,eff93d2d3123718e86e9f1b41fb58d6a377fbec3687a6300f32204f553b41906,True,False,True,False,False,193.0,,1164,2.5818896186301865
stagea__drawer-closed__possession-grasped__locus-cabinet-side__support-transverse-low-support__layout-a,v32_closed,drawer,full_trajectory_replay,26,762,12,5a6ad00de32247a9c04c1b1ae331ac99f700b26de0552cc1171848d4a8682ec3,False,False,False,False,False,,,1172,2.588333040316841
stagea__drawer-closed__possession-grasped__locus-cabinet-side__support-transverse-low-support__layout-a,v32_closed,drawer,full_trajectory_replay,27,758,12,908f23fecbfd35ae5c9dcbedd3858d03ec11dd138bb2dab0f43ee0d4574695b4,False,False,False,False,False,,,1179,2.674040217296117
stagea__drawer-closed__possession-grasped__locus-cabinet-side__support-transverse-low-support__layout-a,v32_closed,drawer,full_trajectory_replay,28,782,12,de7cef4f6a636948f4190f834219967d71ea3e72fe0b4f836e50e047f5d757f3,False,False,False,True,False,,,1185,2.458917129984247
stagea__drawer-closed__possession-grasped__locus-cabinet-side__support-transverse-low-support__layout-a,v32_closed,drawer,full_trajectory_replay,29,383,12,f598f486a32782cc98bfad505745987af2a8f37f2e9c4aa94b4ec2f8b9fa8ae4,False,False,False,False,False,,,1188,2.5890933543478307
stagea__drawer-closed__possession-grasped__locus-cabinet-side__support-transverse-low-support__layout-a,v32_closed,drawer,full_trajectory_replay,30,738,12,8eabf11d95595bb7c52a4944a62cc03da44e1f462b7ad8a09519f9c8d10286aa,True,False,True,False,False,206.0,,1177,2.652734826941266
stagea__drawer-closed__possession-grasped__locus-cabinet-side__support-transverse-low-support__layout-a,v32_closed,drawer,full_trajectory_replay,31,538,12,08ad1772331225b10cf37ff13b272f62c36cb63525e1e766a49b9b0fcb1a42c6,False,False,False,False,False,,,1191,2.7655809090045715
stagea__drawer-closed__possession-grasped__locus-cabinet-side__support-transverse-low-support__layout-a,v32_closed,drawer,full_trajectory_replay,32,465,12,e0429b5fe21a733c15e4703fae6c590da9aaff3e0b059bfd634952b78272b52f,False,False,False,False,False,,,1197,2.6446055811670033
stagea__drawer-closed__possession-grasped__locus-cabinet-side__support-transverse-low-support__layout-a,v32_closed,drawer,full_trajectory_replay,33,449,12,f20bb3de976403a90113d79607775b68c63181b9aaba242dc0f356def02dad3e,False,False,False,False,False,,,1219,3.183790090814066
stagea__drawer-closed__possession-grasped__locus-cabinet-side__support-transverse-low-support__layout-a,v32_closed,drawer,full_trajectory_replay,34,711,12,5fbc8383f1842247c97b8be8ec4cb5a910eaea56fe8ac6bc4025f658f74279c2,False,False,False,False,False,,,1221,2.7280190737346137
stagea__drawer-closed__possession-grasped__locus-cabinet-side__support-transverse-low-support__layout-a,v32_closed,drawer,full_trajectory_replay,35,387,12,a6b95196dd651f801df5eb0aaac15cabaa4501ebba68b07e61bc42d336c598b2,False,False,False,False,False,,,1240,2.9181073420934363
stagea__drawer-closed__possession-grasped__locus-cabinet-side__support-transverse-low-support__layout-b,v32_closed,cabinet,full_trajectory_replay,0,438,18,fc624695eb2d39b20e511c8ac6df4923b6bff3cff56ff389622f45310e9278c2,False,False,False,False,False,,,1056,1.8895661135062825
stagea__drawer-closed__possession-grasped__locus-cabinet-side__support-transverse-low-support__layout-b,v32_closed,cabinet,full_trajectory_replay,1,712,18,9af535ed5943f0efe94c6e6136614fdd45017940a69a8267687e68416905a9d8,True,False,True,False,False,77.0,,1048,1.8895068959261958
stagea__drawer-closed__possession-grasped__locus-cabinet-side__support-transverse-low-support__layout-b,v32_closed,cabinet,full_trajectory_replay,2,669,18,bb63603def241e17b02c89c5513d1ef93cf75f47c260b5b139f120acf22c26f8,False,False,False,False,False,,,1058,1.8589530608456581
stagea__drawer-closed__possession-grasped__locus-cabinet-side__support-transverse-low-support__layout-b,v32_closed,cabinet,full_trajectory_replay,3,590,18,0348abe806a47069551301e2e86e25fcca5b8db8fd3f5b128630180e19057a9c,True,False,True,False,False,77.0,,1048,1.8831302691782723
stagea__drawer-closed__possession-grasped__locus-cabinet-side__support-transverse-low-support__layout-b,v32_closed,cabinet,full_trajectory_replay,4,597,18,3bd590038acfecf91321ca683267c834fb8ebbd4f559e5fd8f89bf1dda561e9f,True,False,True,False,False,80.0,,1051,1.8686953586890813
stagea__drawer-closed__possession-grasped__locus-cabinet-side__support-transverse-low-support__layout-b,v32_closed,cabinet,full_trajectory_replay,5,660,18,082d8ee4933e7774b752cd6fbf2ea76a20ff927bf4afa8bd09b7ddc47aefba34,True,False,True,False,False,76.0,,1047,1.8608753086863767
stagea__drawer-closed__possession-grasped__locus-cabinet-side__support-transverse-low-support__layout-b,v32_closed,cabinet,full_trajectory_replay,6,458,18,4d4a24b15ada9177614865d055b4dccd354dd4ce8dac9eb391c68984fc50691e,True,False,True,False,False,79.0,,1050,1.8892465811830137
stagea__drawer-closed__possession-grasped__locus-cabinet-side__support-transverse-low-support__layout-b,v32_closed,cabinet,full_trajectory_replay,7,573,18,2e42787c67b5b157b79e3c3b2980a13563d41b4cbf69a9279c710d30a6292e92,True,False,True,False,False,76.0,,1047,1.8727470077130264
stagea__drawer-closed__possession-grasped__locus-cabinet-side__support-transverse-low-support__layout-b,v32_closed,cabinet,full_trajectory_replay,8,681,18,32bf1db8cfb866d929b97eaf4f6ad55599246fef24edf68fea15ede3b5cf005e,True,False,True,False,False,77.0,,1048,1.8333113920889355
stagea__drawer-closed__possession-grasped__locus-cabinet-side__support-transverse-low-support__layout-b,v32_closed,cabinet,full_trajectory_replay,9,452,18,016fe7cdd6622e9f77775f108f3cb4e4f836ec330ac07003f39fb7e5dbd594d5,True,False,True,False,False,80.0,,1051,1.930022687060878
stagea__drawer-closed__possession-grasped__locus-cabinet-side__support-transverse-low-support__layout-b,v32_closed,cabinet,full_trajectory_replay,10,775,18,b7e8758503c46c2273a688c9d98a5cbf14447ba59301bb326ca3a9078d7ea079,False,False,False,False,False,,,1063,1.95585130771258
stagea__drawer-closed__possession-grasped__locus-cabinet-side__support-transverse-low-support__layout-b,v32_closed,cabinet,full_trajectory_replay,11,665,18,a4a985f59f32ec185896dca87996aa455a720e318f579d3c58b2a88d391ef2bd,True,False,True,False,False,77.0,,1048,1.869906340880704
stagea__drawer-closed__possession-grasped__locus-cabinet-side__support-transverse-low-support__layout-b,v32_closed,cabinet,full_trajectory_replay,12,444,18,4d00108fccbba095038c80424e863deb2221dea2d50d4f2c5a3442f48d6466a2,True,False,True,False,False,84.0,,1055,1.9221796402834432
stagea__drawer-closed__possession-grasped__locus-cabinet-side__support-transverse-low-support__layout-b,v32_closed,cabinet,full_trajectory_replay,13,501,18,033327dbdb43b4bfddc6ed286bf6f8e8a6112ffe991905c700c75ec0676b386c,False,False,False,False,False,,,1066,1.9161438748192317
stagea__drawer-closed__possession-grasped__locus-cabinet-side__support-transverse-low-support__layout-b,v32_closed,cabinet,full_trajectory_replay,14,638,18,a8d81987e6f0f385619548c3982d9078c5c54a76d95ade16b8a982ad08234932,True,False,True,False,False,76.0,,1047,1.862355025474096
stagea__drawer-closed__possession-grasped__locus-cabinet-side__support-transverse-low-support__layout-b,v32_closed,cabinet,full_trajectory_replay,15,674,18,9b9937400a6e113f3901f66bf04dbac00fcbef6b9d999843ef0c651c1d76ce93,False,False,False,False,False,,,1066,1.9392720742724094
stagea__drawer-closed__possession-grasped__locus-cabinet-side__support-transverse-low-support__layout-b,v32_closed,cabinet,full_trajectory_replay,16,493,18,6cd7e138d3e7108f26e5396426d285829d7a3044a5068557110ad529c60f88fb,True,False,True,False,False,79.0,,1050,1.8986956719160113
stagea__drawer-closed__possession-grasped__locus-cabinet-side__support-transverse-low-support__layout-b,v32_closed,cabinet,full_trajectory_replay,17,636,18,0a4fa289713d5467f4f401adaef6d834685933041fe590343f19ee059e605170,True,False,True,False,False,83.0,,1054,1.9190967382658681
stagea__drawer-closed__possession-grasped__locus-cabinet-side__support-transverse-low-support__layout-b,v32_closed,cabinet,full_trajectory_replay,18,699,18,9504ca4f990d01cd111eed0f44cf9f286704e69d2bef21680ad53de5b6c6e501,False,False,False,False,False,,,1067,2.034848682801
stagea__drawer-closed__possession-grasped__locus-cabinet-side__support-transverse-low-support__layout-b,v32_closed,cabinet,full_trajectory_replay,19,456,18,fe869cc76141d5cbf6d64ee2c3c80a872e3f32bfcb5763bfe38221d3c6f8774f,True,False,True,False,False,87.0,,1058,1.9635214056290664
stagea__drawer-closed__possession-grasped__locus-cabinet-side__support-transverse-low-support__layout-b,v32_closed,cabinet,full_trajectory_replay,20,570,18,c2d4c5bdce9483b0609598e4bd984122284c5eef5a4d26eac9681c616139a807,True,False,True,False,False,86.0,,1057,1.950447754401893
stagea__drawer-closed__possession-grasped__locus-cabinet-side__support-transverse-low-support__layout-b,v32_closed,cabinet,full_trajectory_replay,21,662,18,9b8d4f7149a62a256faa3e7ea0e5c2f3125d95bea41d4c479b86904e2d505dcf,True,False,True,False,False,86.0,,1057,1.9014303048017227
stagea__drawer-closed__possession-grasped__locus-cabinet-side__support-transverse-low-support__layout-b,v32_closed,cabinet,full_trajectory_replay,22,732,18,c3b4ba9df80cca1c1bc20693376c230d3bc01ba9f981bb21aff3d94f5df62a66,True,False,True,False,False,78.0,,1049,1.8953972566454622
stagea__drawer-closed__possession-grasped__locus-cabinet-side__support-transverse-low-support__layout-b,v32_closed,cabinet,full_trajectory_replay,23,505,18,69ffa114adff6ac44594f47b51bd23b379470a0da01eb7ed63f3d8a0d4c8775a,True,False,True,False,False,85.0,,1056,1.8870927422602812
stagea__drawer-closed__possession-grasped__locus-cabinet-side__support-transverse-low-support__layout-b,v32_closed,cabinet,full_trajectory_replay,24,630,18,d47820b50d009ef5f221017fa25bcb7f75e7cde874bf13cd4a5f40b7d49fe74f,False,False,False,False,False,,,1069,1.9169353997850913
stagea__drawer-closed__possession-grasped__locus-cabinet-side__support-transverse-low-support__layout-b,v32_closed,cabinet,full_trajectory_replay,25,743,18,1df868b0e126de6c747a3392f2ae0135f2089140e79694115da746d261455e76,True,False,True,False,False,87.0,,1058,1.9038488588234024
stagea__drawer-closed__possession-grasped__locus-cabinet-side__support-transverse-low-support__layout-b,v32_closed,cabinet,full_trajectory_replay,26,398,18,dddc06067bf84b0019a1cf050048e588df918f7768911fa406ce110da9ad4689,False,False,False,False,False,,,1070,2.0005329011483703
stagea__drawer-closed__possession-grasped__locus-cabinet-side__support-transverse-low-support__layout-b,v32_closed,cabinet,full_trajectory_replay,27,446,18,171014841f360ccb7f224b68357849b87ebcfb38ea27c23f8309cdfd830c7760,True,False,True,False,False,87.0,,1058,1.9141909303521536
stagea__drawer-closed__possession-grasped__locus-cabinet-side__support-transverse-low-support__layout-b,v32_closed,cabinet,full_trajectory_replay,28,724,18,8bbb07bf3048a11cd3879887766413ad6a041eb78ef54667a0528d0ab13f7c0c,False,False,False,False,False,,,1071,2.0165284460829667
stagea__drawer-closed__possession-grasped__locus-cabinet-side__support-transverse-low-support__layout-b,v32_closed,cabinet,full_trajectory_replay,29,521,18,f404e35757cca7351a7956c0091493689bcae213ebc3f600ad9ca7ec35cc19d8,True,False,True,False,False,84.0,,1055,1.9546485300600498
stagea__drawer-closed__possession-grasped__locus-cabinet-side__support-transverse-low-support__layout-b,v32_closed,cabinet,full_trajectory_replay,30,791,18,ab8bc2c0ead1910b94bd3b22c327af072be2575c2b190a011406f4f7286f5de9,True,True,True,False,False,73.0,,1044,1.8253099479752404
stagea__drawer-closed__possession-grasped__locus-cabinet-side__support-transverse-low-support__layout-b,v32_closed,cabinet,full_trajectory_replay,31,474,18,5d93ae0bbe8618d7ad32e89a85261166b35dec3bcaa972751dddbaae8f07150c,True,False,True,False,False,82.0,,1053,1.9086574023162117
stagea__drawer-closed__possession-grasped__locus-cabinet-side__support-transverse-low-support__layout-b,v32_closed,cabinet,full_trajectory_replay,32,514,18,f0570adf2e2cdf55ef01180c8cf15f14c96b33219a8bdcfb110accc19eb31f44,True,False,True,False,False,88.0,,1059,1.9983185404385608
stagea__drawer-closed__possession-grasped__locus-cabinet-side__support-transverse-low-support__layout-b,v32_closed,cabinet,full_trajectory_replay,33,793,18,321fba85a693c5b82c8fc5d19d784724998b7ca98e765b826b728c3015762066,True,False,True,False,False,87.0,,1058,1.9277099711797332
stagea__drawer-closed__possession-grasped__locus-cabinet-side__support-transverse-low-support__layout-b,v32_closed,cabinet,full_trajectory_replay,34,608,18,51b3f339ae2711ec2dee1dcd740cd2c0f3834f5ec75aa5be171a8aabfa384705,True,False,True,False,False,92.0,,1063,1.9593233376942674
stagea__drawer-closed__possession-grasped__locus-cabinet-side__support-transverse-low-support__layout-b,v32_closed,cabinet,full_trajectory_replay,35,696,18,27ac40ae5b0142c7d2dd195b068a73088bc3ab3ec1564e44ffca7f7e715939b7,True,False,True,False,False,87.0,,1058,1.9937637872706055
stagea__drawer-closed__possession-grasped__locus-cabinet-side__support-transverse-low-support__layout-b,v32_closed,cabinet,full_trajectory_replay,36,661,18,79a603a018e5f911a590ae269ad2060c3e7efd307ce515d5e88df99491a895e8,False,False,False,False,False,,,1075,2.0534951702962014
stagea__drawer-closed__possession-grasped__locus-cabinet-side__support-transverse-low-support__layout-b,v32_closed,cabinet,full_trajectory_replay,37,745,18,aa1a3bff114b4b0887abbac25cd7b26200e2b2d232d51d48484012ca3ac3efce,True,False,True,False,False,93.0,,1064,2.0052644474251755
stagea__drawer-closed__possession-grasped__locus-cabinet-side__support-transverse-low-support__layout-b,v32_closed,cabinet,full_trajectory_replay,38,767,18,bbf383faef21636081e61ca9fa795f26d897115b2e20fe6c0265b2d8e57172af,True,False,True,False,False,90.0,,1061,1.95201170779661
stagea__drawer-closed__possession-grasped__locus-cabinet-side__support-transverse-low-support__layout-b,v32_closed,cabinet,full_trajectory_replay,39,702,18,3fb5394b81ace7223fa4dc390332e7caab954344c8941276b13b63b0de1c2138,True,False,True,False,False,94.0,,1065,2.0274279620711546
stagea__drawer-closed__possession-grasped__locus-cabinet-side__support-transverse-low-support__layout-b,v32_closed,cabinet,full_trajectory_replay,40,794,18,dcf5210e4570b197e56bdf6a478e82d539aed8c6cdfe5c988d35706a308b1cca,True,False,True,False,False,94.0,,1065,1.9932274607634692
stagea__drawer-closed__possession-grasped__locus-cabinet-side__support-transverse-low-support__layout-b,v32_closed,cabinet,full_trajectory_replay,41,689,18,aa0ba50ca5b7f2632e0e1a5e2bb54df31c7b6cda867839b03bdd0567c6411689,True,False,True,False,False,90.0,,1061,1.9883046533045323
stagea__drawer-closed__possession-grasped__locus-cabinet-side__support-transverse-low-support__layout-b,v32_closed,cabinet,full_trajectory_replay,42,402,18,8d680111f934c94908dcb0f1528eef18063eb08cd7ed0c0a56e84debd7464d8c,True,False,True,False,False,90.0,,1061,2.017098790499507
stagea__drawer-closed__possession-grasped__locus-cabinet-side__support-transverse-low-support__layout-b,v32_closed,cabinet,full_trajectory_replay,43,731,18,5be6d721a6fca1ef425074e8042fb05a80633e90f73f84091fca7a570ba71c84,True,False,True,False,False,89.0,,1060,1.9625453627234948
stagea__drawer-closed__possession-grasped__locus-cabinet-side__support-transverse-low-support__layout-b,v32_closed,cabinet,full_trajectory_replay,44,601,18,356b2a75f9d362a1cfb0d6e3fdb65c08269c619643db134c6cedc24fe14feff4,True,False,True,False,False,105.0,,1076,1.9222287742137993
stagea__drawer-closed__possession-grasped__locus-cabinet-side__support-transverse-low-support__layout-b,v32_closed,cabinet,full_trajectory_replay,45,706,18,239ae28404bef990e918f40b44f2aa59e45059ea0befe4a202d06f573aa4c5fd,True,False,True,False,False,110.0,,1081,2.1020130802992885
stagea__drawer-closed__possession-grasped__locus-cabinet-side__support-transverse-low-support__layout-b,v32_closed,drawer,full_trajectory_replay,0,576,12,c4dc33e0754f25efdaa87c75195a9e18ba603fd17aa500a5ab8751927234e465,False,False,False,False,False,,,1140,2.33622060231224
stagea__drawer-closed__possession-grasped__locus-cabinet-side__support-transverse-low-support__layout-b,v32_closed,drawer,full_trajectory_replay,1,694,12,e4d0e6805b6a960d0454858721550b66c578ada98014d5f852301b7bccee4c6e,True,False,True,False,False,162.0,,1133,2.429277784090633
stagea__drawer-closed__possession-grasped__locus-cabinet-side__support-transverse-low-support__layout-b,v32_closed,drawer,full_trajectory_replay,2,614,12,e61d01ded7ab086478e718b79d5a82f3b03ba2f66dca79962533600239750733,True,False,True,False,False,165.0,,1136,2.504880236957496
stagea__drawer-closed__possession-grasped__locus-cabinet-side__support-transverse-low-support__layout-b,v32_closed,drawer,full_trajectory_replay,3,382,12,f26c8e95841a34fdf898d203d26239d6a90e1c07c81f581944655edeb4f60915,True,True,True,False,False,162.0,,1133,2.3539989099862684
stagea__drawer-closed__possession-grasped__locus-cabinet-side__support-transverse-low-support__layout-b,v32_closed,drawer,full_trajectory_replay,4,526,12,8ebeecff1ddaa357856da5ef867f3055f43a1fe01692dd469542c151b39ea3fc,True,False,True,False,False,166.0,,1137,2.4625907755153245
stagea__drawer-closed__possession-grasped__locus-cabinet-side__support-transverse-low-support__layout-b,v32_closed,drawer,full_trajectory_replay,5,594,12,d5c8812af2a306355bb71a52c35164f93ef95ab0ec2a57638db05edb030de728,True,False,True,False,False,169.0,,1140,2.541189768299194
stagea__drawer-closed__possession-grasped__locus-cabinet-side__support-transverse-low-support__layout-b,v32_closed,drawer,full_trajectory_replay,6,559,12,6338c79a0fb6aadb247d383c82552982be98a0fe67a07210aa6cdbb957870a0e,True,False,True,False,False,170.0,,1141,2.4017445898800216
stagea__drawer-closed__possession-grasped__locus-cabinet-side__support-transverse-low-support__layout-b,v32_closed,drawer,full_trajectory_replay,7,624,12,adb56e3ec63a390538504dce7dbcfce5bc5f780cf2a323a68559c4952810dca4,True,False,True,False,False,169.0,,1140,2.572618621197199
stagea__drawer-closed__possession-grasped__locus-cabinet-side__support-transverse-low-support__layout-b,v32_closed,drawer,full_trajectory_replay,8,560,12,257886fa56c8ca594b7a52c9ba5c2ece42a4910673fe22140ee0be23dedc7fed,True,False,True,False,False,173.0,,1144,2.4687170263566176
stagea__drawer-closed__possession-grasped__locus-cabinet-side__support-transverse-low-support__layout-b,v32_closed,drawer,full_trajectory_replay,9,627,12,54c3e36183cf5ef2a823d528e9503368965fc007ae422f9ac129decd6be47724,True,False,True,False,False,173.0,,1144,2.5966341905646955
stagea__drawer-closed__possession-grasped__locus-cabinet-side__support-transverse-low-support__layout-b,v32_closed,drawer,full_trajectory_replay,10,684,12,4b41c4e5e61e059c2e83642794a66dcb58b90e9370db1b39755f83c021da75d2,True,False,True,False,False,179.0,,1150,2.5572258301859287
stagea__drawer-closed__possession-grasped__locus-cabinet-side__support-transverse-low-support__layout-b,v32_closed,drawer,full_trajectory_replay,11,409,12,e8aa2651d0fba6006bbd1ce8844606d4c1e24568d5b42dae3098ea158f05f04f,False,False,False,False,False,,,1155,2.4171340081766735
stagea__drawer-closed__possession-grasped__locus-cabinet-side__support-transverse-low-support__layout-b,v32_closed,drawer,full_trajectory_replay,12,548,12,8039f55efc1d3b2afff01d9544afe9a27c13a9fde71ed489cc1888b03d05d72d,True,False,True,False,False,173.0,,1144,2.4594043639767627
stagea__drawer-closed__possession-grasped__locus-cabinet-side__support-transverse-low-support__layout-b,v32_closed,drawer,full_trajectory_replay,13,742,12,db2e8c6a4ceb523133f51e21d0d31a8320ab88d1c0c7c0b124435499ea21a230,False,False,False,False,False,,,1157,2.646958483279219
stagea__drawer-closed__possession-grasped__locus-cabinet-side__support-transverse-low-support__layout-b,v32_closed,drawer,full_trajectory_replay,14,790,12,92034ebae21e287f92cdafcaaf1c4cc9ca7d732c105e28653f41c814086a107c,True,False,True,False,False,175.0,,1146,2.533824478840332
stagea__drawer-closed__possession-grasped__locus-cabinet-side__support-transverse-low-support__layout-b,v32_closed,drawer,full_trajectory_replay,15,534,12,47ec06d84d5536c7bc2c903e0f4bc40c38674a2cc7e48d22e791a529d149c23f,False,False,False,False,False,,,1158,2.17539585514096
stagea__drawer-closed__possession-grasped__locus-cabinet-side__support-transverse-low-support__layout-b,v32_closed,drawer,full_trajectory_replay,16,498,12,f6ffd6f59a512dc3d6da39d1c991a246f1f6c4fda28c9c6951d1ead81b79d73e,False,False,False,False,False,,,1160,2.4840169109077364
stagea__drawer-closed__possession-grasped__locus-cabinet-side__support-transverse-low-support__layout-b,v32_closed,drawer,full_trajectory_replay,17,737,12,24d53009f0c5a3917d02b3366eb875314813a60de3081d1bf69f19e04fcfd2ec,True,False,True,False,False,192.0,,1163,2.5115630509778466
stagea__drawer-closed__possession-grasped__locus-cabinet-side__support-transverse-low-support__layout-b,v32_closed,drawer,full_trajectory_replay,18,489,12,548f110a2e4050299ae8b3a610c9806b51995a65b74f8a79b83dece3b9636a3f,True,False,True,False,False,186.0,,1157,2.6149849884372345
stagea__drawer-closed__possession-grasped__locus-cabinet-side__support-transverse-low-support__layout-b,v32_closed,drawer,full_trajectory_replay,19,784,12,d61fad8212342e13bc37c975339f3effa6841a3166deace8fa063482deeb95c4,False,False,False,False,False,,,1166,2.563422622786276
stagea__drawer-closed__possession-grasped__locus-cabinet-side__support-transverse-low-support__layout-b,v32_closed,drawer,full_trajectory_replay,20,701,12,4b63123279f4f228439254b39a178ae1dc4773dc6dc6d53eb6d453f24e40eda3,True,False,True,False,False,186.0,,1157,2.5616246614638465
stagea__drawer-closed__possession-grasped__locus-cabinet-side__support-transverse-low-support__layout-b,v32_closed,drawer,full_trajectory_replay,21,416,12,41b4ab3c6eab78d6c7d147d6b7319f520c6dafa8eee44a2166e002b28cb2fdfd,False,False,False,False,False,,,1169,2.5921459616110027
stagea__drawer-closed__possession-grasped__locus-cabinet-side__support-transverse-low-support__layout-b,v32_closed,drawer,full_trajectory_replay,22,462,12,40dafe57a26443dcd16aaaca097715e50661a8f0bc112c64947bc2ee28c75703,True,False,True,False,False,188.0,,1159,2.5246488499654647
stagea__drawer-closed__possession-grasped__locus-cabinet-side__support-transverse-low-support__layout-b,v32_closed,drawer,full_trajectory_replay,23,494,12,93f39f1498437ddba0efc6eb059cd2b642ab544fab2f3336525878a4763097d4,False,False,False,False,False,,,1169,2.593076564326446
stagea__drawer-closed__possession-grasped__locus-cabinet-side__support-transverse-low-support__layout-b,v32_closed,drawer,full_trajectory_replay,24,414,12,9ec592154057d5c791bd6ea65380646ea92cd0d23d38116bae61bcd4d9af6daa,True,False,True,False,False,187.0,,1158,2.5525680821774257
stagea__drawer-closed__possession-grasped__locus-cabinet-side__support-transverse-low-support__layout-b,v32_closed,drawer,full_trajectory_replay,25,523,12,eff93d2d3123718e86e9f1b41fb58d6a377fbec3687a6300f32204f553b41906,True,False,True,False,False,193.0,,1164,2.5916755881933984
stagea__drawer-closed__possession-grasped__locus-cabinet-side__support-transverse-low-support__layout-b,v32_closed,drawer,full_trajectory_replay,26,762,12,5a6ad00de32247a9c04c1b1ae331ac99f700b26de0552cc1171848d4a8682ec3,True,False,True,False,False,189.0,,1160,2.547675208944015
stagea__drawer-closed__possession-grasped__locus-cabinet-side__support-transverse-low-support__layout-b,v32_closed,drawer,full_trajectory_replay,27,758,12,908f23fecbfd35ae5c9dcbedd3858d03ec11dd138bb2dab0f43ee0d4574695b4,True,False,True,False,False,197.0,,1168,2.6345328450931396
stagea__drawer-closed__possession-grasped__locus-cabinet-side__support-transverse-low-support__layout-b,v32_closed,drawer,full_trajectory_replay,28,782,12,de7cef4f6a636948f4190f834219967d71ea3e72fe0b4f836e50e047f5d757f3,False,False,False,False,False,,,1185,2.5711101351235093
stagea__drawer-closed__possession-grasped__locus-cabinet-side__support-transverse-low-support__layout-b,v32_closed,drawer,full_trajectory_replay,29,383,12,f598f486a32782cc98bfad505745987af2a8f37f2e9c4aa94b4ec2f8b9fa8ae4,True,False,True,False,False,206.0,,1177,2.677792897049872
stagea__drawer-closed__possession-grasped__locus-cabinet-side__support-transverse-low-support__layout-b,v32_closed,drawer,full_trajectory_replay,30,738,12,8eabf11d95595bb7c52a4944a62cc03da44e1f462b7ad8a09519f9c8d10286aa,True,False,True,False,False,211.0,,1182,2.659203280021791
stagea__drawer-closed__possession-grasped__locus-cabinet-side__support-transverse-low-support__layout-b,v32_closed,drawer,full_trajectory_replay,31,538,12,08ad1772331225b10cf37ff13b272f62c36cb63525e1e766a49b9b0fcb1a42c6,True,False,True,False,False,203.0,,1174,2.7861195752981405
stagea__drawer-closed__possession-grasped__locus-cabinet-side__support-transverse-low-support__layout-b,v32_closed,drawer,full_trajectory_replay,32,465,12,e0429b5fe21a733c15e4703fae6c590da9aaff3e0b059bfd634952b78272b52f,True,False,True,False,False,221.0,,1192,2.644273532890348
stagea__drawer-closed__possession-grasped__locus-cabinet-side__support-transverse-low-support__layout-b,v32_closed,drawer,full_trajectory_replay,33,449,12,f20bb3de976403a90113d79607775b68c63181b9aaba242dc0f356def02dad3e,True,False,True,False,False,235.0,,1206,3.1311141441961805
stagea__drawer-closed__possession-grasped__locus-cabinet-side__support-transverse-low-support__layout-b,v32_closed,drawer,full_trajectory_replay,34,711,12,5fbc8383f1842247c97b8be8ec4cb5a910eaea56fe8ac6bc4025f658f74279c2,True,False,True,False,False,243.0,,1214,2.7161978453315303
stagea__drawer-closed__possession-grasped__locus-cabinet-side__support-transverse-low-support__layout-b,v32_closed,drawer,full_trajectory_replay,35,387,12,a6b95196dd651f801df5eb0aaac15cabaa4501ebba68b07e61bc42d336c598b2,True,False,True,False,False,257.0,,1228,3.001025261802654
stagea__drawer-closed__possession-grasped__locus-drawer-side__support-demonstration-near__layout-a,v32_closed,cabinet,full_trajectory_replay,0,438,18,fc624695eb2d39b20e511c8ac6df4923b6bff3cff56ff389622f45310e9278c2,True,True,True,False,False,72.0,,1043,1.7122256376871103
stagea__drawer-closed__possession-grasped__locus-drawer-side__support-demonstration-near__layout-a,v32_closed,cabinet,full_trajectory_replay,1,712,18,9af535ed5943f0efe94c6e6136614fdd45017940a69a8267687e68416905a9d8,False,False,False,False,False,,,1057,1.805841682077205
stagea__drawer-closed__possession-grasped__locus-drawer-side__support-demonstration-near__layout-a,v32_closed,cabinet,full_trajectory_replay,2,669,18,bb63603def241e17b02c89c5513d1ef93cf75f47c260b5b139f120acf22c26f8,True,False,True,False,False,75.0,,1046,1.6940921805354496
stagea__drawer-closed__possession-grasped__locus-drawer-side__support-demonstration-near__layout-a,v32_closed,cabinet,full_trajectory_replay,3,590,18,0348abe806a47069551301e2e86e25fcca5b8db8fd3f5b128630180e19057a9c,False,False,False,False,False,,,1060,1.7999555186488205
stagea__drawer-closed__possession-grasped__locus-drawer-side__support-demonstration-near__layout-a,v32_closed,cabinet,full_trajectory_replay,4,597,18,3bd590038acfecf91321ca683267c834fb8ebbd4f559e5fd8f89bf1dda561e9f,False,False,False,False,False,,,1060,1.769364383164095
stagea__drawer-closed__possession-grasped__locus-drawer-side__support-demonstration-near__layout-a,v32_closed,cabinet,full_trajectory_replay,5,660,18,082d8ee4933e7774b752cd6fbf2ea76a20ff927bf4afa8bd09b7ddc47aefba34,False,False,False,False,False,,,1060,1.765944853131611
stagea__drawer-closed__possession-grasped__locus-drawer-side__support-demonstration-near__layout-a,v32_closed,cabinet,full_trajectory_replay,6,458,18,4d4a24b15ada9177614865d055b4dccd354dd4ce8dac9eb391c68984fc50691e,False,False,False,False,False,,,1061,1.7956657463742953
stagea__drawer-closed__possession-grasped__locus-drawer-side__support-demonstration-near__layout-a,v32_closed,cabinet,full_trajectory_replay,7,573,18,2e42787c67b5b157b79e3c3b2980a13563d41b4cbf69a9279c710d30a6292e92,False,False,False,False,False,,,1061,1.8409290409353594
stagea__drawer-closed__possession-grasped__locus-drawer-side__support-demonstration-near__layout-a,v32_closed,cabinet,full_trajectory_replay,8,681,18,32bf1db8cfb866d929b97eaf4f6ad55599246fef24edf68fea15ede3b5cf005e,False,False,False,False,False,,,1061,1.775689030850696
stagea__drawer-closed__possession-grasped__locus-drawer-side__support-demonstration-near__layout-a,v32_closed,cabinet,full_trajectory_replay,9,452,18,016fe7cdd6622e9f77775f108f3cb4e4f836ec330ac07003f39fb7e5dbd594d5,False,False,False,False,False,,,1063,1.851664973844986
stagea__drawer-closed__possession-grasped__locus-drawer-side__support-demonstration-near__layout-a,v32_closed,cabinet,full_trajectory_replay,10,775,18,b7e8758503c46c2273a688c9d98a5cbf14447ba59301bb326ca3a9078d7ea079,False,False,False,False,False,,,1063,1.7962961241524964
stagea__drawer-closed__possession-grasped__locus-drawer-side__support-demonstration-near__layout-a,v32_closed,cabinet,full_trajectory_replay,11,665,18,a4a985f59f32ec185896dca87996aa455a720e318f579d3c58b2a88d391ef2bd,False,False,False,False,False,,,1065,1.8265403532838604
stagea__drawer-closed__possession-grasped__locus-drawer-side__support-demonstration-near__layout-a,v32_closed,cabinet,full_trajectory_replay,12,444,18,4d00108fccbba095038c80424e863deb2221dea2d50d4f2c5a3442f48d6466a2,True,False,True,False,False,83.0,,1054,1.7912304664740386
stagea__drawer-closed__possession-grasped__locus-drawer-side__support-demonstration-near__layout-a,v32_closed,cabinet,full_trajectory_replay,13,501,18,033327dbdb43b4bfddc6ed286bf6f8e8a6112ffe991905c700c75ec0676b386c,False,False,False,False,False,,,1066,1.7900264979894889
stagea__drawer-closed__possession-grasped__locus-drawer-side__support-demonstration-near__layout-a,v32_closed,cabinet,full_trajectory_replay,14,638,18,a8d81987e6f0f385619548c3982d9078c5c54a76d95ade16b8a982ad08234932,False,False,False,False,False,,,1066,1.8480190183299376
stagea__drawer-closed__possession-grasped__locus-drawer-side__support-demonstration-near__layout-a,v32_closed,cabinet,full_trajectory_replay,15,674,18,9b9937400a6e113f3901f66bf04dbac00fcbef6b9d999843ef0c651c1d76ce93,False,False,False,False,False,,,1066,1.8241984158239248
stagea__drawer-closed__possession-grasped__locus-drawer-side__support-demonstration-near__layout-a,v32_closed,cabinet,full_trajectory_replay,16,493,18,6cd7e138d3e7108f26e5396426d285829d7a3044a5068557110ad529c60f88fb,False,False,False,False,False,,,1067,1.8527639455267817
stagea__drawer-closed__possession-grasped__locus-drawer-side__support-demonstration-near__layout-a,v32_closed,cabinet,full_trajectory_replay,17,636,18,0a4fa289713d5467f4f401adaef6d834685933041fe590343f19ee059e605170,True,False,True,False,False,95.0,,1066,1.8371080457072058
stagea__drawer-closed__possession-grasped__locus-drawer-side__support-demonstration-near__layout-a,v32_closed,cabinet,full_trajectory_replay,18,699,18,9504ca4f990d01cd111eed0f44cf9f286704e69d2bef21680ad53de5b6c6e501,True,False,True,False,False,80.0,,1051,1.8511702648417871
stagea__drawer-closed__possession-grasped__locus-drawer-side__support-demonstration-near__layout-a,v32_closed,cabinet,full_trajectory_replay,19,456,18,fe869cc76141d5cbf6d64ee2c3c80a872e3f32bfcb5763bfe38221d3c6f8774f,False,False,False,False,False,,,1068,1.8595066878045614
stagea__drawer-closed__possession-grasped__locus-drawer-side__support-demonstration-near__layout-a,v32_closed,cabinet,full_trajectory_replay,20,570,18,c2d4c5bdce9483b0609598e4bd984122284c5eef5a4d26eac9681c616139a807,False,False,False,False,False,,,1068,1.8487893428061195
stagea__drawer-closed__possession-grasped__locus-drawer-side__support-demonstration-near__layout-a,v32_closed,cabinet,full_trajectory_replay,21,662,18,9b8d4f7149a62a256faa3e7ea0e5c2f3125d95bea41d4c479b86904e2d505dcf,False,False,False,False,False,,,1068,1.7828104061357792
stagea__drawer-closed__possession-grasped__locus-drawer-side__support-demonstration-near__layout-a,v32_closed,cabinet,full_trajectory_replay,22,732,18,c3b4ba9df80cca1c1bc20693376c230d3bc01ba9f981bb21aff3d94f5df62a66,False,False,False,False,False,,,1068,1.8753180360394395
stagea__drawer-closed__possession-grasped__locus-drawer-side__support-demonstration-near__layout-a,v32_closed,cabinet,full_trajectory_replay,23,505,18,69ffa114adff6ac44594f47b51bd23b379470a0da01eb7ed63f3d8a0d4c8775a,False,False,False,False,False,,,1069,1.8342724047522732
stagea__drawer-closed__possession-grasped__locus-drawer-side__support-demonstration-near__layout-a,v32_closed,cabinet,full_trajectory_replay,24,630,18,d47820b50d009ef5f221017fa25bcb7f75e7cde874bf13cd4a5f40b7d49fe74f,True,False,True,False,False,87.0,,1058,1.7825020428005476
stagea__drawer-closed__possession-grasped__locus-drawer-side__support-demonstration-near__layout-a,v32_closed,cabinet,full_trajectory_replay,25,743,18,1df868b0e126de6c747a3392f2ae0135f2089140e79694115da746d261455e76,False,False,False,False,False,,,1069,1.7641593709291703
stagea__drawer-closed__possession-grasped__locus-drawer-side__support-demonstration-near__layout-a,v32_closed,cabinet,full_trajectory_replay,26,398,18,dddc06067bf84b0019a1cf050048e588df918f7768911fa406ce110da9ad4689,True,False,True,False,False,88.0,,1059,1.8356391880087866
stagea__drawer-closed__possession-grasped__locus-drawer-side__support-demonstration-near__layout-a,v32_closed,cabinet,full_trajectory_replay,27,446,18,171014841f360ccb7f224b68357849b87ebcfb38ea27c23f8309cdfd830c7760,True,False,True,False,False,87.0,,1058,1.788323720607889
stagea__drawer-closed__possession-grasped__locus-drawer-side__support-demonstration-near__layout-a,v32_closed,cabinet,full_trajectory_replay,28,724,18,8bbb07bf3048a11cd3879887766413ad6a041eb78ef54667a0528d0ab13f7c0c,False,False,False,False,False,,,1071,1.8858478447658928
stagea__drawer-closed__possession-grasped__locus-drawer-side__support-demonstration-near__layout-a,v32_closed,cabinet,full_trajectory_replay,29,521,18,f404e35757cca7351a7956c0091493689bcae213ebc3f600ad9ca7ec35cc19d8,False,False,False,False,False,,,1072,1.895995216270947
stagea__drawer-closed__possession-grasped__locus-drawer-side__support-demonstration-near__layout-a,v32_closed,cabinet,full_trajectory_replay,30,791,18,ab8bc2c0ead1910b94bd3b22c327af072be2575c2b190a011406f4f7286f5de9,False,False,False,False,False,,,1072,1.8307911407587583
stagea__drawer-closed__possession-grasped__locus-drawer-side__support-demonstration-near__layout-a,v32_closed,cabinet,full_trajectory_replay,31,474,18,5d93ae0bbe8618d7ad32e89a85261166b35dec3bcaa972751dddbaae8f07150c,True,False,True,False,False,84.0,,1055,1.8084449048091948
stagea__drawer-closed__possession-grasped__locus-drawer-side__support-demonstration-near__layout-a,v32_closed,cabinet,full_trajectory_replay,32,514,18,f0570adf2e2cdf55ef01180c8cf15f14c96b33219a8bdcfb110accc19eb31f44,True,False,True,False,False,89.0,,1060,1.8825981125519848
stagea__drawer-closed__possession-grasped__locus-drawer-side__support-demonstration-near__layout-a,v32_closed,cabinet,full_trajectory_replay,33,793,18,321fba85a693c5b82c8fc5d19d784724998b7ca98e765b826b728c3015762066,False,False,False,False,False,,,1073,1.8505545483977257
stagea__drawer-closed__possession-grasped__locus-drawer-side__support-demonstration-near__layout-a,v32_closed,cabinet,full_trajectory_replay,34,608,18,51b3f339ae2711ec2dee1dcd740cd2c0f3834f5ec75aa5be171a8aabfa384705,True,False,True,False,False,92.0,,1063,1.8394996636129326
stagea__drawer-closed__possession-grasped__locus-drawer-side__support-demonstration-near__layout-a,v32_closed,cabinet,full_trajectory_replay,35,696,18,27ac40ae5b0142c7d2dd195b068a73088bc3ab3ec1564e44ffca7f7e715939b7,True,False,True,False,False,87.0,,1058,1.8739120976248023
stagea__drawer-closed__possession-grasped__locus-drawer-side__support-demonstration-near__layout-a,v32_closed,cabinet,full_trajectory_replay,36,661,18,79a603a018e5f911a590ae269ad2060c3e7efd307ce515d5e88df99491a895e8,True,False,True,False,False,86.0,,1057,1.8330522949328198
stagea__drawer-closed__possession-grasped__locus-drawer-side__support-demonstration-near__layout-a,v32_closed,cabinet,full_trajectory_replay,37,745,18,aa1a3bff114b4b0887abbac25cd7b26200e2b2d232d51d48484012ca3ac3efce,True,False,True,False,False,91.0,,1062,1.8770032173165156
stagea__drawer-closed__possession-grasped__locus-drawer-side__support-demonstration-near__layout-a,v32_closed,cabinet,full_trajectory_replay,38,767,18,bbf383faef21636081e61ca9fa795f26d897115b2e20fe6c0265b2d8e57172af,True,False,True,False,False,90.0,,1061,1.8274897889674333
stagea__drawer-closed__possession-grasped__locus-drawer-side__support-demonstration-near__layout-a,v32_closed,cabinet,full_trajectory_replay,39,702,18,3fb5394b81ace7223fa4dc390332e7caab954344c8941276b13b63b0de1c2138,False,False,False,False,False,,,1076,1.9319769124919608
stagea__drawer-closed__possession-grasped__locus-drawer-side__support-demonstration-near__layout-a,v32_closed,cabinet,full_trajectory_replay,40,794,18,dcf5210e4570b197e56bdf6a478e82d539aed8c6cdfe5c988d35706a308b1cca,True,False,True,False,False,95.0,,1066,1.856080091929858
stagea__drawer-closed__possession-grasped__locus-drawer-side__support-demonstration-near__layout-a,v32_closed,cabinet,full_trajectory_replay,41,689,18,aa0ba50ca5b7f2632e0e1a5e2bb54df31c7b6cda867839b03bdd0567c6411689,True,False,True,False,False,91.0,,1062,1.8715518990028253
stagea__drawer-closed__possession-grasped__locus-drawer-side__support-demonstration-near__layout-a,v32_closed,cabinet,full_trajectory_replay,42,402,18,8d680111f934c94908dcb0f1528eef18063eb08cd7ed0c0a56e84debd7464d8c,False,False,False,False,False,,,1080,1.9985696919744267
stagea__drawer-closed__possession-grasped__locus-drawer-side__support-demonstration-near__layout-a,v32_closed,cabinet,full_trajectory_replay,43,731,18,5be6d721a6fca1ef425074e8042fb05a80633e90f73f84091fca7a570ba71c84,False,False,False,False,False,,,1082,1.9248358527969578
stagea__drawer-closed__possession-grasped__locus-drawer-side__support-demonstration-near__layout-a,v32_closed,cabinet,full_trajectory_replay,44,601,18,356b2a75f9d362a1cfb0d6e3fdb65c08269c619643db134c6cedc24fe14feff4,True,False,True,False,False,106.0,,1077,1.8126023061245253
stagea__drawer-closed__possession-grasped__locus-drawer-side__support-demonstration-near__layout-a,v32_closed,cabinet,full_trajectory_replay,45,706,18,239ae28404bef990e918f40b44f2aa59e45059ea0befe4a202d06f573aa4c5fd,False,False,False,False,False,,,1093,2.028587776468734
stagea__drawer-closed__possession-grasped__locus-drawer-side__support-demonstration-near__layout-a,v32_closed,drawer,full_trajectory_replay,0,576,12,c4dc33e0754f25efdaa87c75195a9e18ba603fd17aa500a5ab8751927234e465,False,False,False,False,False,,,1140,2.2951538201395594
stagea__drawer-closed__possession-grasped__locus-drawer-side__support-demonstration-near__layout-a,v32_closed,drawer,full_trajectory_replay,1,694,12,e4d0e6805b6a960d0454858721550b66c578ada98014d5f852301b7bccee4c6e,True,True,True,False,False,162.0,,1133,2.317145035976609
stagea__drawer-closed__possession-grasped__locus-drawer-side__support-demonstration-near__layout-a,v32_closed,drawer,full_trajectory_replay,2,614,12,e61d01ded7ab086478e718b79d5a82f3b03ba2f66dca79962533600239750733,False,False,False,False,False,,,1146,2.400712138709309
stagea__drawer-closed__possession-grasped__locus-drawer-side__support-demonstration-near__layout-a,v32_closed,drawer,full_trajectory_replay,3,382,12,f26c8e95841a34fdf898d203d26239d6a90e1c07c81f581944655edeb4f60915,True,False,True,False,False,165.0,,1136,2.248993537838632
stagea__drawer-closed__possession-grasped__locus-drawer-side__support-demonstration-near__layout-a,v32_closed,drawer,full_trajectory_replay,4,526,12,8ebeecff1ddaa357856da5ef867f3055f43a1fe01692dd469542c151b39ea3fc,False,False,False,False,False,,,1148,2.3515599536122638
stagea__drawer-closed__possession-grasped__locus-drawer-side__support-demonstration-near__layout-a,v32_closed,drawer,full_trajectory_replay,5,594,12,d5c8812af2a306355bb71a52c35164f93ef95ab0ec2a57638db05edb030de728,False,False,False,False,False,,,1148,2.4100769730209963
stagea__drawer-closed__possession-grasped__locus-drawer-side__support-demonstration-near__layout-a,v32_closed,drawer,full_trajectory_replay,6,559,12,6338c79a0fb6aadb247d383c82552982be98a0fe67a07210aa6cdbb957870a0e,False,False,False,False,False,,,1152,2.252852436242658
stagea__drawer-closed__possession-grasped__locus-drawer-side__support-demonstration-near__layout-a,v32_closed,drawer,full_trajectory_replay,7,624,12,adb56e3ec63a390538504dce7dbcfce5bc5f780cf2a323a68559c4952810dca4,False,False,False,False,False,,,1153,2.421641084660153
stagea__drawer-closed__possession-grasped__locus-drawer-side__support-demonstration-near__layout-a,v32_closed,drawer,full_trajectory_replay,8,560,12,257886fa56c8ca594b7a52c9ba5c2ece42a4910673fe22140ee0be23dedc7fed,False,False,False,False,False,,,1154,2.3010777996977803
stagea__drawer-closed__possession-grasped__locus-drawer-side__support-demonstration-near__layout-a,v32_closed,drawer,full_trajectory_replay,9,627,12,54c3e36183cf5ef2a823d528e9503368965fc007ae422f9ac129decd6be47724,False,False,False,False,False,,,1154,2.5243375216748465
stagea__drawer-closed__possession-grasped__locus-drawer-side__support-demonstration-near__layout-a,v32_closed,drawer,full_trajectory_replay,10,684,12,4b41c4e5e61e059c2e83642794a66dcb58b90e9370db1b39755f83c021da75d2,False,False,False,False,False,,,1154,2.4043265407975687
stagea__drawer-closed__possession-grasped__locus-drawer-side__support-demonstration-near__layout-a,v32_closed,drawer,full_trajectory_replay,11,409,12,e8aa2651d0fba6006bbd1ce8844606d4c1e24568d5b42dae3098ea158f05f04f,False,False,False,False,False,,,1155,2.0398945443242233
stagea__drawer-closed__possession-grasped__locus-drawer-side__support-demonstration-near__layout-a,v32_closed,drawer,full_trajectory_replay,12,548,12,8039f55efc1d3b2afff01d9544afe9a27c13a9fde71ed489cc1888b03d05d72d,False,False,False,False,False,,,1156,2.3479423756514874
stagea__drawer-closed__possession-grasped__locus-drawer-side__support-demonstration-near__layout-a,v32_closed,drawer,full_trajectory_replay,13,742,12,db2e8c6a4ceb523133f51e21d0d31a8320ab88d1c0c7c0b124435499ea21a230,False,False,False,False,False,,,1157,2.531142975235862
stagea__drawer-closed__possession-grasped__locus-drawer-side__support-demonstration-near__layout-a,v32_closed,drawer,full_trajectory_replay,14,790,12,92034ebae21e287f92cdafcaaf1c4cc9ca7d732c105e28653f41c814086a107c,False,False,False,False,False,,,1157,2.37625705107854
stagea__drawer-closed__possession-grasped__locus-drawer-side__support-demonstration-near__layout-a,v32_closed,drawer,full_trajectory_replay,15,534,12,47ec06d84d5536c7bc2c903e0f4bc40c38674a2cc7e48d22e791a529d149c23f,False,False,False,False,False,,,1158,2.3625111990616547
stagea__drawer-closed__possession-grasped__locus-drawer-side__support-demonstration-near__layout-a,v32_closed,drawer,full_trajectory_replay,16,498,12,f6ffd6f59a512dc3d6da39d1c991a246f1f6c4fda28c9c6951d1ead81b79d73e,False,False,False,False,False,,,1160,2.3590775010085983
stagea__drawer-closed__possession-grasped__locus-drawer-side__support-demonstration-near__layout-a,v32_closed,drawer,full_trajectory_replay,17,737,12,24d53009f0c5a3917d02b3366eb875314813a60de3081d1bf69f19e04fcfd2ec,True,False,True,False,False,180.0,,1151,2.3525486583844795
stagea__drawer-closed__possession-grasped__locus-drawer-side__support-demonstration-near__layout-a,v32_closed,drawer,full_trajectory_replay,18,489,12,548f110a2e4050299ae8b3a610c9806b51995a65b74f8a79b83dece3b9636a3f,True,False,True,False,False,183.0,,1154,2.4810243758924986
stagea__drawer-closed__possession-grasped__locus-drawer-side__support-demonstration-near__layout-a,v32_closed,drawer,full_trajectory_replay,19,784,12,d61fad8212342e13bc37c975339f3effa6841a3166deace8fa063482deeb95c4,True,False,True,False,False,185.0,,1156,2.410347980507039
stagea__drawer-closed__possession-grasped__locus-drawer-side__support-demonstration-near__layout-a,v32_closed,drawer,full_trajectory_replay,20,701,12,4b63123279f4f228439254b39a178ae1dc4773dc6dc6d53eb6d453f24e40eda3,True,False,True,False,False,186.0,,1157,2.4421384205359438
stagea__drawer-closed__possession-grasped__locus-drawer-side__support-demonstration-near__layout-a,v32_closed,drawer,full_trajectory_replay,21,416,12,41b4ab3c6eab78d6c7d147d6b7319f520c6dafa8eee44a2166e002b28cb2fdfd,False,False,False,False,False,,,1169,2.456286653326638
stagea__drawer-closed__possession-grasped__locus-drawer-side__support-demonstration-near__layout-a,v32_closed,drawer,full_trajectory_replay,22,462,12,40dafe57a26443dcd16aaaca097715e50661a8f0bc112c64947bc2ee28c75703,False,False,False,False,False,,,1169,2.4258056976974895
stagea__drawer-closed__possession-grasped__locus-drawer-side__support-demonstration-near__layout-a,v32_closed,drawer,full_trajectory_replay,23,494,12,93f39f1498437ddba0efc6eb059cd2b642ab544fab2f3336525878a4763097d4,True,False,True,False,False,189.0,,1160,2.434335762383908
stagea__drawer-closed__possession-grasped__locus-drawer-side__support-demonstration-near__layout-a,v32_closed,drawer,full_trajectory_replay,24,414,12,9ec592154057d5c791bd6ea65380646ea92cd0d23d38116bae61bcd4d9af6daa,False,False,False,False,False,,,1172,2.4761322943715838
stagea__drawer-closed__possession-grasped__locus-drawer-side__support-demonstration-near__layout-a,v32_closed,drawer,full_trajectory_replay,25,523,12,eff93d2d3123718e86e9f1b41fb58d6a377fbec3687a6300f32204f553b41906,True,False,True,False,False,193.0,,1164,2.472511683941175
stagea__drawer-closed__possession-grasped__locus-drawer-side__support-demonstration-near__layout-a,v32_closed,drawer,full_trajectory_replay,26,762,12,5a6ad00de32247a9c04c1b1ae331ac99f700b26de0552cc1171848d4a8682ec3,False,False,False,False,False,,,1172,2.479193397822494
stagea__drawer-closed__possession-grasped__locus-drawer-side__support-demonstration-near__layout-a,v32_closed,drawer,full_trajectory_replay,27,758,12,908f23fecbfd35ae5c9dcbedd3858d03ec11dd138bb2dab0f43ee0d4574695b4,False,False,False,False,False,,,1179,2.5655043597997604
stagea__drawer-closed__possession-grasped__locus-drawer-side__support-demonstration-near__layout-a,v32_closed,drawer,full_trajectory_replay,28,782,12,de7cef4f6a636948f4190f834219967d71ea3e72fe0b4f836e50e047f5d757f3,False,False,False,True,False,,,1185,2.344796051698927
stagea__drawer-closed__possession-grasped__locus-drawer-side__support-demonstration-near__layout-a,v32_closed,drawer,full_trajectory_replay,29,383,12,f598f486a32782cc98bfad505745987af2a8f37f2e9c4aa94b4ec2f8b9fa8ae4,False,False,False,False,False,,,1188,2.4802341593315
stagea__drawer-closed__possession-grasped__locus-drawer-side__support-demonstration-near__layout-a,v32_closed,drawer,full_trajectory_replay,30,738,12,8eabf11d95595bb7c52a4944a62cc03da44e1f462b7ad8a09519f9c8d10286aa,True,False,True,False,False,206.0,,1177,2.5433736225129078
stagea__drawer-closed__possession-grasped__locus-drawer-side__support-demonstration-near__layout-a,v32_closed,drawer,full_trajectory_replay,31,538,12,08ad1772331225b10cf37ff13b272f62c36cb63525e1e766a49b9b0fcb1a42c6,False,False,False,False,False,,,1191,2.656232731134981
stagea__drawer-closed__possession-grasped__locus-drawer-side__support-demonstration-near__layout-a,v32_closed,drawer,full_trajectory_replay,32,465,12,e0429b5fe21a733c15e4703fae6c590da9aaff3e0b059bfd634952b78272b52f,False,False,False,False,False,,,1197,2.5351111820312795
stagea__drawer-closed__possession-grasped__locus-drawer-side__support-demonstration-near__layout-a,v32_closed,drawer,full_trajectory_replay,33,449,12,f20bb3de976403a90113d79607775b68c63181b9aaba242dc0f356def02dad3e,False,False,False,False,False,,,1219,3.076178730481279
stagea__drawer-closed__possession-grasped__locus-drawer-side__support-demonstration-near__layout-a,v32_closed,drawer,full_trajectory_replay,34,711,12,5fbc8383f1842247c97b8be8ec4cb5a910eaea56fe8ac6bc4025f658f74279c2,False,False,False,False,False,,,1221,2.622493826458604
stagea__drawer-closed__possession-grasped__locus-drawer-side__support-demonstration-near__layout-a,v32_closed,drawer,full_trajectory_replay,35,387,12,a6b95196dd651f801df5eb0aaac15cabaa4501ebba68b07e61bc42d336c598b2,False,False,False,False,False,,,1240,2.808497413017257
stagea__drawer-closed__possession-grasped__locus-drawer-side__support-demonstration-near__layout-b,v32_closed,cabinet,full_trajectory_replay,0,438,18,fc624695eb2d39b20e511c8ac6df4923b6bff3cff56ff389622f45310e9278c2,False,False,False,False,False,,,1056,1.7717618426810287
stagea__drawer-closed__possession-grasped__locus-drawer-side__support-demonstration-near__layout-b,v32_closed,cabinet,full_trajectory_replay,1,712,18,9af535ed5943f0efe94c6e6136614fdd45017940a69a8267687e68416905a9d8,True,False,True,False,False,77.0,,1048,1.7690804794273303
stagea__drawer-closed__possession-grasped__locus-drawer-side__support-demonstration-near__layout-b,v32_closed,cabinet,full_trajectory_replay,2,669,18,bb63603def241e17b02c89c5513d1ef93cf75f47c260b5b139f120acf22c26f8,False,False,False,False,False,,,1058,1.7391531173880372
stagea__drawer-closed__possession-grasped__locus-drawer-side__support-demonstration-near__layout-b,v32_closed,cabinet,full_trajectory_replay,3,590,18,0348abe806a47069551301e2e86e25fcca5b8db8fd3f5b128630180e19057a9c,True,False,True,False,False,77.0,,1048,1.7631307102030536
stagea__drawer-closed__possession-grasped__locus-drawer-side__support-demonstration-near__layout-b,v32_closed,cabinet,full_trajectory_replay,4,597,18,3bd590038acfecf91321ca683267c834fb8ebbd4f559e5fd8f89bf1dda561e9f,True,False,True,False,False,79.0,,1050,1.7424388022259087
stagea__drawer-closed__possession-grasped__locus-drawer-side__support-demonstration-near__layout-b,v32_closed,cabinet,full_trajectory_replay,5,660,18,082d8ee4933e7774b752cd6fbf2ea76a20ff927bf4afa8bd09b7ddc47aefba34,False,False,False,False,False,,,1060,1.7541819503995024
stagea__drawer-closed__possession-grasped__locus-drawer-side__support-demonstration-near__layout-b,v32_closed,cabinet,full_trajectory_replay,6,458,18,4d4a24b15ada9177614865d055b4dccd354dd4ce8dac9eb391c68984fc50691e,True,False,True,False,False,81.0,,1052,1.7818511970300914
stagea__drawer-closed__possession-grasped__locus-drawer-side__support-demonstration-near__layout-b,v32_closed,cabinet,full_trajectory_replay,7,573,18,2e42787c67b5b157b79e3c3b2980a13563d41b4cbf69a9279c710d30a6292e92,False,False,False,False,False,,,1061,1.8358567816495013
stagea__drawer-closed__possession-grasped__locus-drawer-side__support-demonstration-near__layout-b,v32_closed,cabinet,full_trajectory_replay,8,681,18,32bf1db8cfb866d929b97eaf4f6ad55599246fef24edf68fea15ede3b5cf005e,True,False,True,False,False,76.0,,1047,1.7008179244696007
stagea__drawer-closed__possession-grasped__locus-drawer-side__support-demonstration-near__layout-b,v32_closed,cabinet,full_trajectory_replay,9,452,18,016fe7cdd6622e9f77775f108f3cb4e4f836ec330ac07003f39fb7e5dbd594d5,True,False,True,False,False,81.0,,1052,1.817204739091572
stagea__drawer-closed__possession-grasped__locus-drawer-side__support-demonstration-near__layout-b,v32_closed,cabinet,full_trajectory_replay,10,775,18,b7e8758503c46c2273a688c9d98a5cbf14447ba59301bb326ca3a9078d7ea079,False,False,False,False,False,,,1063,1.8297861040096262
stagea__drawer-closed__possession-grasped__locus-drawer-side__support-demonstration-near__layout-b,v32_closed,cabinet,full_trajectory_replay,11,665,18,a4a985f59f32ec185896dca87996aa455a720e318f579d3c58b2a88d391ef2bd,True,False,True,False,False,75.0,,1046,1.731783957230505
stagea__drawer-closed__possession-grasped__locus-drawer-side__support-demonstration-near__layout-b,v32_closed,cabinet,full_trajectory_replay,12,444,18,4d00108fccbba095038c80424e863deb2221dea2d50d4f2c5a3442f48d6466a2,True,False,True,False,False,84.0,,1055,1.8019335290726262
stagea__drawer-closed__possession-grasped__locus-drawer-side__support-demonstration-near__layout-b,v32_closed,cabinet,full_trajectory_replay,13,501,18,033327dbdb43b4bfddc6ed286bf6f8e8a6112ffe991905c700c75ec0676b386c,False,False,False,False,False,,,1066,1.7958427521163571
stagea__drawer-closed__possession-grasped__locus-drawer-side__support-demonstration-near__layout-b,v32_closed,cabinet,full_trajectory_replay,14,638,18,a8d81987e6f0f385619548c3982d9078c5c54a76d95ade16b8a982ad08234932,True,False,True,False,False,76.0,,1047,1.742582471023693
stagea__drawer-closed__possession-grasped__locus-drawer-side__support-demonstration-near__layout-b,v32_closed,cabinet,full_trajectory_replay,15,674,18,9b9937400a6e113f3901f66bf04dbac00fcbef6b9d999843ef0c651c1d76ce93,False,False,False,False,False,,,1066,1.8192311325073542
stagea__drawer-closed__possession-grasped__locus-drawer-side__support-demonstration-near__layout-b,v32_closed,cabinet,full_trajectory_replay,16,493,18,6cd7e138d3e7108f26e5396426d285829d7a3044a5068557110ad529c60f88fb,True,False,True,False,False,79.0,,1050,1.7785971198473163
stagea__drawer-closed__possession-grasped__locus-drawer-side__support-demonstration-near__layout-b,v32_closed,cabinet,full_trajectory_replay,17,636,18,0a4fa289713d5467f4f401adaef6d834685933041fe590343f19ee059e605170,True,False,True,False,False,82.0,,1053,1.790272931706962
stagea__drawer-closed__possession-grasped__locus-drawer-side__support-demonstration-near__layout-b,v32_closed,cabinet,full_trajectory_replay,18,699,18,9504ca4f990d01cd111eed0f44cf9f286704e69d2bef21680ad53de5b6c6e501,False,False,False,False,False,,,1067,1.9147806834503707
stagea__drawer-closed__possession-grasped__locus-drawer-side__support-demonstration-near__layout-b,v32_closed,cabinet,full_trajectory_replay,19,456,18,fe869cc76141d5cbf6d64ee2c3c80a872e3f32bfcb5763bfe38221d3c6f8774f,True,False,True,False,False,88.0,,1059,1.8458375933013418
stagea__drawer-closed__possession-grasped__locus-drawer-side__support-demonstration-near__layout-b,v32_closed,cabinet,full_trajectory_replay,20,570,18,c2d4c5bdce9483b0609598e4bd984122284c5eef5a4d26eac9681c616139a807,True,False,True,False,False,86.0,,1057,1.8306768709697137
stagea__drawer-closed__possession-grasped__locus-drawer-side__support-demonstration-near__layout-b,v32_closed,cabinet,full_trajectory_replay,21,662,18,9b8d4f7149a62a256faa3e7ea0e5c2f3125d95bea41d4c479b86904e2d505dcf,True,False,True,False,False,89.0,,1060,1.787526053128311
stagea__drawer-closed__possession-grasped__locus-drawer-side__support-demonstration-near__layout-b,v32_closed,cabinet,full_trajectory_replay,22,732,18,c3b4ba9df80cca1c1bc20693376c230d3bc01ba9f981bb21aff3d94f5df62a66,True,False,True,False,False,78.0,,1049,1.7752479881173473
stagea__drawer-closed__possession-grasped__locus-drawer-side__support-demonstration-near__layout-b,v32_closed,cabinet,full_trajectory_replay,23,505,18,69ffa114adff6ac44594f47b51bd23b379470a0da01eb7ed63f3d8a0d4c8775a,True,False,True,False,False,85.0,,1056,1.7667727977463372
stagea__drawer-closed__possession-grasped__locus-drawer-side__support-demonstration-near__layout-b,v32_closed,cabinet,full_trajectory_replay,24,630,18,d47820b50d009ef5f221017fa25bcb7f75e7cde874bf13cd4a5f40b7d49fe74f,False,False,False,False,False,,,1069,1.7969206062405432
stagea__drawer-closed__possession-grasped__locus-drawer-side__support-demonstration-near__layout-b,v32_closed,cabinet,full_trajectory_replay,25,743,18,1df868b0e126de6c747a3392f2ae0135f2089140e79694115da746d261455e76,True,False,True,False,False,87.0,,1058,1.783814266251035
stagea__drawer-closed__possession-grasped__locus-drawer-side__support-demonstration-near__layout-b,v32_closed,cabinet,full_trajectory_replay,26,398,18,dddc06067bf84b0019a1cf050048e588df918f7768911fa406ce110da9ad4689,False,False,False,False,False,,,1070,1.8811654917780927
stagea__drawer-closed__possession-grasped__locus-drawer-side__support-demonstration-near__layout-b,v32_closed,cabinet,full_trajectory_replay,27,446,18,171014841f360ccb7f224b68357849b87ebcfb38ea27c23f8309cdfd830c7760,True,False,True,False,False,89.0,,1060,1.8089373127966217
stagea__drawer-closed__possession-grasped__locus-drawer-side__support-demonstration-near__layout-b,v32_closed,cabinet,full_trajectory_replay,28,724,18,8bbb07bf3048a11cd3879887766413ad6a041eb78ef54667a0528d0ab13f7c0c,False,False,False,False,False,,,1071,1.896504506714085
stagea__drawer-closed__possession-grasped__locus-drawer-side__support-demonstration-near__layout-b,v32_closed,cabinet,full_trajectory_replay,29,521,18,f404e35757cca7351a7956c0091493689bcae213ebc3f600ad9ca7ec35cc19d8,True,False,True,False,False,84.0,,1055,1.8346309836720198
stagea__drawer-closed__possession-grasped__locus-drawer-side__support-demonstration-near__layout-b,v32_closed,cabinet,full_trajectory_replay,30,791,18,ab8bc2c0ead1910b94bd3b22c327af072be2575c2b190a011406f4f7286f5de9,True,True,True,False,False,73.0,,1044,1.7047941507278244
stagea__drawer-closed__possession-grasped__locus-drawer-side__support-demonstration-near__layout-b,v32_closed,cabinet,full_trajectory_replay,31,474,18,5d93ae0bbe8618d7ad32e89a85261166b35dec3bcaa972751dddbaae8f07150c,True,False,True,False,False,85.0,,1056,1.815113669280708
stagea__drawer-closed__possession-grasped__locus-drawer-side__support-demonstration-near__layout-b,v32_closed,cabinet,full_trajectory_replay,32,514,18,f0570adf2e2cdf55ef01180c8cf15f14c96b33219a8bdcfb110accc19eb31f44,True,False,True,False,False,89.0,,1060,1.8875647514202019
stagea__drawer-closed__possession-grasped__locus-drawer-side__support-demonstration-near__layout-b,v32_closed,cabinet,full_trajectory_replay,33,793,18,321fba85a693c5b82c8fc5d19d784724998b7ca98e765b826b728c3015762066,True,False,True,False,False,87.0,,1058,1.8077944245869852
stagea__drawer-closed__possession-grasped__locus-drawer-side__support-demonstration-near__layout-b,v32_closed,cabinet,full_trajectory_replay,34,608,18,51b3f339ae2711ec2dee1dcd740cd2c0f3834f5ec75aa5be171a8aabfa384705,True,False,True,False,False,91.0,,1062,1.8294060011677868
stagea__drawer-closed__possession-grasped__locus-drawer-side__support-demonstration-near__layout-b,v32_closed,cabinet,full_trajectory_replay,35,696,18,27ac40ae5b0142c7d2dd195b068a73088bc3ab3ec1564e44ffca7f7e715939b7,True,False,True,False,False,87.0,,1058,1.874102204456769
stagea__drawer-closed__possession-grasped__locus-drawer-side__support-demonstration-near__layout-b,v32_closed,cabinet,full_trajectory_replay,36,661,18,79a603a018e5f911a590ae269ad2060c3e7efd307ce515d5e88df99491a895e8,False,False,False,False,False,,,1075,1.93369006812535
stagea__drawer-closed__possession-grasped__locus-drawer-side__support-demonstration-near__layout-b,v32_closed,cabinet,full_trajectory_replay,37,745,18,aa1a3bff114b4b0887abbac25cd7b26200e2b2d232d51d48484012ca3ac3efce,True,False,True,False,False,94.0,,1065,1.8956673750381317
stagea__drawer-closed__possession-grasped__locus-drawer-side__support-demonstration-near__layout-b,v32_closed,cabinet,full_trajectory_replay,38,767,18,bbf383faef21636081e61ca9fa795f26d897115b2e20fe6c0265b2d8e57172af,True,False,True,False,False,91.0,,1062,1.8373500302546297
stagea__drawer-closed__possession-grasped__locus-drawer-side__support-demonstration-near__layout-b,v32_closed,cabinet,full_trajectory_replay,39,702,18,3fb5394b81ace7223fa4dc390332e7caab954344c8941276b13b63b0de1c2138,True,False,True,False,False,95.0,,1066,1.9107341651480134
stagea__drawer-closed__possession-grasped__locus-drawer-side__support-demonstration-near__layout-b,v32_closed,cabinet,full_trajectory_replay,40,794,18,dcf5210e4570b197e56bdf6a478e82d539aed8c6cdfe5c988d35706a308b1cca,True,False,True,False,False,94.0,,1065,1.8732393773898677
stagea__drawer-closed__possession-grasped__locus-drawer-side__support-demonstration-near__layout-b,v32_closed,cabinet,full_trajectory_replay,41,689,18,aa0ba50ca5b7f2632e0e1a5e2bb54df31c7b6cda867839b03bdd0567c6411689,True,False,True,False,False,89.0,,1060,1.8594244058470377
stagea__drawer-closed__possession-grasped__locus-drawer-side__support-demonstration-near__layout-b,v32_closed,cabinet,full_trajectory_replay,42,402,18,8d680111f934c94908dcb0f1528eef18063eb08cd7ed0c0a56e84debd7464d8c,True,False,True,False,False,89.0,,1060,1.910746569803552
stagea__drawer-closed__possession-grasped__locus-drawer-side__support-demonstration-near__layout-b,v32_closed,cabinet,full_trajectory_replay,43,731,18,5be6d721a6fca1ef425074e8042fb05a80633e90f73f84091fca7a570ba71c84,True,False,True,False,False,89.0,,1060,1.8430703951637586
stagea__drawer-closed__possession-grasped__locus-drawer-side__support-demonstration-near__layout-b,v32_closed,cabinet,full_trajectory_replay,44,601,18,356b2a75f9d362a1cfb0d6e3fdb65c08269c619643db134c6cedc24fe14feff4,True,False,True,False,False,107.0,,1078,1.8154251872365572
stagea__drawer-closed__possession-grasped__locus-drawer-side__support-demonstration-near__layout-b,v32_closed,cabinet,full_trajectory_replay,45,706,18,239ae28404bef990e918f40b44f2aa59e45059ea0befe4a202d06f573aa4c5fd,True,False,True,False,False,110.0,,1081,1.982592844407226
stagea__drawer-closed__possession-grasped__locus-drawer-side__support-demonstration-near__layout-b,v32_closed,drawer,full_trajectory_replay,0,576,12,c4dc33e0754f25efdaa87c75195a9e18ba603fd17aa500a5ab8751927234e465,False,False,False,False,False,,,1140,2.2163883860546822
stagea__drawer-closed__possession-grasped__locus-drawer-side__support-demonstration-near__layout-b,v32_closed,drawer,full_trajectory_replay,1,694,12,e4d0e6805b6a960d0454858721550b66c578ada98014d5f852301b7bccee4c6e,True,True,True,False,False,162.0,,1133,2.308844539986518
stagea__drawer-closed__possession-grasped__locus-drawer-side__support-demonstration-near__layout-b,v32_closed,drawer,full_trajectory_replay,2,614,12,e61d01ded7ab086478e718b79d5a82f3b03ba2f66dca79962533600239750733,True,False,True,False,False,165.0,,1136,2.3846278437465704
stagea__drawer-closed__possession-grasped__locus-drawer-side__support-demonstration-near__layout-b,v32_closed,drawer,full_trajectory_replay,3,382,12,f26c8e95841a34fdf898d203d26239d6a90e1c07c81f581944655edeb4f60915,True,False,True,False,False,163.0,,1134,2.2396441960836353
stagea__drawer-closed__possession-grasped__locus-drawer-side__support-demonstration-near__layout-b,v32_closed,drawer,full_trajectory_replay,4,526,12,8ebeecff1ddaa357856da5ef867f3055f43a1fe01692dd469542c151b39ea3fc,True,False,True,False,False,166.0,,1137,2.342688500807157
stagea__drawer-closed__possession-grasped__locus-drawer-side__support-demonstration-near__layout-b,v32_closed,drawer,full_trajectory_replay,5,594,12,d5c8812af2a306355bb71a52c35164f93ef95ab0ec2a57638db05edb030de728,True,False,True,False,False,168.0,,1139,2.421034362959106
stagea__drawer-closed__possession-grasped__locus-drawer-side__support-demonstration-near__layout-b,v32_closed,drawer,full_trajectory_replay,6,559,12,6338c79a0fb6aadb247d383c82552982be98a0fe67a07210aa6cdbb957870a0e,True,False,True,False,False,170.0,,1141,2.2819375017782746
stagea__drawer-closed__possession-grasped__locus-drawer-side__support-demonstration-near__layout-b,v32_closed,drawer,full_trajectory_replay,7,624,12,adb56e3ec63a390538504dce7dbcfce5bc5f780cf2a323a68559c4952810dca4,True,False,True,False,False,170.0,,1141,2.458671977490069
stagea__drawer-closed__possession-grasped__locus-drawer-side__support-demonstration-near__layout-b,v32_closed,drawer,full_trajectory_replay,8,560,12,257886fa56c8ca594b7a52c9ba5c2ece42a4910673fe22140ee0be23dedc7fed,True,False,True,False,False,173.0,,1144,2.3488099074374187
stagea__drawer-closed__possession-grasped__locus-drawer-side__support-demonstration-near__layout-b,v32_closed,drawer,full_trajectory_replay,9,627,12,54c3e36183cf5ef2a823d528e9503368965fc007ae422f9ac129decd6be47724,True,False,True,False,False,173.0,,1144,2.4775546744278434
stagea__drawer-closed__possession-grasped__locus-drawer-side__support-demonstration-near__layout-b,v32_closed,drawer,full_trajectory_replay,10,684,12,4b41c4e5e61e059c2e83642794a66dcb58b90e9370db1b39755f83c021da75d2,True,False,True,False,False,179.0,,1150,2.437386731497784
stagea__drawer-closed__possession-grasped__locus-drawer-side__support-demonstration-near__layout-b,v32_closed,drawer,full_trajectory_replay,11,409,12,e8aa2651d0fba6006bbd1ce8844606d4c1e24568d5b42dae3098ea158f05f04f,False,False,False,False,False,,,1155,2.296737001743703
stagea__drawer-closed__possession-grasped__locus-drawer-side__support-demonstration-near__layout-b,v32_closed,drawer,full_trajectory_replay,12,548,12,8039f55efc1d3b2afff01d9544afe9a27c13a9fde71ed489cc1888b03d05d72d,True,False,True,False,False,173.0,,1144,2.338961197967653
stagea__drawer-closed__possession-grasped__locus-drawer-side__support-demonstration-near__layout-b,v32_closed,drawer,full_trajectory_replay,13,742,12,db2e8c6a4ceb523133f51e21d0d31a8320ab88d1c0c7c0b124435499ea21a230,False,False,False,False,False,,,1157,2.527277314241572
stagea__drawer-closed__possession-grasped__locus-drawer-side__support-demonstration-near__layout-b,v32_closed,drawer,full_trajectory_replay,14,790,12,92034ebae21e287f92cdafcaaf1c4cc9ca7d732c105e28653f41c814086a107c,True,False,True,False,False,175.0,,1146,2.4139046038963627
stagea__drawer-closed__possession-grasped__locus-drawer-side__support-demonstration-near__layout-b,v32_closed,drawer,full_trajectory_replay,15,534,12,47ec06d84d5536c7bc2c903e0f4bc40c38674a2cc7e48d22e791a529d149c23f,False,False,False,False,False,,,1158,2.055187578123708
stagea__drawer-closed__possession-grasped__locus-drawer-side__support-demonstration-near__layout-b,v32_closed,drawer,full_trajectory_replay,16,498,12,f6ffd6f59a512dc3d6da39d1c991a246f1f6c4fda28c9c6951d1ead81b79d73e,False,False,False,False,False,,,1160,2.3639077931228716
stagea__drawer-closed__possession-grasped__locus-drawer-side__support-demonstration-near__layout-b,v32_closed,drawer,full_trajectory_replay,17,737,12,24d53009f0c5a3917d02b3366eb875314813a60de3081d1bf69f19e04fcfd2ec,True,False,True,False,False,192.0,,1163,2.391562733891833
stagea__drawer-closed__possession-grasped__locus-drawer-side__support-demonstration-near__layout-b,v32_closed,drawer,full_trajectory_replay,18,489,12,548f110a2e4050299ae8b3a610c9806b51995a65b74f8a79b83dece3b9636a3f,True,False,True,False,False,185.0,,1156,2.4918550516473004
stagea__drawer-closed__possession-grasped__locus-drawer-side__support-demonstration-near__layout-b,v32_closed,drawer,full_trajectory_replay,19,784,12,d61fad8212342e13bc37c975339f3effa6841a3166deace8fa063482deeb95c4,False,False,False,False,False,,,1166,2.443660364741304
stagea__drawer-closed__possession-grasped__locus-drawer-side__support-demonstration-near__layout-b,v32_closed,drawer,full_trajectory_replay,20,701,12,4b63123279f4f228439254b39a178ae1dc4773dc6dc6d53eb6d453f24e40eda3,True,False,True,False,False,186.0,,1157,2.441530084845544
stagea__drawer-closed__possession-grasped__locus-drawer-side__support-demonstration-near__layout-b,v32_closed,drawer,full_trajectory_replay,21,416,12,41b4ab3c6eab78d6c7d147d6b7319f520c6dafa8eee44a2166e002b28cb2fdfd,False,False,False,False,False,,,1169,2.4721739047550857
stagea__drawer-closed__possession-grasped__locus-drawer-side__support-demonstration-near__layout-b,v32_closed,drawer,full_trajectory_replay,22,462,12,40dafe57a26443dcd16aaaca097715e50661a8f0bc112c64947bc2ee28c75703,True,False,True,False,False,188.0,,1159,2.4047316781556853
stagea__drawer-closed__possession-grasped__locus-drawer-side__support-demonstration-near__layout-b,v32_closed,drawer,full_trajectory_replay,23,494,12,93f39f1498437ddba0efc6eb059cd2b642ab544fab2f3336525878a4763097d4,False,False,False,False,False,,,1169,2.472852234023379
stagea__drawer-closed__possession-grasped__locus-drawer-side__support-demonstration-near__layout-b,v32_closed,drawer,full_trajectory_replay,24,414,12,9ec592154057d5c791bd6ea65380646ea92cd0d23d38116bae61bcd4d9af6daa,True,False,True,False,False,188.0,,1159,2.437971244981675
stagea__drawer-closed__possession-grasped__locus-drawer-side__support-demonstration-near__layout-b,v32_closed,drawer,full_trajectory_replay,25,523,12,eff93d2d3123718e86e9f1b41fb58d6a377fbec3687a6300f32204f553b41906,True,False,True,False,False,193.0,,1164,2.472067824163823
stagea__drawer-closed__possession-grasped__locus-drawer-side__support-demonstration-near__layout-b,v32_closed,drawer,full_trajectory_replay,26,762,12,5a6ad00de32247a9c04c1b1ae331ac99f700b26de0552cc1171848d4a8682ec3,True,False,True,False,False,189.0,,1160,2.4247129071104405
stagea__drawer-closed__possession-grasped__locus-drawer-side__support-demonstration-near__layout-b,v32_closed,drawer,full_trajectory_replay,27,758,12,908f23fecbfd35ae5c9dcbedd3858d03ec11dd138bb2dab0f43ee0d4574695b4,True,False,True,False,False,197.0,,1168,2.5156723594659836
stagea__drawer-closed__possession-grasped__locus-drawer-side__support-demonstration-near__layout-b,v32_closed,drawer,full_trajectory_replay,28,782,12,de7cef4f6a636948f4190f834219967d71ea3e72fe0b4f836e50e047f5d757f3,False,False,False,False,False,,,1185,2.4543503711115244
stagea__drawer-closed__possession-grasped__locus-drawer-side__support-demonstration-near__layout-b,v32_closed,drawer,full_trajectory_replay,29,383,12,f598f486a32782cc98bfad505745987af2a8f37f2e9c4aa94b4ec2f8b9fa8ae4,True,False,True,False,False,206.0,,1177,2.558531871644174
stagea__drawer-closed__possession-grasped__locus-drawer-side__support-demonstration-near__layout-b,v32_closed,drawer,full_trajectory_replay,30,738,12,8eabf11d95595bb7c52a4944a62cc03da44e1f462b7ad8a09519f9c8d10286aa,True,False,True,False,False,210.0,,1181,2.535924959434078
stagea__drawer-closed__possession-grasped__locus-drawer-side__support-demonstration-near__layout-b,v32_closed,drawer,full_trajectory_replay,31,538,12,08ad1772331225b10cf37ff13b272f62c36cb63525e1e766a49b9b0fcb1a42c6,True,False,True,False,False,203.0,,1174,2.665696461885596
stagea__drawer-closed__possession-grasped__locus-drawer-side__support-demonstration-near__layout-b,v32_closed,drawer,full_trajectory_replay,32,465,12,e0429b5fe21a733c15e4703fae6c590da9aaff3e0b059bfd634952b78272b52f,True,False,True,False,False,220.0,,1191,2.5229841925988303
stagea__drawer-closed__possession-grasped__locus-drawer-side__support-demonstration-near__layout-b,v32_closed,drawer,full_trajectory_replay,33,449,12,f20bb3de976403a90113d79607775b68c63181b9aaba242dc0f356def02dad3e,True,False,True,False,False,235.0,,1206,3.014461090862657
stagea__drawer-closed__possession-grasped__locus-drawer-side__support-demonstration-near__layout-b,v32_closed,drawer,full_trajectory_replay,34,711,12,5fbc8383f1842247c97b8be8ec4cb5a910eaea56fe8ac6bc4025f658f74279c2,True,False,True,False,False,243.0,,1214,2.5981824427648226
stagea__drawer-closed__possession-grasped__locus-drawer-side__support-demonstration-near__layout-b,v32_closed,drawer,full_trajectory_replay,35,387,12,a6b95196dd651f801df5eb0aaac15cabaa4501ebba68b07e61bc42d336c598b2,True,False,True,False,False,257.0,,1228,2.8789753233743616
stagea__drawer-closed__possession-grasped__locus-drawer-side__support-transverse-low-support__layout-a,v32_closed,cabinet,full_trajectory_replay,0,438,18,fc624695eb2d39b20e511c8ac6df4923b6bff3cff56ff389622f45310e9278c2,True,True,True,False,False,73.0,,1044,1.6698143015328277
stagea__drawer-closed__possession-grasped__locus-drawer-side__support-transverse-low-support__layout-a,v32_closed,cabinet,full_trajectory_replay,1,712,18,9af535ed5943f0efe94c6e6136614fdd45017940a69a8267687e68416905a9d8,False,False,False,False,False,,,1057,1.7554269606673196
stagea__drawer-closed__possession-grasped__locus-drawer-side__support-transverse-low-support__layout-a,v32_closed,cabinet,full_trajectory_replay,2,669,18,bb63603def241e17b02c89c5513d1ef93cf75f47c260b5b139f120acf22c26f8,True,False,True,False,False,75.0,,1046,1.6441878991169845
stagea__drawer-closed__possession-grasped__locus-drawer-side__support-transverse-low-support__layout-a,v32_closed,cabinet,full_trajectory_replay,3,590,18,0348abe806a47069551301e2e86e25fcca5b8db8fd3f5b128630180e19057a9c,False,False,False,False,False,,,1060,1.7503064385522147
stagea__drawer-closed__possession-grasped__locus-drawer-side__support-transverse-low-support__layout-a,v32_closed,cabinet,full_trajectory_replay,4,597,18,3bd590038acfecf91321ca683267c834fb8ebbd4f559e5fd8f89bf1dda561e9f,False,False,False,False,False,,,1060,1.7185508963515312
stagea__drawer-closed__possession-grasped__locus-drawer-side__support-transverse-low-support__layout-a,v32_closed,cabinet,full_trajectory_replay,5,660,18,082d8ee4933e7774b752cd6fbf2ea76a20ff927bf4afa8bd09b7ddc47aefba34,False,False,False,False,False,,,1060,1.7222622365255544
stagea__drawer-closed__possession-grasped__locus-drawer-side__support-transverse-low-support__layout-a,v32_closed,cabinet,full_trajectory_replay,6,458,18,4d4a24b15ada9177614865d055b4dccd354dd4ce8dac9eb391c68984fc50691e,False,False,False,False,False,,,1061,1.7469120644456995
stagea__drawer-closed__possession-grasped__locus-drawer-side__support-transverse-low-support__layout-a,v32_closed,cabinet,full_trajectory_replay,7,573,18,2e42787c67b5b157b79e3c3b2980a13563d41b4cbf69a9279c710d30a6292e92,False,False,False,False,False,,,1061,1.7909815479914604
stagea__drawer-closed__possession-grasped__locus-drawer-side__support-transverse-low-support__layout-a,v32_closed,cabinet,full_trajectory_replay,8,681,18,32bf1db8cfb866d929b97eaf4f6ad55599246fef24edf68fea15ede3b5cf005e,False,False,False,False,False,,,1061,1.7266131254797648
stagea__drawer-closed__possession-grasped__locus-drawer-side__support-transverse-low-support__layout-a,v32_closed,cabinet,full_trajectory_replay,9,452,18,016fe7cdd6622e9f77775f108f3cb4e4f836ec330ac07003f39fb7e5dbd594d5,False,False,False,False,False,,,1063,1.8021142409124933
stagea__drawer-closed__possession-grasped__locus-drawer-side__support-transverse-low-support__layout-a,v32_closed,cabinet,full_trajectory_replay,10,775,18,b7e8758503c46c2273a688c9d98a5cbf14447ba59301bb326ca3a9078d7ea079,False,False,False,False,False,,,1063,1.6836712290477216
stagea__drawer-closed__possession-grasped__locus-drawer-side__support-transverse-low-support__layout-a,v32_closed,cabinet,full_trajectory_replay,11,665,18,a4a985f59f32ec185896dca87996aa455a720e318f579d3c58b2a88d391ef2bd,False,False,False,False,False,,,1065,1.7837990732805866
stagea__drawer-closed__possession-grasped__locus-drawer-side__support-transverse-low-support__layout-a,v32_closed,cabinet,full_trajectory_replay,12,444,18,4d00108fccbba095038c80424e863deb2221dea2d50d4f2c5a3442f48d6466a2,True,False,True,False,False,83.0,,1054,1.7399515377011412
stagea__drawer-closed__possession-grasped__locus-drawer-side__support-transverse-low-support__layout-a,v32_closed,cabinet,full_trajectory_replay,13,501,18,033327dbdb43b4bfddc6ed286bf6f8e8a6112ffe991905c700c75ec0676b386c,False,False,False,False,False,,,1066,1.7388328283854315
stagea__drawer-closed__possession-grasped__locus-drawer-side__support-transverse-low-support__layout-a,v32_closed,cabinet,full_trajectory_replay,14,638,18,a8d81987e6f0f385619548c3982d9078c5c54a76d95ade16b8a982ad08234932,False,False,False,False,False,,,1066,1.7979966853169274
stagea__drawer-closed__possession-grasped__locus-drawer-side__support-transverse-low-support__layout-a,v32_closed,cabinet,full_trajectory_replay,15,674,18,9b9937400a6e113f3901f66bf04dbac00fcbef6b9d999843ef0c651c1d76ce93,False,False,False,False,False,,,1066,1.7747975051430345
stagea__drawer-closed__possession-grasped__locus-drawer-side__support-transverse-low-support__layout-a,v32_closed,cabinet,full_trajectory_replay,16,493,18,6cd7e138d3e7108f26e5396426d285829d7a3044a5068557110ad529c60f88fb,False,False,False,False,False,,,1067,1.7974360356771135
stagea__drawer-closed__possession-grasped__locus-drawer-side__support-transverse-low-support__layout-a,v32_closed,cabinet,full_trajectory_replay,17,636,18,0a4fa289713d5467f4f401adaef6d834685933041fe590343f19ee059e605170,False,False,False,False,False,,,1067,1.7926826039203982
stagea__drawer-closed__possession-grasped__locus-drawer-side__support-transverse-low-support__layout-a,v32_closed,cabinet,full_trajectory_replay,18,699,18,9504ca4f990d01cd111eed0f44cf9f286704e69d2bef21680ad53de5b6c6e501,True,False,True,False,False,80.0,,1051,1.8009690335533453
stagea__drawer-closed__possession-grasped__locus-drawer-side__support-transverse-low-support__layout-a,v32_closed,cabinet,full_trajectory_replay,19,456,18,fe869cc76141d5cbf6d64ee2c3c80a872e3f32bfcb5763bfe38221d3c6f8774f,False,False,False,False,False,,,1068,1.8147689037365335
stagea__drawer-closed__possession-grasped__locus-drawer-side__support-transverse-low-support__layout-a,v32_closed,cabinet,full_trajectory_replay,20,570,18,c2d4c5bdce9483b0609598e4bd984122284c5eef5a4d26eac9681c616139a807,False,False,False,False,False,,,1068,1.814647024261323
stagea__drawer-closed__possession-grasped__locus-drawer-side__support-transverse-low-support__layout-a,v32_closed,cabinet,full_trajectory_replay,21,662,18,9b8d4f7149a62a256faa3e7ea0e5c2f3125d95bea41d4c479b86904e2d505dcf,False,False,False,False,False,,,1068,1.7326963973826985
stagea__drawer-closed__possession-grasped__locus-drawer-side__support-transverse-low-support__layout-a,v32_closed,cabinet,full_trajectory_replay,22,732,18,c3b4ba9df80cca1c1bc20693376c230d3bc01ba9f981bb21aff3d94f5df62a66,False,False,False,False,False,,,1068,1.8253092966488866
stagea__drawer-closed__possession-grasped__locus-drawer-side__support-transverse-low-support__layout-a,v32_closed,cabinet,full_trajectory_replay,23,505,18,69ffa114adff6ac44594f47b51bd23b379470a0da01eb7ed63f3d8a0d4c8775a,False,False,False,False,False,,,1069,1.7861983194852165
stagea__drawer-closed__possession-grasped__locus-drawer-side__support-transverse-low-support__layout-a,v32_closed,cabinet,full_trajectory_replay,24,630,18,d47820b50d009ef5f221017fa25bcb7f75e7cde874bf13cd4a5f40b7d49fe74f,True,False,True,False,False,87.0,,1058,1.7323719339406405
stagea__drawer-closed__possession-grasped__locus-drawer-side__support-transverse-low-support__layout-a,v32_closed,cabinet,full_trajectory_replay,25,743,18,1df868b0e126de6c747a3392f2ae0135f2089140e79694115da746d261455e76,False,False,False,False,False,,,1069,1.7136475252533545
stagea__drawer-closed__possession-grasped__locus-drawer-side__support-transverse-low-support__layout-a,v32_closed,cabinet,full_trajectory_replay,26,398,18,dddc06067bf84b0019a1cf050048e588df918f7768911fa406ce110da9ad4689,False,False,False,False,False,,,1070,1.8373148437933815
stagea__drawer-closed__possession-grasped__locus-drawer-side__support-transverse-low-support__layout-a,v32_closed,cabinet,full_trajectory_replay,27,446,18,171014841f360ccb7f224b68357849b87ebcfb38ea27c23f8309cdfd830c7760,True,False,True,False,False,88.0,,1059,1.7478900554051595
stagea__drawer-closed__possession-grasped__locus-drawer-side__support-transverse-low-support__layout-a,v32_closed,cabinet,full_trajectory_replay,28,724,18,8bbb07bf3048a11cd3879887766413ad6a041eb78ef54667a0528d0ab13f7c0c,False,False,False,False,False,,,1071,1.8357659814756269
stagea__drawer-closed__possession-grasped__locus-drawer-side__support-transverse-low-support__layout-a,v32_closed,cabinet,full_trajectory_replay,29,521,18,f404e35757cca7351a7956c0091493689bcae213ebc3f600ad9ca7ec35cc19d8,False,False,False,False,False,,,1072,1.8487443442407623
stagea__drawer-closed__possession-grasped__locus-drawer-side__support-transverse-low-support__layout-a,v32_closed,cabinet,full_trajectory_replay,30,791,18,ab8bc2c0ead1910b94bd3b22c327af072be2575c2b190a011406f4f7286f5de9,False,False,False,False,False,,,1072,1.7811257598282944
stagea__drawer-closed__possession-grasped__locus-drawer-side__support-transverse-low-support__layout-a,v32_closed,cabinet,full_trajectory_replay,31,474,18,5d93ae0bbe8618d7ad32e89a85261166b35dec3bcaa972751dddbaae8f07150c,True,False,True,False,False,85.0,,1056,1.7659401919309117
stagea__drawer-closed__possession-grasped__locus-drawer-side__support-transverse-low-support__layout-a,v32_closed,cabinet,full_trajectory_replay,32,514,18,f0570adf2e2cdf55ef01180c8cf15f14c96b33219a8bdcfb110accc19eb31f44,True,False,True,False,False,89.0,,1060,1.8331399952461556
stagea__drawer-closed__possession-grasped__locus-drawer-side__support-transverse-low-support__layout-a,v32_closed,cabinet,full_trajectory_replay,33,793,18,321fba85a693c5b82c8fc5d19d784724998b7ca98e765b826b728c3015762066,False,False,False,False,False,,,1073,1.799428418526225
stagea__drawer-closed__possession-grasped__locus-drawer-side__support-transverse-low-support__layout-a,v32_closed,cabinet,full_trajectory_replay,34,608,18,51b3f339ae2711ec2dee1dcd740cd2c0f3834f5ec75aa5be171a8aabfa384705,True,False,True,False,False,92.0,,1063,1.7897951509713872
stagea__drawer-closed__possession-grasped__locus-drawer-side__support-transverse-low-support__layout-a,v32_closed,cabinet,full_trajectory_replay,35,696,18,27ac40ae5b0142c7d2dd195b068a73088bc3ab3ec1564e44ffca7f7e715939b7,True,False,True,False,False,87.0,,1058,1.8240840384965775
stagea__drawer-closed__possession-grasped__locus-drawer-side__support-transverse-low-support__layout-a,v32_closed,cabinet,full_trajectory_replay,36,661,18,79a603a018e5f911a590ae269ad2060c3e7efd307ce515d5e88df99491a895e8,True,False,True,False,False,86.0,,1057,1.799219100479929
stagea__drawer-closed__possession-grasped__locus-drawer-side__support-transverse-low-support__layout-a,v32_closed,cabinet,full_trajectory_replay,37,745,18,aa1a3bff114b4b0887abbac25cd7b26200e2b2d232d51d48484012ca3ac3efce,True,False,True,False,False,91.0,,1062,1.8282402201000867
stagea__drawer-closed__possession-grasped__locus-drawer-side__support-transverse-low-support__layout-a,v32_closed,cabinet,full_trajectory_replay,38,767,18,bbf383faef21636081e61ca9fa795f26d897115b2e20fe6c0265b2d8e57172af,True,False,True,False,False,91.0,,1062,1.782295454186937
stagea__drawer-closed__possession-grasped__locus-drawer-side__support-transverse-low-support__layout-a,v32_closed,cabinet,full_trajectory_replay,39,702,18,3fb5394b81ace7223fa4dc390332e7caab954344c8941276b13b63b0de1c2138,False,False,False,False,False,,,1076,1.8822806050853758
stagea__drawer-closed__possession-grasped__locus-drawer-side__support-transverse-low-support__layout-a,v32_closed,cabinet,full_trajectory_replay,40,794,18,dcf5210e4570b197e56bdf6a478e82d539aed8c6cdfe5c988d35706a308b1cca,True,False,True,False,False,96.0,,1067,1.8105550267921662
stagea__drawer-closed__possession-grasped__locus-drawer-side__support-transverse-low-support__layout-a,v32_closed,cabinet,full_trajectory_replay,41,689,18,aa0ba50ca5b7f2632e0e1a5e2bb54df31c7b6cda867839b03bdd0567c6411689,True,False,True,False,False,91.0,,1062,1.8215350336294578
stagea__drawer-closed__possession-grasped__locus-drawer-side__support-transverse-low-support__layout-a,v32_closed,cabinet,full_trajectory_replay,42,402,18,8d680111f934c94908dcb0f1528eef18063eb08cd7ed0c0a56e84debd7464d8c,False,False,False,False,False,,,1080,1.9501776481062072
stagea__drawer-closed__possession-grasped__locus-drawer-side__support-transverse-low-support__layout-a,v32_closed,cabinet,full_trajectory_replay,43,731,18,5be6d721a6fca1ef425074e8042fb05a80633e90f73f84091fca7a570ba71c84,False,False,False,False,False,,,1082,1.8789489215242983
stagea__drawer-closed__possession-grasped__locus-drawer-side__support-transverse-low-support__layout-a,v32_closed,cabinet,full_trajectory_replay,44,601,18,356b2a75f9d362a1cfb0d6e3fdb65c08269c619643db134c6cedc24fe14feff4,True,False,True,False,False,106.0,,1077,1.7674995056349534
stagea__drawer-closed__possession-grasped__locus-drawer-side__support-transverse-low-support__layout-a,v32_closed,cabinet,full_trajectory_replay,45,706,18,239ae28404bef990e918f40b44f2aa59e45059ea0befe4a202d06f573aa4c5fd,True,False,True,False,False,110.0,,1081,1.8867480117696354
stagea__drawer-closed__possession-grasped__locus-drawer-side__support-transverse-low-support__layout-a,v32_closed,drawer,full_trajectory_replay,0,576,12,c4dc33e0754f25efdaa87c75195a9e18ba603fd17aa500a5ab8751927234e465,False,False,False,False,False,,,1140,2.244993620978907
stagea__drawer-closed__possession-grasped__locus-drawer-side__support-transverse-low-support__layout-a,v32_closed,drawer,full_trajectory_replay,1,694,12,e4d0e6805b6a960d0454858721550b66c578ada98014d5f852301b7bccee4c6e,True,True,True,False,False,162.0,,1133,2.2664054030831347
stagea__drawer-closed__possession-grasped__locus-drawer-side__support-transverse-low-support__layout-a,v32_closed,drawer,full_trajectory_replay,2,614,12,e61d01ded7ab086478e718b79d5a82f3b03ba2f66dca79962533600239750733,False,False,False,False,False,,,1146,2.350762677428249
stagea__drawer-closed__possession-grasped__locus-drawer-side__support-transverse-low-support__layout-a,v32_closed,drawer,full_trajectory_replay,3,382,12,f26c8e95841a34fdf898d203d26239d6a90e1c07c81f581944655edeb4f60915,True,False,True,False,False,165.0,,1136,2.19913440172402
stagea__drawer-closed__possession-grasped__locus-drawer-side__support-transverse-low-support__layout-a,v32_closed,drawer,full_trajectory_replay,4,526,12,8ebeecff1ddaa357856da5ef867f3055f43a1fe01692dd469542c151b39ea3fc,True,False,True,False,False,166.0,,1137,2.2884085099546665
stagea__drawer-closed__possession-grasped__locus-drawer-side__support-transverse-low-support__layout-a,v32_closed,drawer,full_trajectory_replay,5,594,12,d5c8812af2a306355bb71a52c35164f93ef95ab0ec2a57638db05edb030de728,False,False,False,False,False,,,1148,2.3607789438062454
stagea__drawer-closed__possession-grasped__locus-drawer-side__support-transverse-low-support__layout-a,v32_closed,drawer,full_trajectory_replay,6,559,12,6338c79a0fb6aadb247d383c82552982be98a0fe67a07210aa6cdbb957870a0e,False,False,False,False,False,,,1152,2.203747033784451
stagea__drawer-closed__possession-grasped__locus-drawer-side__support-transverse-low-support__layout-a,v32_closed,drawer,full_trajectory_replay,7,624,12,adb56e3ec63a390538504dce7dbcfce5bc5f780cf2a323a68559c4952810dca4,False,False,False,False,False,,,1153,2.3715906427843194
stagea__drawer-closed__possession-grasped__locus-drawer-side__support-transverse-low-support__layout-a,v32_closed,drawer,full_trajectory_replay,8,560,12,257886fa56c8ca594b7a52c9ba5c2ece42a4910673fe22140ee0be23dedc7fed,False,False,False,False,False,,,1154,2.2511125454209457
stagea__drawer-closed__possession-grasped__locus-drawer-side__support-transverse-low-support__layout-a,v32_closed,drawer,full_trajectory_replay,9,627,12,54c3e36183cf5ef2a823d528e9503368965fc007ae422f9ac129decd6be47724,False,False,False,False,False,,,1154,2.473870323385452
stagea__drawer-closed__possession-grasped__locus-drawer-side__support-transverse-low-support__layout-a,v32_closed,drawer,full_trajectory_replay,10,684,12,4b41c4e5e61e059c2e83642794a66dcb58b90e9370db1b39755f83c021da75d2,False,False,False,False,False,,,1154,2.353817098057659
stagea__drawer-closed__possession-grasped__locus-drawer-side__support-transverse-low-support__layout-a,v32_closed,drawer,full_trajectory_replay,11,409,12,e8aa2651d0fba6006bbd1ce8844606d4c1e24568d5b42dae3098ea158f05f04f,False,False,False,False,False,,,1155,1.9920982315100102
stagea__drawer-closed__possession-grasped__locus-drawer-side__support-transverse-low-support__layout-a,v32_closed,drawer,full_trajectory_replay,12,548,12,8039f55efc1d3b2afff01d9544afe9a27c13a9fde71ed489cc1888b03d05d72d,False,False,False,False,False,,,1156,2.2982965516284457
stagea__drawer-closed__possession-grasped__locus-drawer-side__support-transverse-low-support__layout-a,v32_closed,drawer,full_trajectory_replay,13,742,12,db2e8c6a4ceb523133f51e21d0d31a8320ab88d1c0c7c0b124435499ea21a230,False,False,False,False,False,,,1157,2.4880937507557954
stagea__drawer-closed__possession-grasped__locus-drawer-side__support-transverse-low-support__layout-a,v32_closed,drawer,full_trajectory_replay,14,790,12,92034ebae21e287f92cdafcaaf1c4cc9ca7d732c105e28653f41c814086a107c,False,False,False,False,False,,,1157,2.3259346070206144
stagea__drawer-closed__possession-grasped__locus-drawer-side__support-transverse-low-support__layout-a,v32_closed,drawer,full_trajectory_replay,15,534,12,47ec06d84d5536c7bc2c903e0f4bc40c38674a2cc7e48d22e791a529d149c23f,False,False,False,False,False,,,1158,2.312172735518278
stagea__drawer-closed__possession-grasped__locus-drawer-side__support-transverse-low-support__layout-a,v32_closed,drawer,full_trajectory_replay,16,498,12,f6ffd6f59a512dc3d6da39d1c991a246f1f6c4fda28c9c6951d1ead81b79d73e,False,False,False,False,False,,,1160,2.3091043248311127
stagea__drawer-closed__possession-grasped__locus-drawer-side__support-transverse-low-support__layout-a,v32_closed,drawer,full_trajectory_replay,17,737,12,24d53009f0c5a3917d02b3366eb875314813a60de3081d1bf69f19e04fcfd2ec,True,False,True,False,False,181.0,,1152,2.309235892480299
stagea__drawer-closed__possession-grasped__locus-drawer-side__support-transverse-low-support__layout-a,v32_closed,drawer,full_trajectory_replay,18,489,12,548f110a2e4050299ae8b3a610c9806b51995a65b74f8a79b83dece3b9636a3f,True,False,True,False,False,183.0,,1154,2.430916196769717
stagea__drawer-closed__possession-grasped__locus-drawer-side__support-transverse-low-support__layout-a,v32_closed,drawer,full_trajectory_replay,19,784,12,d61fad8212342e13bc37c975339f3effa6841a3166deace8fa063482deeb95c4,True,False,True,False,False,185.0,,1156,2.360266285250106
stagea__drawer-closed__possession-grasped__locus-drawer-side__support-transverse-low-support__layout-a,v32_closed,drawer,full_trajectory_replay,20,701,12,4b63123279f4f228439254b39a178ae1dc4773dc6dc6d53eb6d453f24e40eda3,False,False,False,False,False,,,1168,2.421978885493602
stagea__drawer-closed__possession-grasped__locus-drawer-side__support-transverse-low-support__layout-a,v32_closed,drawer,full_trajectory_replay,21,416,12,41b4ab3c6eab78d6c7d147d6b7319f520c6dafa8eee44a2166e002b28cb2fdfd,False,False,False,False,False,,,1169,2.40697417531472
stagea__drawer-closed__possession-grasped__locus-drawer-side__support-transverse-low-support__layout-a,v32_closed,drawer,full_trajectory_replay,22,462,12,40dafe57a26443dcd16aaaca097715e50661a8f0bc112c64947bc2ee28c75703,True,False,True,False,False,186.0,,1157,2.3405538765605947
stagea__drawer-closed__possession-grasped__locus-drawer-side__support-transverse-low-support__layout-a,v32_closed,drawer,full_trajectory_replay,23,494,12,93f39f1498437ddba0efc6eb059cd2b642ab544fab2f3336525878a4763097d4,True,False,True,False,False,189.0,,1160,2.384649720787843
stagea__drawer-closed__possession-grasped__locus-drawer-side__support-transverse-low-support__layout-a,v32_closed,drawer,full_trajectory_replay,24,414,12,9ec592154057d5c791bd6ea65380646ea92cd0d23d38116bae61bcd4d9af6daa,True,False,True,False,False,184.0,,1155,2.357955730501385
stagea__drawer-closed__possession-grasped__locus-drawer-side__support-transverse-low-support__layout-a,v32_closed,drawer,full_trajectory_replay,25,523,12,eff93d2d3123718e86e9f1b41fb58d6a377fbec3687a6300f32204f553b41906,True,False,True,False,False,193.0,,1164,2.4228676513134193
stagea__drawer-closed__possession-grasped__locus-drawer-side__support-transverse-low-support__layout-a,v32_closed,drawer,full_trajectory_replay,26,762,12,5a6ad00de32247a9c04c1b1ae331ac99f700b26de0552cc1171848d4a8682ec3,False,False,False,False,False,,,1172,2.4284689863609827
stagea__drawer-closed__possession-grasped__locus-drawer-side__support-transverse-low-support__layout-a,v32_closed,drawer,full_trajectory_replay,27,758,12,908f23fecbfd35ae5c9dcbedd3858d03ec11dd138bb2dab0f43ee0d4574695b4,False,False,False,False,False,,,1179,2.514738684583357
stagea__drawer-closed__possession-grasped__locus-drawer-side__support-transverse-low-support__layout-a,v32_closed,drawer,full_trajectory_replay,28,782,12,de7cef4f6a636948f4190f834219967d71ea3e72fe0b4f836e50e047f5d757f3,False,False,False,True,False,,,1185,2.2922765850471905
stagea__drawer-closed__possession-grasped__locus-drawer-side__support-transverse-low-support__layout-a,v32_closed,drawer,full_trajectory_replay,29,383,12,f598f486a32782cc98bfad505745987af2a8f37f2e9c4aa94b4ec2f8b9fa8ae4,False,False,False,False,False,,,1188,2.4301822114861
stagea__drawer-closed__possession-grasped__locus-drawer-side__support-transverse-low-support__layout-a,v32_closed,drawer,full_trajectory_replay,30,738,12,8eabf11d95595bb7c52a4944a62cc03da44e1f462b7ad8a09519f9c8d10286aa,True,False,True,False,False,206.0,,1177,2.4933582673253727
stagea__drawer-closed__possession-grasped__locus-drawer-side__support-transverse-low-support__layout-a,v32_closed,drawer,full_trajectory_replay,31,538,12,08ad1772331225b10cf37ff13b272f62c36cb63525e1e766a49b9b0fcb1a42c6,False,False,False,False,False,,,1191,2.6063200811474694
stagea__drawer-closed__possession-grasped__locus-drawer-side__support-transverse-low-support__layout-a,v32_closed,drawer,full_trajectory_replay,32,465,12,e0429b5fe21a733c15e4703fae6c590da9aaff3e0b059bfd634952b78272b52f,False,False,False,False,False,,,1197,2.485195676591048
stagea__drawer-closed__possession-grasped__locus-drawer-side__support-transverse-low-support__layout-a,v32_closed,drawer,full_trajectory_replay,33,449,12,f20bb3de976403a90113d79607775b68c63181b9aaba242dc0f356def02dad3e,False,False,False,False,False,,,1219,3.024510326355008
stagea__drawer-closed__possession-grasped__locus-drawer-side__support-transverse-low-support__layout-a,v32_closed,drawer,full_trajectory_replay,34,711,12,5fbc8383f1842247c97b8be8ec4cb5a910eaea56fe8ac6bc4025f658f74279c2,False,False,False,False,False,,,1221,2.5720095796192446
stagea__drawer-closed__possession-grasped__locus-drawer-side__support-transverse-low-support__layout-a,v32_closed,drawer,full_trajectory_replay,35,387,12,a6b95196dd651f801df5eb0aaac15cabaa4501ebba68b07e61bc42d336c598b2,False,False,False,False,False,,,1240,2.758692896900636
stagea__drawer-closed__possession-grasped__locus-drawer-side__support-transverse-low-support__layout-b,v32_closed,cabinet,full_trajectory_replay,0,438,18,fc624695eb2d39b20e511c8ac6df4923b6bff3cff56ff389622f45310e9278c2,False,False,False,False,False,,,1056,1.7225616930920016
stagea__drawer-closed__possession-grasped__locus-drawer-side__support-transverse-low-support__layout-b,v32_closed,cabinet,full_trajectory_replay,1,712,18,9af535ed5943f0efe94c6e6136614fdd45017940a69a8267687e68416905a9d8,True,False,True,False,False,76.0,,1047,1.7132402227026966
stagea__drawer-closed__possession-grasped__locus-drawer-side__support-transverse-low-support__layout-b,v32_closed,cabinet,full_trajectory_replay,2,669,18,bb63603def241e17b02c89c5513d1ef93cf75f47c260b5b139f120acf22c26f8,False,False,False,False,False,,,1058,1.690936778754313
stagea__drawer-closed__possession-grasped__locus-drawer-side__support-transverse-low-support__layout-b,v32_closed,cabinet,full_trajectory_replay,3,590,18,0348abe806a47069551301e2e86e25fcca5b8db8fd3f5b128630180e19057a9c,True,False,True,False,False,77.0,,1048,1.7149827628878966
stagea__drawer-closed__possession-grasped__locus-drawer-side__support-transverse-low-support__layout-b,v32_closed,cabinet,full_trajectory_replay,4,597,18,3bd590038acfecf91321ca683267c834fb8ebbd4f559e5fd8f89bf1dda561e9f,True,False,True,False,False,79.0,,1050,1.6941443507263445
stagea__drawer-closed__possession-grasped__locus-drawer-side__support-transverse-low-support__layout-b,v32_closed,cabinet,full_trajectory_replay,5,660,18,082d8ee4933e7774b752cd6fbf2ea76a20ff927bf4afa8bd09b7ddc47aefba34,True,False,True,False,False,73.0,,1044,1.6640175196408469
stagea__drawer-closed__possession-grasped__locus-drawer-side__support-transverse-low-support__layout-b,v32_closed,cabinet,full_trajectory_replay,6,458,18,4d4a24b15ada9177614865d055b4dccd354dd4ce8dac9eb391c68984fc50691e,True,False,True,False,False,78.0,,1049,1.712655093909102
stagea__drawer-closed__possession-grasped__locus-drawer-side__support-transverse-low-support__layout-b,v32_closed,cabinet,full_trajectory_replay,7,573,18,2e42787c67b5b157b79e3c3b2980a13563d41b4cbf69a9279c710d30a6292e92,False,False,False,False,False,,,1061,1.7900086102336679
stagea__drawer-closed__possession-grasped__locus-drawer-side__support-transverse-low-support__layout-b,v32_closed,cabinet,full_trajectory_replay,8,681,18,32bf1db8cfb866d929b97eaf4f6ad55599246fef24edf68fea15ede3b5cf005e,True,False,True,False,False,77.0,,1048,1.665202771430471
stagea__drawer-closed__possession-grasped__locus-drawer-side__support-transverse-low-support__layout-b,v32_closed,cabinet,full_trajectory_replay,9,452,18,016fe7cdd6622e9f77775f108f3cb4e4f836ec330ac07003f39fb7e5dbd594d5,True,False,True,False,False,80.0,,1051,1.7619643551270623
stagea__drawer-closed__possession-grasped__locus-drawer-side__support-transverse-low-support__layout-b,v32_closed,cabinet,full_trajectory_replay,10,775,18,b7e8758503c46c2273a688c9d98a5cbf14447ba59301bb326ca3a9078d7ea079,False,False,False,False,False,,,1063,1.7868017597533012
stagea__drawer-closed__possession-grasped__locus-drawer-side__support-transverse-low-support__layout-b,v32_closed,cabinet,full_trajectory_replay,11,665,18,a4a985f59f32ec185896dca87996aa455a720e318f579d3c58b2a88d391ef2bd,True,False,True,False,False,77.0,,1048,1.7012957942505302
stagea__drawer-closed__possession-grasped__locus-drawer-side__support-transverse-low-support__layout-b,v32_closed,cabinet,full_trajectory_replay,12,444,18,4d00108fccbba095038c80424e863deb2221dea2d50d4f2c5a3442f48d6466a2,True,False,True,False,False,84.0,,1055,1.7539477877018488
stagea__drawer-closed__possession-grasped__locus-drawer-side__support-transverse-low-support__layout-b,v32_closed,cabinet,full_trajectory_replay,13,501,18,033327dbdb43b4bfddc6ed286bf6f8e8a6112ffe991905c700c75ec0676b386c,False,False,False,False,False,,,1066,1.748058387544381
stagea__drawer-closed__possession-grasped__locus-drawer-side__support-transverse-low-support__layout-b,v32_closed,cabinet,full_trajectory_replay,14,638,18,a8d81987e6f0f385619548c3982d9078c5c54a76d95ade16b8a982ad08234932,True,False,True,False,False,76.0,,1047,1.6950628222345423
stagea__drawer-closed__possession-grasped__locus-drawer-side__support-transverse-low-support__layout-b,v32_closed,cabinet,full_trajectory_replay,15,674,18,9b9937400a6e113f3901f66bf04dbac00fcbef6b9d999843ef0c651c1d76ce93,False,False,False,False,False,,,1066,1.7711207116584835
stagea__drawer-closed__possession-grasped__locus-drawer-side__support-transverse-low-support__layout-b,v32_closed,cabinet,full_trajectory_replay,16,493,18,6cd7e138d3e7108f26e5396426d285829d7a3044a5068557110ad529c60f88fb,True,False,True,False,False,79.0,,1050,1.7301366408663743
stagea__drawer-closed__possession-grasped__locus-drawer-side__support-transverse-low-support__layout-b,v32_closed,cabinet,full_trajectory_replay,17,636,18,0a4fa289713d5467f4f401adaef6d834685933041fe590343f19ee059e605170,True,False,True,False,False,82.0,,1053,1.7430942487691472
stagea__drawer-closed__possession-grasped__locus-drawer-side__support-transverse-low-support__layout-b,v32_closed,cabinet,full_trajectory_replay,18,699,18,9504ca4f990d01cd111eed0f44cf9f286704e69d2bef21680ad53de5b6c6e501,False,False,False,False,False,,,1067,1.8667287059968076
stagea__drawer-closed__possession-grasped__locus-drawer-side__support-transverse-low-support__layout-b,v32_closed,cabinet,full_trajectory_replay,19,456,18,fe869cc76141d5cbf6d64ee2c3c80a872e3f32bfcb5763bfe38221d3c6f8774f,True,False,True,False,False,88.0,,1059,1.7978258052049039
stagea__drawer-closed__possession-grasped__locus-drawer-side__support-transverse-low-support__layout-b,v32_closed,cabinet,full_trajectory_replay,20,570,18,c2d4c5bdce9483b0609598e4bd984122284c5eef5a4d26eac9681c616139a807,True,False,True,False,False,86.0,,1057,1.782455183723202
stagea__drawer-closed__possession-grasped__locus-drawer-side__support-transverse-low-support__layout-b,v32_closed,cabinet,full_trajectory_replay,21,662,18,9b8d4f7149a62a256faa3e7ea0e5c2f3125d95bea41d4c479b86904e2d505dcf,True,False,True,False,False,85.0,,1056,1.7297631562381555
stagea__drawer-closed__possession-grasped__locus-drawer-side__support-transverse-low-support__layout-b,v32_closed,cabinet,full_trajectory_replay,22,732,18,c3b4ba9df80cca1c1bc20693376c230d3bc01ba9f981bb21aff3d94f5df62a66,True,False,True,False,False,78.0,,1049,1.7271602808063071
stagea__drawer-closed__possession-grasped__locus-drawer-side__support-transverse-low-support__layout-b,v32_closed,cabinet,full_trajectory_replay,23,505,18,69ffa114adff6ac44594f47b51bd23b379470a0da01eb7ed63f3d8a0d4c8775a,True,False,True,False,False,82.0,,1053,1.6924265756928838
stagea__drawer-closed__possession-grasped__locus-drawer-side__support-transverse-low-support__layout-b,v32_closed,cabinet,full_trajectory_replay,24,630,18,d47820b50d009ef5f221017fa25bcb7f75e7cde874bf13cd4a5f40b7d49fe74f,False,False,False,False,False,,,1069,1.7487946785554311
stagea__drawer-closed__possession-grasped__locus-drawer-side__support-transverse-low-support__layout-b,v32_closed,cabinet,full_trajectory_replay,25,743,18,1df868b0e126de6c747a3392f2ae0135f2089140e79694115da746d261455e76,True,False,True,False,False,88.0,,1059,1.739425802836562
stagea__drawer-closed__possession-grasped__locus-drawer-side__support-transverse-low-support__layout-b,v32_closed,cabinet,full_trajectory_replay,26,398,18,dddc06067bf84b0019a1cf050048e588df918f7768911fa406ce110da9ad4689,False,False,False,False,False,,,1070,1.8326027687683832
stagea__drawer-closed__possession-grasped__locus-drawer-side__support-transverse-low-support__layout-b,v32_closed,cabinet,full_trajectory_replay,27,446,18,171014841f360ccb7f224b68357849b87ebcfb38ea27c23f8309cdfd830c7760,True,False,True,False,False,88.0,,1059,1.7548926429269192
stagea__drawer-closed__possession-grasped__locus-drawer-side__support-transverse-low-support__layout-b,v32_closed,cabinet,full_trajectory_replay,28,724,18,8bbb07bf3048a11cd3879887766413ad6a041eb78ef54667a0528d0ab13f7c0c,False,False,False,False,False,,,1071,1.8481322106009799
stagea__drawer-closed__possession-grasped__locus-drawer-side__support-transverse-low-support__layout-b,v32_closed,cabinet,full_trajectory_replay,29,521,18,f404e35757cca7351a7956c0091493689bcae213ebc3f600ad9ca7ec35cc19d8,True,False,True,False,False,84.0,,1055,1.7864872646285437
stagea__drawer-closed__possession-grasped__locus-drawer-side__support-transverse-low-support__layout-b,v32_closed,cabinet,full_trajectory_replay,30,791,18,ab8bc2c0ead1910b94bd3b22c327af072be2575c2b190a011406f4f7286f5de9,True,True,True,False,False,73.0,,1044,1.6567489079455657
stagea__drawer-closed__possession-grasped__locus-drawer-side__support-transverse-low-support__layout-b,v32_closed,cabinet,full_trajectory_replay,31,474,18,5d93ae0bbe8618d7ad32e89a85261166b35dec3bcaa972751dddbaae8f07150c,True,False,True,False,False,82.0,,1053,1.740678487278089
stagea__drawer-closed__possession-grasped__locus-drawer-side__support-transverse-low-support__layout-b,v32_closed,cabinet,full_trajectory_replay,32,514,18,f0570adf2e2cdf55ef01180c8cf15f14c96b33219a8bdcfb110accc19eb31f44,True,False,True,False,False,89.0,,1060,1.839453984443645
stagea__drawer-closed__possession-grasped__locus-drawer-side__support-transverse-low-support__layout-b,v32_closed,cabinet,full_trajectory_replay,33,793,18,321fba85a693c5b82c8fc5d19d784724998b7ca98e765b826b728c3015762066,True,False,True,False,False,87.0,,1058,1.7596631802327993
stagea__drawer-closed__possession-grasped__locus-drawer-side__support-transverse-low-support__layout-b,v32_closed,cabinet,full_trajectory_replay,34,608,18,51b3f339ae2711ec2dee1dcd740cd2c0f3834f5ec75aa5be171a8aabfa384705,True,False,True,False,False,90.0,,1061,1.772198020570374
stagea__drawer-closed__possession-grasped__locus-drawer-side__support-transverse-low-support__layout-b,v32_closed,cabinet,full_trajectory_replay,35,696,18,27ac40ae5b0142c7d2dd195b068a73088bc3ab3ec1564e44ffca7f7e715939b7,True,False,True,False,False,87.0,,1058,1.8255887189007973
stagea__drawer-closed__possession-grasped__locus-drawer-side__support-transverse-low-support__layout-b,v32_closed,cabinet,full_trajectory_replay,36,661,18,79a603a018e5f911a590ae269ad2060c3e7efd307ce515d5e88df99491a895e8,False,False,False,False,False,,,1075,1.8855875308002386
stagea__drawer-closed__possession-grasped__locus-drawer-side__support-transverse-low-support__layout-b,v32_closed,cabinet,full_trajectory_replay,37,745,18,aa1a3bff114b4b0887abbac25cd7b26200e2b2d232d51d48484012ca3ac3efce,True,False,True,False,False,93.0,,1064,1.8367090780745334
stagea__drawer-closed__possession-grasped__locus-drawer-side__support-transverse-low-support__layout-b,v32_closed,cabinet,full_trajectory_replay,38,767,18,bbf383faef21636081e61ca9fa795f26d897115b2e20fe6c0265b2d8e57172af,True,False,True,False,False,90.0,,1061,1.7841600406339222
stagea__drawer-closed__possession-grasped__locus-drawer-side__support-transverse-low-support__layout-b,v32_closed,cabinet,full_trajectory_replay,39,702,18,3fb5394b81ace7223fa4dc390332e7caab954344c8941276b13b63b0de1c2138,True,False,True,False,False,95.0,,1066,1.862650295712212
stagea__drawer-closed__possession-grasped__locus-drawer-side__support-transverse-low-support__layout-b,v32_closed,cabinet,full_trajectory_replay,40,794,18,dcf5210e4570b197e56bdf6a478e82d539aed8c6cdfe5c988d35706a308b1cca,True,False,True,False,False,96.0,,1067,1.8305870696025008
stagea__drawer-closed__possession-grasped__locus-drawer-side__support-transverse-low-support__layout-b,v32_closed,cabinet,full_trajectory_replay,41,689,18,aa0ba50ca5b7f2632e0e1a5e2bb54df31c7b6cda867839b03bdd0567c6411689,True,False,True,False,False,90.0,,1061,1.8202296795926065
stagea__drawer-closed__possession-grasped__locus-drawer-side__support-transverse-low-support__layout-b,v32_closed,cabinet,full_trajectory_replay,42,402,18,8d680111f934c94908dcb0f1528eef18063eb08cd7ed0c0a56e84debd7464d8c,False,False,False,False,False,,,1080,1.936145819987293
stagea__drawer-closed__possession-grasped__locus-drawer-side__support-transverse-low-support__layout-b,v32_closed,cabinet,full_trajectory_replay,43,731,18,5be6d721a6fca1ef425074e8042fb05a80633e90f73f84091fca7a570ba71c84,True,False,True,False,False,89.0,,1060,1.7948217654742367
stagea__drawer-closed__possession-grasped__locus-drawer-side__support-transverse-low-support__layout-b,v32_closed,cabinet,full_trajectory_replay,44,601,18,356b2a75f9d362a1cfb0d6e3fdb65c08269c619643db134c6cedc24fe14feff4,True,False,True,False,False,107.0,,1078,1.7680891874516034
stagea__drawer-closed__possession-grasped__locus-drawer-side__support-transverse-low-support__layout-b,v32_closed,cabinet,full_trajectory_replay,45,706,18,239ae28404bef990e918f40b44f2aa59e45059ea0befe4a202d06f573aa4c5fd,True,False,True,False,False,110.0,,1081,1.9344408491359726
stagea__drawer-closed__possession-grasped__locus-drawer-side__support-transverse-low-support__layout-b,v32_closed,drawer,full_trajectory_replay,0,576,12,c4dc33e0754f25efdaa87c75195a9e18ba603fd17aa500a5ab8751927234e465,False,False,False,False,False,,,1140,2.167927822923447
stagea__drawer-closed__possession-grasped__locus-drawer-side__support-transverse-low-support__layout-b,v32_closed,drawer,full_trajectory_replay,1,694,12,e4d0e6805b6a960d0454858721550b66c578ada98014d5f852301b7bccee4c6e,True,True,True,False,False,162.0,,1133,2.2610044079012463
stagea__drawer-closed__possession-grasped__locus-drawer-side__support-transverse-low-support__layout-b,v32_closed,drawer,full_trajectory_replay,2,614,12,e61d01ded7ab086478e718b79d5a82f3b03ba2f66dca79962533600239750733,True,False,True,False,False,165.0,,1136,2.3370493547649698
stagea__drawer-closed__possession-grasped__locus-drawer-side__support-transverse-low-support__layout-b,v32_closed,drawer,full_trajectory_replay,3,382,12,f26c8e95841a34fdf898d203d26239d6a90e1c07c81f581944655edeb4f60915,True,False,True,False,False,164.0,,1135,2.197509734144266
stagea__drawer-closed__possession-grasped__locus-drawer-side__support-transverse-low-support__layout-b,v32_closed,drawer,full_trajectory_replay,4,526,12,8ebeecff1ddaa357856da5ef867f3055f43a1fe01692dd469542c151b39ea3fc,True,False,True,False,False,166.0,,1137,2.2946398312936216
stagea__drawer-closed__possession-grasped__locus-drawer-side__support-transverse-low-support__layout-b,v32_closed,drawer,full_trajectory_replay,5,594,12,d5c8812af2a306355bb71a52c35164f93ef95ab0ec2a57638db05edb030de728,True,False,True,False,False,169.0,,1140,2.3727913596827026
stagea__drawer-closed__possession-grasped__locus-drawer-side__support-transverse-low-support__layout-b,v32_closed,drawer,full_trajectory_replay,6,559,12,6338c79a0fb6aadb247d383c82552982be98a0fe67a07210aa6cdbb957870a0e,True,False,True,False,False,170.0,,1141,2.2340007605996037
stagea__drawer-closed__possession-grasped__locus-drawer-side__support-transverse-low-support__layout-b,v32_closed,drawer,full_trajectory_replay,7,624,12,adb56e3ec63a390538504dce7dbcfce5bc5f780cf2a323a68559c4952810dca4,True,False,True,False,False,170.0,,1141,2.410648228775291
stagea__drawer-closed__possession-grasped__locus-drawer-side__support-transverse-low-support__layout-b,v32_closed,drawer,full_trajectory_replay,8,560,12,257886fa56c8ca594b7a52c9ba5c2ece42a4910673fe22140ee0be23dedc7fed,True,False,True,False,False,173.0,,1144,2.300720564429958
stagea__drawer-closed__possession-grasped__locus-drawer-side__support-transverse-low-support__layout-b,v32_closed,drawer,full_trajectory_replay,9,627,12,54c3e36183cf5ef2a823d528e9503368965fc007ae422f9ac129decd6be47724,True,False,True,False,False,173.0,,1144,2.4291219926939798
stagea__drawer-closed__possession-grasped__locus-drawer-side__support-transverse-low-support__layout-b,v32_closed,drawer,full_trajectory_replay,10,684,12,4b41c4e5e61e059c2e83642794a66dcb58b90e9370db1b39755f83c021da75d2,True,False,True,False,False,179.0,,1150,2.389267280323694
stagea__drawer-closed__possession-grasped__locus-drawer-side__support-transverse-low-support__layout-b,v32_closed,drawer,full_trajectory_replay,11,409,12,e8aa2651d0fba6006bbd1ce8844606d4c1e24568d5b42dae3098ea158f05f04f,False,False,False,False,False,,,1155,2.248630120488133
stagea__drawer-closed__possession-grasped__locus-drawer-side__support-transverse-low-support__layout-b,v32_closed,drawer,full_trajectory_replay,12,548,12,8039f55efc1d3b2afff01d9544afe9a27c13a9fde71ed489cc1888b03d05d72d,True,False,True,False,False,173.0,,1144,2.2911370781980342
stagea__drawer-closed__possession-grasped__locus-drawer-side__support-transverse-low-support__layout-b,v32_closed,drawer,full_trajectory_replay,13,742,12,db2e8c6a4ceb523133f51e21d0d31a8320ab88d1c0c7c0b124435499ea21a230,False,False,False,False,False,,,1157,2.479346180070839
stagea__drawer-closed__possession-grasped__locus-drawer-side__support-transverse-low-support__layout-b,v32_closed,drawer,full_trajectory_replay,14,790,12,92034ebae21e287f92cdafcaaf1c4cc9ca7d732c105e28653f41c814086a107c,True,False,True,False,False,175.0,,1146,2.365732627519979
stagea__drawer-closed__possession-grasped__locus-drawer-side__support-transverse-low-support__layout-b,v32_closed,drawer,full_trajectory_replay,15,534,12,47ec06d84d5536c7bc2c903e0f4bc40c38674a2cc7e48d22e791a529d149c23f,False,False,False,False,False,,,1158,2.0074737678469243
stagea__drawer-closed__possession-grasped__locus-drawer-side__support-transverse-low-support__layout-b,v32_closed,drawer,full_trajectory_replay,16,498,12,f6ffd6f59a512dc3d6da39d1c991a246f1f6c4fda28c9c6951d1ead81b79d73e,False,False,False,False,False,,,1160,2.3158661761814945
stagea__drawer-closed__possession-grasped__locus-drawer-side__support-transverse-low-support__layout-b,v32_closed,drawer,full_trajectory_replay,17,737,12,24d53009f0c5a3917d02b3366eb875314813a60de3081d1bf69f19e04fcfd2ec,True,False,True,False,False,192.0,,1163,2.3433841313437482
stagea__drawer-closed__possession-grasped__locus-drawer-side__support-transverse-low-support__layout-b,v32_closed,drawer,full_trajectory_replay,18,489,12,548f110a2e4050299ae8b3a610c9806b51995a65b74f8a79b83dece3b9636a3f,True,False,True,False,False,185.0,,1156,2.44399434501861
stagea__drawer-closed__possession-grasped__locus-drawer-side__support-transverse-low-support__layout-b,v32_closed,drawer,full_trajectory_replay,19,784,12,d61fad8212342e13bc37c975339f3effa6841a3166deace8fa063482deeb95c4,False,False,False,False,False,,,1166,2.39561144188489
stagea__drawer-closed__possession-grasped__locus-drawer-side__support-transverse-low-support__layout-b,v32_closed,drawer,full_trajectory_replay,20,701,12,4b63123279f4f228439254b39a178ae1dc4773dc6dc6d53eb6d453f24e40eda3,True,False,True,False,False,186.0,,1157,2.393394276045535
stagea__drawer-closed__possession-grasped__locus-drawer-side__support-transverse-low-support__layout-b,v32_closed,drawer,full_trajectory_replay,21,416,12,41b4ab3c6eab78d6c7d147d6b7319f520c6dafa8eee44a2166e002b28cb2fdfd,False,False,False,False,False,,,1169,2.424831271276016
stagea__drawer-closed__possession-grasped__locus-drawer-side__support-transverse-low-support__layout-b,v32_closed,drawer,full_trajectory_replay,22,462,12,40dafe57a26443dcd16aaaca097715e50661a8f0bc112c64947bc2ee28c75703,True,False,True,False,False,188.0,,1159,2.356575668308132
stagea__drawer-closed__possession-grasped__locus-drawer-side__support-transverse-low-support__layout-b,v32_closed,drawer,full_trajectory_replay,23,494,12,93f39f1498437ddba0efc6eb059cd2b642ab544fab2f3336525878a4763097d4,False,False,False,False,False,,,1169,2.423759327138187
stagea__drawer-closed__possession-grasped__locus-drawer-side__support-transverse-low-support__layout-b,v32_closed,drawer,full_trajectory_replay,24,414,12,9ec592154057d5c791bd6ea65380646ea92cd0d23d38116bae61bcd4d9af6daa,True,False,True,False,False,188.0,,1159,2.389549858171131
stagea__drawer-closed__possession-grasped__locus-drawer-side__support-transverse-low-support__layout-b,v32_closed,drawer,full_trajectory_replay,25,523,12,eff93d2d3123718e86e9f1b41fb58d6a377fbec3687a6300f32204f553b41906,True,False,True,False,False,194.0,,1165,2.4246891610433114
stagea__drawer-closed__possession-grasped__locus-drawer-side__support-transverse-low-support__layout-b,v32_closed,drawer,full_trajectory_replay,26,762,12,5a6ad00de32247a9c04c1b1ae331ac99f700b26de0552cc1171848d4a8682ec3,False,False,False,False,False,,,1172,2.468015128703478
stagea__drawer-closed__possession-grasped__locus-drawer-side__support-transverse-low-support__layout-b,v32_closed,drawer,full_trajectory_replay,27,758,12,908f23fecbfd35ae5c9dcbedd3858d03ec11dd138bb2dab0f43ee0d4574695b4,True,False,True,False,False,198.0,,1169,2.4713832972388188
stagea__drawer-closed__possession-grasped__locus-drawer-side__support-transverse-low-support__layout-b,v32_closed,drawer,full_trajectory_replay,28,782,12,de7cef4f6a636948f4190f834219967d71ea3e72fe0b4f836e50e047f5d757f3,False,False,False,False,False,,,1185,2.405852270444891
stagea__drawer-closed__possession-grasped__locus-drawer-side__support-transverse-low-support__layout-b,v32_closed,drawer,full_trajectory_replay,29,383,12,f598f486a32782cc98bfad505745987af2a8f37f2e9c4aa94b4ec2f8b9fa8ae4,True,False,True,False,False,206.0,,1177,2.511453686979686
stagea__drawer-closed__possession-grasped__locus-drawer-side__support-transverse-low-support__layout-b,v32_closed,drawer,full_trajectory_replay,30,738,12,8eabf11d95595bb7c52a4944a62cc03da44e1f462b7ad8a09519f9c8d10286aa,True,False,True,False,False,210.0,,1181,2.4874688223192924
stagea__drawer-closed__possession-grasped__locus-drawer-side__support-transverse-low-support__layout-b,v32_closed,drawer,full_trajectory_replay,31,538,12,08ad1772331225b10cf37ff13b272f62c36cb63525e1e766a49b9b0fcb1a42c6,True,False,True,False,False,204.0,,1175,2.6220388976512803
stagea__drawer-closed__possession-grasped__locus-drawer-side__support-transverse-low-support__layout-b,v32_closed,drawer,full_trajectory_replay,32,465,12,e0429b5fe21a733c15e4703fae6c590da9aaff3e0b059bfd634952b78272b52f,True,False,True,False,False,220.0,,1191,2.4718992337571053
stagea__drawer-closed__possession-grasped__locus-drawer-side__support-transverse-low-support__layout-b,v32_closed,drawer,full_trajectory_replay,33,449,12,f20bb3de976403a90113d79607775b68c63181b9aaba242dc0f356def02dad3e,True,False,True,False,False,235.0,,1206,2.963538831926542
stagea__drawer-closed__possession-grasped__locus-drawer-side__support-transverse-low-support__layout-b,v32_closed,drawer,full_trajectory_replay,34,711,12,5fbc8383f1842247c97b8be8ec4cb5a910eaea56fe8ac6bc4025f658f74279c2,True,False,True,False,False,243.0,,1214,2.54882118543812
stagea__drawer-closed__possession-grasped__locus-drawer-side__support-transverse-low-support__layout-b,v32_closed,drawer,full_trajectory_replay,35,387,12,a6b95196dd651f801df5eb0aaac15cabaa4501ebba68b07e61bc42d336c598b2,True,False,True,False,False,257.0,,1228,2.8290364958654246
stagea__drawer-closed__possession-on-table__locus-cabinet-side__support-demonstration-near__layout-a,v32_closed,cabinet,full_trajectory_replay,0,438,18,fc624695eb2d39b20e511c8ac6df4923b6bff3cff56ff389622f45310e9278c2,True,True,True,False,False,73.0,,274,1.0957179411461098
stagea__drawer-closed__possession-on-table__locus-cabinet-side__support-demonstration-near__layout-a,v32_closed,cabinet,full_trajectory_replay,1,712,18,9af535ed5943f0efe94c6e6136614fdd45017940a69a8267687e68416905a9d8,False,False,False,False,False,,,287,1.1906157088262996
stagea__drawer-closed__possession-on-table__locus-cabinet-side__support-demonstration-near__layout-a,v32_closed,cabinet,full_trajectory_replay,2,669,18,bb63603def241e17b02c89c5513d1ef93cf75f47c260b5b139f120acf22c26f8,True,False,True,False,False,75.0,,276,1.0787494286435857
stagea__drawer-closed__possession-on-table__locus-cabinet-side__support-demonstration-near__layout-a,v32_closed,cabinet,full_trajectory_replay,3,590,18,0348abe806a47069551301e2e86e25fcca5b8db8fd3f5b128630180e19057a9c,False,False,False,False,False,,,290,1.2028806339941396
stagea__drawer-closed__possession-on-table__locus-cabinet-side__support-demonstration-near__layout-a,v32_closed,cabinet,full_trajectory_replay,4,597,18,3bd590038acfecf91321ca683267c834fb8ebbd4f559e5fd8f89bf1dda561e9f,False,False,False,False,False,,,290,1.1502149091710931
stagea__drawer-closed__possession-on-table__locus-cabinet-side__support-demonstration-near__layout-a,v32_closed,cabinet,full_trajectory_replay,5,660,18,082d8ee4933e7774b752cd6fbf2ea76a20ff927bf4afa8bd09b7ddc47aefba34,False,False,False,False,False,,,290,1.1625888538772162
stagea__drawer-closed__possession-on-table__locus-cabinet-side__support-demonstration-near__layout-a,v32_closed,cabinet,full_trajectory_replay,6,458,18,4d4a24b15ada9177614865d055b4dccd354dd4ce8dac9eb391c68984fc50691e,False,False,False,False,False,,,291,1.1885189308718798
stagea__drawer-closed__possession-on-table__locus-cabinet-side__support-demonstration-near__layout-a,v32_closed,cabinet,full_trajectory_replay,7,573,18,2e42787c67b5b157b79e3c3b2980a13563d41b4cbf69a9279c710d30a6292e92,False,False,False,False,False,,,291,1.2219183928159716
stagea__drawer-closed__possession-on-table__locus-cabinet-side__support-demonstration-near__layout-a,v32_closed,cabinet,full_trajectory_replay,8,681,18,32bf1db8cfb866d929b97eaf4f6ad55599246fef24edf68fea15ede3b5cf005e,False,False,False,False,False,,,291,1.1504526863246936
stagea__drawer-closed__possession-on-table__locus-cabinet-side__support-demonstration-near__layout-a,v32_closed,cabinet,full_trajectory_replay,9,452,18,016fe7cdd6622e9f77775f108f3cb4e4f836ec330ac07003f39fb7e5dbd594d5,False,False,False,False,False,,,293,1.2399631686562134
stagea__drawer-closed__possession-on-table__locus-cabinet-side__support-demonstration-near__layout-a,v32_closed,cabinet,full_trajectory_replay,10,775,18,b7e8758503c46c2273a688c9d98a5cbf14447ba59301bb326ca3a9078d7ea079,False,False,False,False,False,,,293,1.1722949175156987
stagea__drawer-closed__possession-on-table__locus-cabinet-side__support-demonstration-near__layout-a,v32_closed,cabinet,full_trajectory_replay,11,665,18,a4a985f59f32ec185896dca87996aa455a720e318f579d3c58b2a88d391ef2bd,False,False,False,False,False,,,295,1.2225552172348342
stagea__drawer-closed__possession-on-table__locus-cabinet-side__support-demonstration-near__layout-a,v32_closed,cabinet,full_trajectory_replay,12,444,18,4d00108fccbba095038c80424e863deb2221dea2d50d4f2c5a3442f48d6466a2,True,False,True,False,False,82.0,,283,1.1680867935469823
stagea__drawer-closed__possession-on-table__locus-cabinet-side__support-demonstration-near__layout-a,v32_closed,cabinet,full_trajectory_replay,13,501,18,033327dbdb43b4bfddc6ed286bf6f8e8a6112ffe991905c700c75ec0676b386c,False,False,False,False,False,,,296,1.1684350685545362
stagea__drawer-closed__possession-on-table__locus-cabinet-side__support-demonstration-near__layout-a,v32_closed,cabinet,full_trajectory_replay,14,638,18,a8d81987e6f0f385619548c3982d9078c5c54a76d95ade16b8a982ad08234932,False,False,False,False,False,,,296,1.232632100042707
stagea__drawer-closed__possession-on-table__locus-cabinet-side__support-demonstration-near__layout-a,v32_closed,cabinet,full_trajectory_replay,15,674,18,9b9937400a6e113f3901f66bf04dbac00fcbef6b9d999843ef0c651c1d76ce93,False,False,False,False,False,,,296,1.204187845895473
stagea__drawer-closed__possession-on-table__locus-cabinet-side__support-demonstration-near__layout-a,v32_closed,cabinet,full_trajectory_replay,16,493,18,6cd7e138d3e7108f26e5396426d285829d7a3044a5068557110ad529c60f88fb,False,False,False,False,False,,,297,1.233887957593508
stagea__drawer-closed__possession-on-table__locus-cabinet-side__support-demonstration-near__layout-a,v32_closed,cabinet,full_trajectory_replay,17,636,18,0a4fa289713d5467f4f401adaef6d834685933041fe590343f19ee059e605170,False,False,False,False,False,,,297,1.2261051661520486
stagea__drawer-closed__possession-on-table__locus-cabinet-side__support-demonstration-near__layout-a,v32_closed,cabinet,full_trajectory_replay,18,699,18,9504ca4f990d01cd111eed0f44cf9f286704e69d2bef21680ad53de5b6c6e501,True,False,True,False,False,80.0,,281,1.2338608620262723
stagea__drawer-closed__possession-on-table__locus-cabinet-side__support-demonstration-near__layout-a,v32_closed,cabinet,full_trajectory_replay,19,456,18,fe869cc76141d5cbf6d64ee2c3c80a872e3f32bfcb5763bfe38221d3c6f8774f,True,False,True,False,False,86.0,,287,1.2231761744128549
stagea__drawer-closed__possession-on-table__locus-cabinet-side__support-demonstration-near__layout-a,v32_closed,cabinet,full_trajectory_replay,20,570,18,c2d4c5bdce9483b0609598e4bd984122284c5eef5a4d26eac9681c616139a807,False,False,False,False,False,,,298,1.2527202728079414
stagea__drawer-closed__possession-on-table__locus-cabinet-side__support-demonstration-near__layout-a,v32_closed,cabinet,full_trajectory_replay,21,662,18,9b8d4f7149a62a256faa3e7ea0e5c2f3125d95bea41d4c479b86904e2d505dcf,True,False,True,False,False,81.0,,282,1.1387128376389446
stagea__drawer-closed__possession-on-table__locus-cabinet-side__support-demonstration-near__layout-a,v32_closed,cabinet,full_trajectory_replay,22,732,18,c3b4ba9df80cca1c1bc20693376c230d3bc01ba9f981bb21aff3d94f5df62a66,True,False,True,False,False,79.0,,280,1.1662730895605964
stagea__drawer-closed__possession-on-table__locus-cabinet-side__support-demonstration-near__layout-a,v32_closed,cabinet,full_trajectory_replay,23,505,18,69ffa114adff6ac44594f47b51bd23b379470a0da01eb7ed63f3d8a0d4c8775a,False,False,False,False,False,,,299,1.1991694812585478
stagea__drawer-closed__possession-on-table__locus-cabinet-side__support-demonstration-near__layout-a,v32_closed,cabinet,full_trajectory_replay,24,630,18,d47820b50d009ef5f221017fa25bcb7f75e7cde874bf13cd4a5f40b7d49fe74f,True,False,True,False,False,87.0,,288,1.1634627402127464
stagea__drawer-closed__possession-on-table__locus-cabinet-side__support-demonstration-near__layout-a,v32_closed,cabinet,full_trajectory_replay,25,743,18,1df868b0e126de6c747a3392f2ae0135f2089140e79694115da746d261455e76,True,False,True,False,False,89.0,,290,1.1655037536528212
stagea__drawer-closed__possession-on-table__locus-cabinet-side__support-demonstration-near__layout-a,v32_closed,cabinet,full_trajectory_replay,26,398,18,dddc06067bf84b0019a1cf050048e588df918f7768911fa406ce110da9ad4689,False,False,False,False,False,,,300,1.2658317232790597
stagea__drawer-closed__possession-on-table__locus-cabinet-side__support-demonstration-near__layout-a,v32_closed,cabinet,full_trajectory_replay,27,446,18,171014841f360ccb7f224b68357849b87ebcfb38ea27c23f8309cdfd830c7760,True,False,True,False,False,88.0,,289,1.1809808660050678
stagea__drawer-closed__possession-on-table__locus-cabinet-side__support-demonstration-near__layout-a,v32_closed,cabinet,full_trajectory_replay,28,724,18,8bbb07bf3048a11cd3879887766413ad6a041eb78ef54667a0528d0ab13f7c0c,False,False,False,False,False,,,301,1.2671929670574116
stagea__drawer-closed__possession-on-table__locus-cabinet-side__support-demonstration-near__layout-a,v32_closed,cabinet,full_trajectory_replay,29,521,18,f404e35757cca7351a7956c0091493689bcae213ebc3f600ad9ca7ec35cc19d8,True,False,True,False,False,83.0,,284,1.212396303770833
stagea__drawer-closed__possession-on-table__locus-cabinet-side__support-demonstration-near__layout-a,v32_closed,cabinet,full_trajectory_replay,30,791,18,ab8bc2c0ead1910b94bd3b22c327af072be2575c2b190a011406f4f7286f5de9,False,False,False,False,False,,,302,1.2097749085506009
stagea__drawer-closed__possession-on-table__locus-cabinet-side__support-demonstration-near__layout-a,v32_closed,cabinet,full_trajectory_replay,31,474,18,5d93ae0bbe8618d7ad32e89a85261166b35dec3bcaa972751dddbaae8f07150c,True,False,True,False,False,84.0,,285,1.1915785161059755
stagea__drawer-closed__possession-on-table__locus-cabinet-side__support-demonstration-near__layout-a,v32_closed,cabinet,full_trajectory_replay,32,514,18,f0570adf2e2cdf55ef01180c8cf15f14c96b33219a8bdcfb110accc19eb31f44,True,False,True,False,False,89.0,,290,1.2688938713089741
stagea__drawer-closed__possession-on-table__locus-cabinet-side__support-demonstration-near__layout-a,v32_closed,cabinet,full_trajectory_replay,33,793,18,321fba85a693c5b82c8fc5d19d784724998b7ca98e765b826b728c3015762066,False,False,False,False,False,,,303,1.2423874473531922
stagea__drawer-closed__possession-on-table__locus-cabinet-side__support-demonstration-near__layout-a,v32_closed,cabinet,full_trajectory_replay,34,608,18,51b3f339ae2711ec2dee1dcd740cd2c0f3834f5ec75aa5be171a8aabfa384705,True,False,True,False,False,92.0,,293,1.22570638776334
stagea__drawer-closed__possession-on-table__locus-cabinet-side__support-demonstration-near__layout-a,v32_closed,cabinet,full_trajectory_replay,35,696,18,27ac40ae5b0142c7d2dd195b068a73088bc3ab3ec1564e44ffca7f7e715939b7,True,False,True,False,False,87.0,,288,1.2576705378192998
stagea__drawer-closed__possession-on-table__locus-cabinet-side__support-demonstration-near__layout-a,v32_closed,cabinet,full_trajectory_replay,36,661,18,79a603a018e5f911a590ae269ad2060c3e7efd307ce515d5e88df99491a895e8,True,False,True,False,False,86.0,,287,1.2370476090510518
stagea__drawer-closed__possession-on-table__locus-cabinet-side__support-demonstration-near__layout-a,v32_closed,cabinet,full_trajectory_replay,37,745,18,aa1a3bff114b4b0887abbac25cd7b26200e2b2d232d51d48484012ca3ac3efce,True,False,True,False,False,90.0,,291,1.2879339857375256
stagea__drawer-closed__possession-on-table__locus-cabinet-side__support-demonstration-near__layout-a,v32_closed,cabinet,full_trajectory_replay,38,767,18,bbf383faef21636081e61ca9fa795f26d897115b2e20fe6c0265b2d8e57172af,True,False,True,False,False,89.0,,290,1.2078883737008295
stagea__drawer-closed__possession-on-table__locus-cabinet-side__support-demonstration-near__layout-a,v32_closed,cabinet,full_trajectory_replay,39,702,18,3fb5394b81ace7223fa4dc390332e7caab954344c8941276b13b63b0de1c2138,False,False,False,False,False,,,306,1.3182052717064732
stagea__drawer-closed__possession-on-table__locus-cabinet-side__support-demonstration-near__layout-a,v32_closed,cabinet,full_trajectory_replay,40,794,18,dcf5210e4570b197e56bdf6a478e82d539aed8c6cdfe5c988d35706a308b1cca,True,False,True,False,False,96.0,,297,1.2606476082888474
stagea__drawer-closed__possession-on-table__locus-cabinet-side__support-demonstration-near__layout-a,v32_closed,cabinet,full_trajectory_replay,41,689,18,aa0ba50ca5b7f2632e0e1a5e2bb54df31c7b6cda867839b03bdd0567c6411689,True,False,True,False,False,90.0,,291,1.2514090642248201
stagea__drawer-closed__possession-on-table__locus-cabinet-side__support-demonstration-near__layout-a,v32_closed,cabinet,full_trajectory_replay,42,402,18,8d680111f934c94908dcb0f1528eef18063eb08cd7ed0c0a56e84debd7464d8c,False,False,False,False,False,,,310,1.3724701260231784
stagea__drawer-closed__possession-on-table__locus-cabinet-side__support-demonstration-near__layout-a,v32_closed,cabinet,full_trajectory_replay,43,731,18,5be6d721a6fca1ef425074e8042fb05a80633e90f73f84091fca7a570ba71c84,True,False,True,False,False,89.0,,290,1.224995332099754
stagea__drawer-closed__possession-on-table__locus-cabinet-side__support-demonstration-near__layout-a,v32_closed,cabinet,full_trajectory_replay,44,601,18,356b2a75f9d362a1cfb0d6e3fdb65c08269c619643db134c6cedc24fe14feff4,True,False,True,False,False,106.0,,307,1.193663144732514
stagea__drawer-closed__possession-on-table__locus-cabinet-side__support-demonstration-near__layout-a,v32_closed,cabinet,full_trajectory_replay,45,706,18,239ae28404bef990e918f40b44f2aa59e45059ea0befe4a202d06f573aa4c5fd,True,False,True,False,False,110.0,,311,1.366564774645892
stagea__drawer-closed__possession-on-table__locus-cabinet-side__support-demonstration-near__layout-a,v32_closed,drawer,full_trajectory_replay,0,576,12,c4dc33e0754f25efdaa87c75195a9e18ba603fd17aa500a5ab8751927234e465,False,False,False,False,False,,,370,1.6638985680983258
stagea__drawer-closed__possession-on-table__locus-cabinet-side__support-demonstration-near__layout-a,v32_closed,drawer,full_trajectory_replay,1,694,12,e4d0e6805b6a960d0454858721550b66c578ada98014d5f852301b7bccee4c6e,True,True,True,False,False,162.0,,363,1.6811642274352026
stagea__drawer-closed__possession-on-table__locus-cabinet-side__support-demonstration-near__layout-a,v32_closed,drawer,full_trajectory_replay,2,614,12,e61d01ded7ab086478e718b79d5a82f3b03ba2f66dca79962533600239750733,False,False,False,False,False,,,376,1.7858156562096543
stagea__drawer-closed__possession-on-table__locus-cabinet-side__support-demonstration-near__layout-a,v32_closed,drawer,full_trajectory_replay,3,382,12,f26c8e95841a34fdf898d203d26239d6a90e1c07c81f581944655edeb4f60915,True,False,True,False,False,165.0,,366,1.6328392349923027
stagea__drawer-closed__possession-on-table__locus-cabinet-side__support-demonstration-near__layout-a,v32_closed,drawer,full_trajectory_replay,4,526,12,8ebeecff1ddaa357856da5ef867f3055f43a1fe01692dd469542c151b39ea3fc,True,False,True,False,False,166.0,,367,1.7218147261841907
stagea__drawer-closed__possession-on-table__locus-cabinet-side__support-demonstration-near__layout-a,v32_closed,drawer,full_trajectory_replay,5,594,12,d5c8812af2a306355bb71a52c35164f93ef95ab0ec2a57638db05edb030de728,False,False,False,False,False,,,378,1.7934680225113866
stagea__drawer-closed__possession-on-table__locus-cabinet-side__support-demonstration-near__layout-a,v32_closed,drawer,full_trajectory_replay,6,559,12,6338c79a0fb6aadb247d383c82552982be98a0fe67a07210aa6cdbb957870a0e,False,False,False,False,False,,,382,1.6777554469259628
stagea__drawer-closed__possession-on-table__locus-cabinet-side__support-demonstration-near__layout-a,v32_closed,drawer,full_trajectory_replay,7,624,12,adb56e3ec63a390538504dce7dbcfce5bc5f780cf2a323a68559c4952810dca4,False,False,False,False,False,,,383,1.8145411193151786
stagea__drawer-closed__possession-on-table__locus-cabinet-side__support-demonstration-near__layout-a,v32_closed,drawer,full_trajectory_replay,8,560,12,257886fa56c8ca594b7a52c9ba5c2ece42a4910673fe22140ee0be23dedc7fed,True,False,True,False,False,173.0,,374,1.7345986256948065
stagea__drawer-closed__possession-on-table__locus-cabinet-side__support-demonstration-near__layout-a,v32_closed,drawer,full_trajectory_replay,9,627,12,54c3e36183cf5ef2a823d528e9503368965fc007ae422f9ac129decd6be47724,False,False,False,False,False,,,384,1.8992556316807103
stagea__drawer-closed__possession-on-table__locus-cabinet-side__support-demonstration-near__layout-a,v32_closed,drawer,full_trajectory_replay,10,684,12,4b41c4e5e61e059c2e83642794a66dcb58b90e9370db1b39755f83c021da75d2,False,False,False,False,False,,,384,1.7915851781665468
stagea__drawer-closed__possession-on-table__locus-cabinet-side__support-demonstration-near__layout-a,v32_closed,drawer,full_trajectory_replay,11,409,12,e8aa2651d0fba6006bbd1ce8844606d4c1e24568d5b42dae3098ea158f05f04f,False,False,False,False,False,,,385,1.4162776602644782
stagea__drawer-closed__possession-on-table__locus-cabinet-side__support-demonstration-near__layout-a,v32_closed,drawer,full_trajectory_replay,12,548,12,8039f55efc1d3b2afff01d9544afe9a27c13a9fde71ed489cc1888b03d05d72d,False,False,False,False,False,,,386,1.729771132879395
stagea__drawer-closed__possession-on-table__locus-cabinet-side__support-demonstration-near__layout-a,v32_closed,drawer,full_trajectory_replay,13,742,12,db2e8c6a4ceb523133f51e21d0d31a8320ab88d1c0c7c0b124435499ea21a230,False,False,False,False,False,,,387,1.9222415820049301
stagea__drawer-closed__possession-on-table__locus-cabinet-side__support-demonstration-near__layout-a,v32_closed,drawer,full_trajectory_replay,14,790,12,92034ebae21e287f92cdafcaaf1c4cc9ca7d732c105e28653f41c814086a107c,False,False,False,False,False,,,387,1.7604289952112784
stagea__drawer-closed__possession-on-table__locus-cabinet-side__support-demonstration-near__layout-a,v32_closed,drawer,full_trajectory_replay,15,534,12,47ec06d84d5536c7bc2c903e0f4bc40c38674a2cc7e48d22e791a529d149c23f,False,False,False,False,False,,,388,1.7543068961052817
stagea__drawer-closed__possession-on-table__locus-cabinet-side__support-demonstration-near__layout-a,v32_closed,drawer,full_trajectory_replay,16,498,12,f6ffd6f59a512dc3d6da39d1c991a246f1f6c4fda28c9c6951d1ead81b79d73e,False,False,False,False,False,,,390,1.7428438196448928
stagea__drawer-closed__possession-on-table__locus-cabinet-side__support-demonstration-near__layout-a,v32_closed,drawer,full_trajectory_replay,17,737,12,24d53009f0c5a3917d02b3366eb875314813a60de3081d1bf69f19e04fcfd2ec,True,False,True,False,False,180.0,,381,1.7361362339904312
stagea__drawer-closed__possession-on-table__locus-cabinet-side__support-demonstration-near__layout-a,v32_closed,drawer,full_trajectory_replay,18,489,12,548f110a2e4050299ae8b3a610c9806b51995a65b74f8a79b83dece3b9636a3f,True,False,True,False,False,183.0,,384,1.8626159821924175
stagea__drawer-closed__possession-on-table__locus-cabinet-side__support-demonstration-near__layout-a,v32_closed,drawer,full_trajectory_replay,19,784,12,d61fad8212342e13bc37c975339f3effa6841a3166deace8fa063482deeb95c4,True,False,True,False,False,185.0,,386,1.7932363394032533
stagea__drawer-closed__possession-on-table__locus-cabinet-side__support-demonstration-near__layout-a,v32_closed,drawer,full_trajectory_replay,20,701,12,4b63123279f4f228439254b39a178ae1dc4773dc6dc6d53eb6d453f24e40eda3,True,False,True,False,False,186.0,,387,1.8268681021116526
stagea__drawer-closed__possession-on-table__locus-cabinet-side__support-demonstration-near__layout-a,v32_closed,drawer,full_trajectory_replay,21,416,12,41b4ab3c6eab78d6c7d147d6b7319f520c6dafa8eee44a2166e002b28cb2fdfd,False,False,False,False,False,,,399,1.8408677780921023
stagea__drawer-closed__possession-on-table__locus-cabinet-side__support-demonstration-near__layout-a,v32_closed,drawer,full_trajectory_replay,22,462,12,40dafe57a26443dcd16aaaca097715e50661a8f0bc112c64947bc2ee28c75703,False,False,False,False,False,,,399,1.8058490430004566
stagea__drawer-closed__possession-on-table__locus-cabinet-side__support-demonstration-near__layout-a,v32_closed,drawer,full_trajectory_replay,23,494,12,93f39f1498437ddba0efc6eb059cd2b642ab544fab2f3336525878a4763097d4,True,False,True,False,False,189.0,,390,1.821665500931253
stagea__drawer-closed__possession-on-table__locus-cabinet-side__support-demonstration-near__layout-a,v32_closed,drawer,full_trajectory_replay,24,414,12,9ec592154057d5c791bd6ea65380646ea92cd0d23d38116bae61bcd4d9af6daa,True,False,True,False,False,185.0,,386,1.7982502327091783
stagea__drawer-closed__possession-on-table__locus-cabinet-side__support-demonstration-near__layout-a,v32_closed,drawer,full_trajectory_replay,25,523,12,eff93d2d3123718e86e9f1b41fb58d6a377fbec3687a6300f32204f553b41906,True,False,True,False,False,193.0,,394,1.8579589429160706
stagea__drawer-closed__possession-on-table__locus-cabinet-side__support-demonstration-near__layout-a,v32_closed,drawer,full_trajectory_replay,26,762,12,5a6ad00de32247a9c04c1b1ae331ac99f700b26de0552cc1171848d4a8682ec3,False,False,False,False,False,,,402,1.8780788424809804
stagea__drawer-closed__possession-on-table__locus-cabinet-side__support-demonstration-near__layout-a,v32_closed,drawer,full_trajectory_replay,27,758,12,908f23fecbfd35ae5c9dcbedd3858d03ec11dd138bb2dab0f43ee0d4574695b4,False,False,False,False,False,,,409,1.9475163393899482
stagea__drawer-closed__possession-on-table__locus-cabinet-side__support-demonstration-near__layout-a,v32_closed,drawer,full_trajectory_replay,28,782,12,de7cef4f6a636948f4190f834219967d71ea3e72fe0b4f836e50e047f5d757f3,False,False,False,False,False,,,415,1.682133449216054
stagea__drawer-closed__possession-on-table__locus-cabinet-side__support-demonstration-near__layout-a,v32_closed,drawer,full_trajectory_replay,29,383,12,f598f486a32782cc98bfad505745987af2a8f37f2e9c4aa94b4ec2f8b9fa8ae4,True,False,True,False,False,206.0,,407,1.938852396223864
stagea__drawer-closed__possession-on-table__locus-cabinet-side__support-demonstration-near__layout-a,v32_closed,drawer,full_trajectory_replay,30,738,12,8eabf11d95595bb7c52a4944a62cc03da44e1f462b7ad8a09519f9c8d10286aa,True,False,True,False,False,207.0,,408,1.9278603346392118
stagea__drawer-closed__possession-on-table__locus-cabinet-side__support-demonstration-near__layout-a,v32_closed,drawer,full_trajectory_replay,31,538,12,08ad1772331225b10cf37ff13b272f62c36cb63525e1e766a49b9b0fcb1a42c6,False,False,False,False,False,,,421,2.0419023526468734
stagea__drawer-closed__possession-on-table__locus-cabinet-side__support-demonstration-near__layout-a,v32_closed,drawer,full_trajectory_replay,32,465,12,e0429b5fe21a733c15e4703fae6c590da9aaff3e0b059bfd634952b78272b52f,False,False,False,False,False,,,427,1.9233231092809646
stagea__drawer-closed__possession-on-table__locus-cabinet-side__support-demonstration-near__layout-a,v32_closed,drawer,full_trajectory_replay,33,449,12,f20bb3de976403a90113d79607775b68c63181b9aaba242dc0f356def02dad3e,True,False,True,False,False,237.0,,438,2.406035223921628
stagea__drawer-closed__possession-on-table__locus-cabinet-side__support-demonstration-near__layout-a,v32_closed,drawer,full_trajectory_replay,34,711,12,5fbc8383f1842247c97b8be8ec4cb5a910eaea56fe8ac6bc4025f658f74279c2,False,False,False,False,False,,,451,1.9753160353223895
stagea__drawer-closed__possession-on-table__locus-cabinet-side__support-demonstration-near__layout-a,v32_closed,drawer,full_trajectory_replay,35,387,12,a6b95196dd651f801df5eb0aaac15cabaa4501ebba68b07e61bc42d336c598b2,False,False,False,False,False,,,470,2.1952102732816097
stagea__drawer-closed__possession-on-table__locus-cabinet-side__support-demonstration-near__layout-b,v32_closed,cabinet,full_trajectory_replay,0,438,18,fc624695eb2d39b20e511c8ac6df4923b6bff3cff56ff389622f45310e9278c2,False,False,False,False,False,,,286,1.1550360959631158
stagea__drawer-closed__possession-on-table__locus-cabinet-side__support-demonstration-near__layout-b,v32_closed,cabinet,full_trajectory_replay,1,712,18,9af535ed5943f0efe94c6e6136614fdd45017940a69a8267687e68416905a9d8,True,False,True,False,False,77.0,,278,1.157264509903643
stagea__drawer-closed__possession-on-table__locus-cabinet-side__support-demonstration-near__layout-b,v32_closed,cabinet,full_trajectory_replay,2,669,18,bb63603def241e17b02c89c5513d1ef93cf75f47c260b5b139f120acf22c26f8,False,False,False,False,False,,,288,1.1078212096704416
stagea__drawer-closed__possession-on-table__locus-cabinet-side__support-demonstration-near__layout-b,v32_closed,cabinet,full_trajectory_replay,3,590,18,0348abe806a47069551301e2e86e25fcca5b8db8fd3f5b128630180e19057a9c,True,False,True,False,False,78.0,,279,1.15820487547495
stagea__drawer-closed__possession-on-table__locus-cabinet-side__support-demonstration-near__layout-b,v32_closed,cabinet,full_trajectory_replay,4,597,18,3bd590038acfecf91321ca683267c834fb8ebbd4f559e5fd8f89bf1dda561e9f,True,False,True,False,False,78.0,,279,1.1229433753362874
stagea__drawer-closed__possession-on-table__locus-cabinet-side__support-demonstration-near__layout-b,v32_closed,cabinet,full_trajectory_replay,5,660,18,082d8ee4933e7774b752cd6fbf2ea76a20ff927bf4afa8bd09b7ddc47aefba34,True,False,True,False,False,77.0,,278,1.134464237704483
stagea__drawer-closed__possession-on-table__locus-cabinet-side__support-demonstration-near__layout-b,v32_closed,cabinet,full_trajectory_replay,6,458,18,4d4a24b15ada9177614865d055b4dccd354dd4ce8dac9eb391c68984fc50691e,True,False,True,False,False,79.0,,280,1.1533091283226524
stagea__drawer-closed__possession-on-table__locus-cabinet-side__support-demonstration-near__layout-b,v32_closed,cabinet,full_trajectory_replay,7,573,18,2e42787c67b5b157b79e3c3b2980a13563d41b4cbf69a9279c710d30a6292e92,True,False,True,False,False,79.0,,280,1.1817381412818835
stagea__drawer-closed__possession-on-table__locus-cabinet-side__support-demonstration-near__layout-b,v32_closed,cabinet,full_trajectory_replay,8,681,18,32bf1db8cfb866d929b97eaf4f6ad55599246fef24edf68fea15ede3b5cf005e,True,False,True,False,False,79.0,,280,1.120818719294685
stagea__drawer-closed__possession-on-table__locus-cabinet-side__support-demonstration-near__layout-b,v32_closed,cabinet,full_trajectory_replay,9,452,18,016fe7cdd6622e9f77775f108f3cb4e4f836ec330ac07003f39fb7e5dbd594d5,True,False,True,False,False,80.0,,281,1.1964130966308757
stagea__drawer-closed__possession-on-table__locus-cabinet-side__support-demonstration-near__layout-b,v32_closed,cabinet,full_trajectory_replay,10,775,18,b7e8758503c46c2273a688c9d98a5cbf14447ba59301bb326ca3a9078d7ea079,False,False,False,False,False,,,293,1.1903829248643187
stagea__drawer-closed__possession-on-table__locus-cabinet-side__support-demonstration-near__layout-b,v32_closed,cabinet,full_trajectory_replay,11,665,18,a4a985f59f32ec185896dca87996aa455a720e318f579d3c58b2a88d391ef2bd,True,False,True,False,False,77.0,,278,1.1384800822212995
stagea__drawer-closed__possession-on-table__locus-cabinet-side__support-demonstration-near__layout-b,v32_closed,cabinet,full_trajectory_replay,12,444,18,4d00108fccbba095038c80424e863deb2221dea2d50d4f2c5a3442f48d6466a2,True,False,True,False,False,84.0,,285,1.189592723137796
stagea__drawer-closed__possession-on-table__locus-cabinet-side__support-demonstration-near__layout-b,v32_closed,cabinet,full_trajectory_replay,13,501,18,033327dbdb43b4bfddc6ed286bf6f8e8a6112ffe991905c700c75ec0676b386c,True,False,True,False,False,85.0,,286,1.1539777624682617
stagea__drawer-closed__possession-on-table__locus-cabinet-side__support-demonstration-near__layout-b,v32_closed,cabinet,full_trajectory_replay,14,638,18,a8d81987e6f0f385619548c3982d9078c5c54a76d95ade16b8a982ad08234932,True,False,True,False,False,76.0,,277,1.1286882120243504
stagea__drawer-closed__possession-on-table__locus-cabinet-side__support-demonstration-near__layout-b,v32_closed,cabinet,full_trajectory_replay,15,674,18,9b9937400a6e113f3901f66bf04dbac00fcbef6b9d999843ef0c651c1d76ce93,True,False,True,False,False,83.0,,284,1.1724577486659495
stagea__drawer-closed__possession-on-table__locus-cabinet-side__support-demonstration-near__layout-b,v32_closed,cabinet,full_trajectory_replay,16,493,18,6cd7e138d3e7108f26e5396426d285829d7a3044a5068557110ad529c60f88fb,True,False,True,False,False,79.0,,280,1.166072184645916
stagea__drawer-closed__possession-on-table__locus-cabinet-side__support-demonstration-near__layout-b,v32_closed,cabinet,full_trajectory_replay,17,636,18,0a4fa289713d5467f4f401adaef6d834685933041fe590343f19ee059e605170,True,False,True,False,False,82.0,,283,1.1788166856732
stagea__drawer-closed__possession-on-table__locus-cabinet-side__support-demonstration-near__layout-b,v32_closed,cabinet,full_trajectory_replay,18,699,18,9504ca4f990d01cd111eed0f44cf9f286704e69d2bef21680ad53de5b6c6e501,False,False,False,False,False,,,297,1.3022378495237907
stagea__drawer-closed__possession-on-table__locus-cabinet-side__support-demonstration-near__layout-b,v32_closed,cabinet,full_trajectory_replay,19,456,18,fe869cc76141d5cbf6d64ee2c3c80a872e3f32bfcb5763bfe38221d3c6f8774f,True,False,True,False,False,86.0,,287,1.225600818471127
stagea__drawer-closed__possession-on-table__locus-cabinet-side__support-demonstration-near__layout-b,v32_closed,cabinet,full_trajectory_replay,20,570,18,c2d4c5bdce9483b0609598e4bd984122284c5eef5a4d26eac9681c616139a807,True,False,True,False,False,86.0,,287,1.2165451953561044
stagea__drawer-closed__possession-on-table__locus-cabinet-side__support-demonstration-near__layout-b,v32_closed,cabinet,full_trajectory_replay,21,662,18,9b8d4f7149a62a256faa3e7ea0e5c2f3125d95bea41d4c479b86904e2d505dcf,True,False,True,False,False,86.0,,287,1.1666562636803883
stagea__drawer-closed__possession-on-table__locus-cabinet-side__support-demonstration-near__layout-b,v32_closed,cabinet,full_trajectory_replay,22,732,18,c3b4ba9df80cca1c1bc20693376c230d3bc01ba9f981bb21aff3d94f5df62a66,True,False,True,False,False,78.0,,279,1.1607325887588473
stagea__drawer-closed__possession-on-table__locus-cabinet-side__support-demonstration-near__layout-b,v32_closed,cabinet,full_trajectory_replay,23,505,18,69ffa114adff6ac44594f47b51bd23b379470a0da01eb7ed63f3d8a0d4c8775a,True,False,True,False,False,85.0,,286,1.1547135627778056
stagea__drawer-closed__possession-on-table__locus-cabinet-side__support-demonstration-near__layout-b,v32_closed,cabinet,full_trajectory_replay,24,630,18,d47820b50d009ef5f221017fa25bcb7f75e7cde874bf13cd4a5f40b7d49fe74f,True,False,True,False,False,86.0,,287,1.1625318207048263
stagea__drawer-closed__possession-on-table__locus-cabinet-side__support-demonstration-near__layout-b,v32_closed,cabinet,full_trajectory_replay,25,743,18,1df868b0e126de6c747a3392f2ae0135f2089140e79694115da746d261455e76,False,False,False,False,False,,,299,1.1977080418463943
stagea__drawer-closed__possession-on-table__locus-cabinet-side__support-demonstration-near__layout-b,v32_closed,cabinet,full_trajectory_replay,26,398,18,dddc06067bf84b0019a1cf050048e588df918f7768911fa406ce110da9ad4689,False,False,False,False,False,,,300,1.268385956637525
stagea__drawer-closed__possession-on-table__locus-cabinet-side__support-demonstration-near__layout-b,v32_closed,cabinet,full_trajectory_replay,27,446,18,171014841f360ccb7f224b68357849b87ebcfb38ea27c23f8309cdfd830c7760,True,False,True,False,False,89.0,,290,1.1934318307204195
stagea__drawer-closed__possession-on-table__locus-cabinet-side__support-demonstration-near__layout-b,v32_closed,cabinet,full_trajectory_replay,28,724,18,8bbb07bf3048a11cd3879887766413ad6a041eb78ef54667a0528d0ab13f7c0c,True,False,True,False,False,88.0,,289,1.2189693932544274
stagea__drawer-closed__possession-on-table__locus-cabinet-side__support-demonstration-near__layout-b,v32_closed,cabinet,full_trajectory_replay,29,521,18,f404e35757cca7351a7956c0091493689bcae213ebc3f600ad9ca7ec35cc19d8,True,False,True,False,False,84.0,,285,1.2215943781197176
stagea__drawer-closed__possession-on-table__locus-cabinet-side__support-demonstration-near__layout-b,v32_closed,cabinet,full_trajectory_replay,30,791,18,ab8bc2c0ead1910b94bd3b22c327af072be2575c2b190a011406f4f7286f5de9,True,True,True,False,False,76.0,,277,1.089666302369215
stagea__drawer-closed__possession-on-table__locus-cabinet-side__support-demonstration-near__layout-b,v32_closed,cabinet,full_trajectory_replay,31,474,18,5d93ae0bbe8618d7ad32e89a85261166b35dec3bcaa972751dddbaae8f07150c,False,False,False,False,False,,,303,1.3007192806799166
stagea__drawer-closed__possession-on-table__locus-cabinet-side__support-demonstration-near__layout-b,v32_closed,cabinet,full_trajectory_replay,32,514,18,f0570adf2e2cdf55ef01180c8cf15f14c96b33219a8bdcfb110accc19eb31f44,True,False,True,False,False,90.0,,291,1.2792990131372544
stagea__drawer-closed__possession-on-table__locus-cabinet-side__support-demonstration-near__layout-b,v32_closed,cabinet,full_trajectory_replay,33,793,18,321fba85a693c5b82c8fc5d19d784724998b7ca98e765b826b728c3015762066,True,False,True,False,False,86.0,,287,1.1896537306828818
stagea__drawer-closed__possession-on-table__locus-cabinet-side__support-demonstration-near__layout-b,v32_closed,cabinet,full_trajectory_replay,34,608,18,51b3f339ae2711ec2dee1dcd740cd2c0f3834f5ec75aa5be171a8aabfa384705,False,False,False,False,False,,,304,1.2737230089193077
stagea__drawer-closed__possession-on-table__locus-cabinet-side__support-demonstration-near__layout-b,v32_closed,cabinet,full_trajectory_replay,35,696,18,27ac40ae5b0142c7d2dd195b068a73088bc3ab3ec1564e44ffca7f7e715939b7,False,False,False,False,False,,,304,1.2671291436378547
stagea__drawer-closed__possession-on-table__locus-cabinet-side__support-demonstration-near__layout-b,v32_closed,cabinet,full_trajectory_replay,36,661,18,79a603a018e5f911a590ae269ad2060c3e7efd307ce515d5e88df99491a895e8,False,False,False,False,False,,,305,1.3213479070564313
stagea__drawer-closed__possession-on-table__locus-cabinet-side__support-demonstration-near__layout-b,v32_closed,cabinet,full_trajectory_replay,37,745,18,aa1a3bff114b4b0887abbac25cd7b26200e2b2d232d51d48484012ca3ac3efce,True,False,True,False,False,89.0,,290,1.2547331976467953
stagea__drawer-closed__possession-on-table__locus-cabinet-side__support-demonstration-near__layout-b,v32_closed,cabinet,full_trajectory_replay,38,767,18,bbf383faef21636081e61ca9fa795f26d897115b2e20fe6c0265b2d8e57172af,True,False,True,False,False,91.0,,292,1.2236196361336686
stagea__drawer-closed__possession-on-table__locus-cabinet-side__support-demonstration-near__layout-b,v32_closed,cabinet,full_trajectory_replay,39,702,18,3fb5394b81ace7223fa4dc390332e7caab954344c8941276b13b63b0de1c2138,True,False,True,False,False,94.0,,295,1.2975786520282604
stagea__drawer-closed__possession-on-table__locus-cabinet-side__support-demonstration-near__layout-b,v32_closed,cabinet,full_trajectory_replay,40,794,18,dcf5210e4570b197e56bdf6a478e82d539aed8c6cdfe5c988d35706a308b1cca,True,False,True,False,False,96.0,,297,1.2629658843023839
stagea__drawer-closed__possession-on-table__locus-cabinet-side__support-demonstration-near__layout-b,v32_closed,cabinet,full_trajectory_replay,41,689,18,aa0ba50ca5b7f2632e0e1a5e2bb54df31c7b6cda867839b03bdd0567c6411689,True,False,True,False,False,89.0,,290,1.2449496491410728
stagea__drawer-closed__possession-on-table__locus-cabinet-side__support-demonstration-near__layout-b,v32_closed,cabinet,full_trajectory_replay,42,402,18,8d680111f934c94908dcb0f1528eef18063eb08cd7ed0c0a56e84debd7464d8c,True,False,True,False,False,89.0,,290,1.3061186325123266
stagea__drawer-closed__possession-on-table__locus-cabinet-side__support-demonstration-near__layout-b,v32_closed,cabinet,full_trajectory_replay,43,731,18,5be6d721a6fca1ef425074e8042fb05a80633e90f73f84091fca7a570ba71c84,True,False,True,False,False,88.0,,289,1.2216184589798433
stagea__drawer-closed__possession-on-table__locus-cabinet-side__support-demonstration-near__layout-b,v32_closed,cabinet,full_trajectory_replay,44,601,18,356b2a75f9d362a1cfb0d6e3fdb65c08269c619643db134c6cedc24fe14feff4,True,False,True,False,False,107.0,,308,1.202612914237188
stagea__drawer-closed__possession-on-table__locus-cabinet-side__support-demonstration-near__layout-b,v32_closed,cabinet,full_trajectory_replay,45,706,18,239ae28404bef990e918f40b44f2aa59e45059ea0befe4a202d06f573aa4c5fd,True,False,True,False,False,110.0,,311,1.367324238206973
stagea__drawer-closed__possession-on-table__locus-cabinet-side__support-demonstration-near__layout-b,v32_closed,drawer,full_trajectory_replay,0,576,12,c4dc33e0754f25efdaa87c75195a9e18ba603fd17aa500a5ab8751927234e465,False,False,False,False,False,,,370,1.6609824018472061
stagea__drawer-closed__possession-on-table__locus-cabinet-side__support-demonstration-near__layout-b,v32_closed,drawer,full_trajectory_replay,1,694,12,e4d0e6805b6a960d0454858721550b66c578ada98014d5f852301b7bccee4c6e,True,True,True,False,False,162.0,,363,1.6965388368055374
stagea__drawer-closed__possession-on-table__locus-cabinet-side__support-demonstration-near__layout-b,v32_closed,drawer,full_trajectory_replay,2,614,12,e61d01ded7ab086478e718b79d5a82f3b03ba2f66dca79962533600239750733,True,False,True,False,False,165.0,,366,1.7711449349158788
stagea__drawer-closed__possession-on-table__locus-cabinet-side__support-demonstration-near__layout-b,v32_closed,drawer,full_trajectory_replay,3,382,12,f26c8e95841a34fdf898d203d26239d6a90e1c07c81f581944655edeb4f60915,True,False,True,False,False,163.0,,364,1.6271765198347252
stagea__drawer-closed__possession-on-table__locus-cabinet-side__support-demonstration-near__layout-b,v32_closed,drawer,full_trajectory_replay,4,526,12,8ebeecff1ddaa357856da5ef867f3055f43a1fe01692dd469542c151b39ea3fc,True,False,True,False,False,166.0,,367,1.7270576219403058
stagea__drawer-closed__possession-on-table__locus-cabinet-side__support-demonstration-near__layout-b,v32_closed,drawer,full_trajectory_replay,5,594,12,d5c8812af2a306355bb71a52c35164f93ef95ab0ec2a57638db05edb030de728,True,False,True,False,False,169.0,,370,1.80790803189999
stagea__drawer-closed__possession-on-table__locus-cabinet-side__support-demonstration-near__layout-b,v32_closed,drawer,full_trajectory_replay,6,559,12,6338c79a0fb6aadb247d383c82552982be98a0fe67a07210aa6cdbb957870a0e,True,False,True,False,False,171.0,,372,1.6719682280113908
stagea__drawer-closed__possession-on-table__locus-cabinet-side__support-demonstration-near__layout-b,v32_closed,drawer,full_trajectory_replay,7,624,12,adb56e3ec63a390538504dce7dbcfce5bc5f780cf2a323a68559c4952810dca4,True,False,True,False,False,169.0,,370,1.8364067447991796
stagea__drawer-closed__possession-on-table__locus-cabinet-side__support-demonstration-near__layout-b,v32_closed,drawer,full_trajectory_replay,8,560,12,257886fa56c8ca594b7a52c9ba5c2ece42a4910673fe22140ee0be23dedc7fed,True,False,True,False,False,173.0,,374,1.7382274935625635
stagea__drawer-closed__possession-on-table__locus-cabinet-side__support-demonstration-near__layout-b,v32_closed,drawer,full_trajectory_replay,9,627,12,54c3e36183cf5ef2a823d528e9503368965fc007ae422f9ac129decd6be47724,True,False,True,False,False,173.0,,374,1.8608753631218322
stagea__drawer-closed__possession-on-table__locus-cabinet-side__support-demonstration-near__layout-b,v32_closed,drawer,full_trajectory_replay,10,684,12,4b41c4e5e61e059c2e83642794a66dcb58b90e9370db1b39755f83c021da75d2,True,False,True,False,False,179.0,,380,1.8219736452838158
stagea__drawer-closed__possession-on-table__locus-cabinet-side__support-demonstration-near__layout-b,v32_closed,drawer,full_trajectory_replay,11,409,12,e8aa2651d0fba6006bbd1ce8844606d4c1e24568d5b42dae3098ea158f05f04f,False,False,False,False,False,,,385,1.6829795856973182
stagea__drawer-closed__possession-on-table__locus-cabinet-side__support-demonstration-near__layout-b,v32_closed,drawer,full_trajectory_replay,12,548,12,8039f55efc1d3b2afff01d9544afe9a27c13a9fde71ed489cc1888b03d05d72d,True,False,True,False,False,174.0,,375,1.72623531585889
stagea__drawer-closed__possession-on-table__locus-cabinet-side__support-demonstration-near__layout-b,v32_closed,drawer,full_trajectory_replay,13,742,12,db2e8c6a4ceb523133f51e21d0d31a8320ab88d1c0c7c0b124435499ea21a230,False,False,False,False,False,,,387,1.9121775301120865
stagea__drawer-closed__possession-on-table__locus-cabinet-side__support-demonstration-near__layout-b,v32_closed,drawer,full_trajectory_replay,14,790,12,92034ebae21e287f92cdafcaaf1c4cc9ca7d732c105e28653f41c814086a107c,True,False,True,False,False,175.0,,376,1.8014737060307535
stagea__drawer-closed__possession-on-table__locus-cabinet-side__support-demonstration-near__layout-b,v32_closed,drawer,full_trajectory_replay,15,534,12,47ec06d84d5536c7bc2c903e0f4bc40c38674a2cc7e48d22e791a529d149c23f,False,False,False,False,False,,,388,1.440021468134044
stagea__drawer-closed__possession-on-table__locus-cabinet-side__support-demonstration-near__layout-b,v32_closed,drawer,full_trajectory_replay,16,498,12,f6ffd6f59a512dc3d6da39d1c991a246f1f6c4fda28c9c6951d1ead81b79d73e,False,False,False,False,False,,,390,1.7506377212703104
stagea__drawer-closed__possession-on-table__locus-cabinet-side__support-demonstration-near__layout-b,v32_closed,drawer,full_trajectory_replay,17,737,12,24d53009f0c5a3917d02b3366eb875314813a60de3081d1bf69f19e04fcfd2ec,True,False,True,False,False,192.0,,393,1.7804971976251576
stagea__drawer-closed__possession-on-table__locus-cabinet-side__support-demonstration-near__layout-b,v32_closed,drawer,full_trajectory_replay,18,489,12,548f110a2e4050299ae8b3a610c9806b51995a65b74f8a79b83dece3b9636a3f,False,False,False,False,False,,,395,1.9089081208040586
stagea__drawer-closed__possession-on-table__locus-cabinet-side__support-demonstration-near__layout-b,v32_closed,drawer,full_trajectory_replay,19,784,12,d61fad8212342e13bc37c975339f3effa6841a3166deace8fa063482deeb95c4,True,False,True,False,False,184.0,,385,1.801490003342732
stagea__drawer-closed__possession-on-table__locus-cabinet-side__support-demonstration-near__layout-b,v32_closed,drawer,full_trajectory_replay,20,701,12,4b63123279f4f228439254b39a178ae1dc4773dc6dc6d53eb6d453f24e40eda3,True,False,True,False,False,186.0,,387,1.8301818005799664
stagea__drawer-closed__possession-on-table__locus-cabinet-side__support-demonstration-near__layout-b,v32_closed,drawer,full_trajectory_replay,21,416,12,41b4ab3c6eab78d6c7d147d6b7319f520c6dafa8eee44a2166e002b28cb2fdfd,False,False,False,False,False,,,399,1.8618786791553803
stagea__drawer-closed__possession-on-table__locus-cabinet-side__support-demonstration-near__layout-b,v32_closed,drawer,full_trajectory_replay,22,462,12,40dafe57a26443dcd16aaaca097715e50661a8f0bc112c64947bc2ee28c75703,True,False,True,False,False,188.0,,389,1.7907312084164566
stagea__drawer-closed__possession-on-table__locus-cabinet-side__support-demonstration-near__layout-b,v32_closed,drawer,full_trajectory_replay,23,494,12,93f39f1498437ddba0efc6eb059cd2b642ab544fab2f3336525878a4763097d4,True,False,True,False,False,188.0,,389,1.80775520309811
stagea__drawer-closed__possession-on-table__locus-cabinet-side__support-demonstration-near__layout-b,v32_closed,drawer,full_trajectory_replay,24,414,12,9ec592154057d5c791bd6ea65380646ea92cd0d23d38116bae61bcd4d9af6daa,True,False,True,False,False,191.0,,392,1.8362005075781092
stagea__drawer-closed__possession-on-table__locus-cabinet-side__support-demonstration-near__layout-b,v32_closed,drawer,full_trajectory_replay,25,523,12,eff93d2d3123718e86e9f1b41fb58d6a377fbec3687a6300f32204f553b41906,True,False,True,False,False,193.0,,394,1.8585442955049702
stagea__drawer-closed__possession-on-table__locus-cabinet-side__support-demonstration-near__layout-b,v32_closed,drawer,full_trajectory_replay,26,762,12,5a6ad00de32247a9c04c1b1ae331ac99f700b26de0552cc1171848d4a8682ec3,True,False,True,False,False,189.0,,390,1.8095080867493412
stagea__drawer-closed__possession-on-table__locus-cabinet-side__support-demonstration-near__layout-b,v32_closed,drawer,full_trajectory_replay,27,758,12,908f23fecbfd35ae5c9dcbedd3858d03ec11dd138bb2dab0f43ee0d4574695b4,True,False,True,False,False,197.0,,398,1.9046242045521549
stagea__drawer-closed__possession-on-table__locus-cabinet-side__support-demonstration-near__layout-b,v32_closed,drawer,full_trajectory_replay,28,782,12,de7cef4f6a636948f4190f834219967d71ea3e72fe0b4f836e50e047f5d757f3,False,False,False,False,False,,,415,1.839458636154947
stagea__drawer-closed__possession-on-table__locus-cabinet-side__support-demonstration-near__layout-b,v32_closed,drawer,full_trajectory_replay,29,383,12,f598f486a32782cc98bfad505745987af2a8f37f2e9c4aa94b4ec2f8b9fa8ae4,True,False,True,False,False,206.0,,407,1.9452071219437832
stagea__drawer-closed__possession-on-table__locus-cabinet-side__support-demonstration-near__layout-b,v32_closed,drawer,full_trajectory_replay,30,738,12,8eabf11d95595bb7c52a4944a62cc03da44e1f462b7ad8a09519f9c8d10286aa,True,False,True,False,False,214.0,,415,1.9417015374834796
stagea__drawer-closed__possession-on-table__locus-cabinet-side__support-demonstration-near__layout-b,v32_closed,drawer,full_trajectory_replay,31,538,12,08ad1772331225b10cf37ff13b272f62c36cb63525e1e766a49b9b0fcb1a42c6,True,False,True,False,False,210.0,,411,2.078966514725423
stagea__drawer-closed__possession-on-table__locus-cabinet-side__support-demonstration-near__layout-b,v32_closed,drawer,full_trajectory_replay,32,465,12,e0429b5fe21a733c15e4703fae6c590da9aaff3e0b059bfd634952b78272b52f,True,False,True,False,False,221.0,,422,1.9105875181541967
stagea__drawer-closed__possession-on-table__locus-cabinet-side__support-demonstration-near__layout-b,v32_closed,drawer,full_trajectory_replay,33,449,12,f20bb3de976403a90113d79607775b68c63181b9aaba242dc0f356def02dad3e,True,False,True,False,False,235.0,,436,2.3816064571539237
stagea__drawer-closed__possession-on-table__locus-cabinet-side__support-demonstration-near__layout-b,v32_closed,drawer,full_trajectory_replay,34,711,12,5fbc8383f1842247c97b8be8ec4cb5a910eaea56fe8ac6bc4025f658f74279c2,True,False,True,False,False,243.0,,444,1.9852235097347772
stagea__drawer-closed__possession-on-table__locus-cabinet-side__support-demonstration-near__layout-b,v32_closed,drawer,full_trajectory_replay,35,387,12,a6b95196dd651f801df5eb0aaac15cabaa4501ebba68b07e61bc42d336c598b2,True,False,True,False,False,258.0,,459,2.2126706111349224
stagea__drawer-closed__possession-on-table__locus-cabinet-side__support-transverse-low-support__layout-a,v32_closed,cabinet,full_trajectory_replay,0,438,18,fc624695eb2d39b20e511c8ac6df4923b6bff3cff56ff389622f45310e9278c2,True,True,True,False,False,72.0,,273,1.0515615470786865
stagea__drawer-closed__possession-on-table__locus-cabinet-side__support-transverse-low-support__layout-a,v32_closed,cabinet,full_trajectory_replay,1,712,18,9af535ed5943f0efe94c6e6136614fdd45017940a69a8267687e68416905a9d8,True,False,True,False,False,74.0,,275,1.0693243579934684
stagea__drawer-closed__possession-on-table__locus-cabinet-side__support-transverse-low-support__layout-a,v32_closed,cabinet,full_trajectory_replay,2,669,18,bb63603def241e17b02c89c5513d1ef93cf75f47c260b5b139f120acf22c26f8,True,False,True,False,False,75.0,,276,1.046783506513865
stagea__drawer-closed__possession-on-table__locus-cabinet-side__support-transverse-low-support__layout-a,v32_closed,cabinet,full_trajectory_replay,3,590,18,0348abe806a47069551301e2e86e25fcca5b8db8fd3f5b128630180e19057a9c,False,False,False,False,False,,,290,1.1756412037124295
stagea__drawer-closed__possession-on-table__locus-cabinet-side__support-transverse-low-support__layout-a,v32_closed,cabinet,full_trajectory_replay,4,597,18,3bd590038acfecf91321ca683267c834fb8ebbd4f559e5fd8f89bf1dda561e9f,False,False,False,False,False,,,290,1.1194519226391955
stagea__drawer-closed__possession-on-table__locus-cabinet-side__support-transverse-low-support__layout-a,v32_closed,cabinet,full_trajectory_replay,5,660,18,082d8ee4933e7774b752cd6fbf2ea76a20ff927bf4afa8bd09b7ddc47aefba34,False,False,False,False,False,,,290,1.129889974233116
stagea__drawer-closed__possession-on-table__locus-cabinet-side__support-transverse-low-support__layout-a,v32_closed,cabinet,full_trajectory_replay,6,458,18,4d4a24b15ada9177614865d055b4dccd354dd4ce8dac9eb391c68984fc50691e,False,False,False,False,False,,,291,1.1540251496201543
stagea__drawer-closed__possession-on-table__locus-cabinet-side__support-transverse-low-support__layout-a,v32_closed,cabinet,full_trajectory_replay,7,573,18,2e42787c67b5b157b79e3c3b2980a13563d41b4cbf69a9279c710d30a6292e92,False,False,False,False,False,,,291,1.1837329355971977
stagea__drawer-closed__possession-on-table__locus-cabinet-side__support-transverse-low-support__layout-a,v32_closed,cabinet,full_trajectory_replay,8,681,18,32bf1db8cfb866d929b97eaf4f6ad55599246fef24edf68fea15ede3b5cf005e,False,False,False,False,False,,,291,1.1176016248500222
stagea__drawer-closed__possession-on-table__locus-cabinet-side__support-transverse-low-support__layout-a,v32_closed,cabinet,full_trajectory_replay,9,452,18,016fe7cdd6622e9f77775f108f3cb4e4f836ec330ac07003f39fb7e5dbd594d5,False,False,False,False,False,,,293,1.2072005340501333
stagea__drawer-closed__possession-on-table__locus-cabinet-side__support-transverse-low-support__layout-a,v32_closed,cabinet,full_trajectory_replay,10,775,18,b7e8758503c46c2273a688c9d98a5cbf14447ba59301bb326ca3a9078d7ea079,True,False,True,False,False,75.0,,276,1.037892587149684
stagea__drawer-closed__possession-on-table__locus-cabinet-side__support-transverse-low-support__layout-a,v32_closed,cabinet,full_trajectory_replay,11,665,18,a4a985f59f32ec185896dca87996aa455a720e318f579d3c58b2a88d391ef2bd,False,False,False,False,False,,,295,1.19005604821762
stagea__drawer-closed__possession-on-table__locus-cabinet-side__support-transverse-low-support__layout-a,v32_closed,cabinet,full_trajectory_replay,12,444,18,4d00108fccbba095038c80424e863deb2221dea2d50d4f2c5a3442f48d6466a2,True,False,True,False,False,84.0,,285,1.1486913054887942
stagea__drawer-closed__possession-on-table__locus-cabinet-side__support-transverse-low-support__layout-a,v32_closed,cabinet,full_trajectory_replay,13,501,18,033327dbdb43b4bfddc6ed286bf6f8e8a6112ffe991905c700c75ec0676b386c,False,False,False,False,False,,,296,1.1362387321700858
stagea__drawer-closed__possession-on-table__locus-cabinet-side__support-transverse-low-support__layout-a,v32_closed,cabinet,full_trajectory_replay,14,638,18,a8d81987e6f0f385619548c3982d9078c5c54a76d95ade16b8a982ad08234932,False,False,False,False,False,,,296,1.199669130237973
stagea__drawer-closed__possession-on-table__locus-cabinet-side__support-transverse-low-support__layout-a,v32_closed,cabinet,full_trajectory_replay,15,674,18,9b9937400a6e113f3901f66bf04dbac00fcbef6b9d999843ef0c651c1d76ce93,False,False,False,False,False,,,296,1.165593731334115
stagea__drawer-closed__possession-on-table__locus-cabinet-side__support-transverse-low-support__layout-a,v32_closed,cabinet,full_trajectory_replay,16,493,18,6cd7e138d3e7108f26e5396426d285829d7a3044a5068557110ad529c60f88fb,False,False,False,False,False,,,297,1.1992252219011696
stagea__drawer-closed__possession-on-table__locus-cabinet-side__support-transverse-low-support__layout-a,v32_closed,cabinet,full_trajectory_replay,17,636,18,0a4fa289713d5467f4f401adaef6d834685933041fe590343f19ee059e605170,False,False,False,False,False,,,297,1.1900713950164574
stagea__drawer-closed__possession-on-table__locus-cabinet-side__support-transverse-low-support__layout-a,v32_closed,cabinet,full_trajectory_replay,18,699,18,9504ca4f990d01cd111eed0f44cf9f286704e69d2bef21680ad53de5b6c6e501,True,False,True,False,False,80.0,,281,1.200702396811422
stagea__drawer-closed__possession-on-table__locus-cabinet-side__support-transverse-low-support__layout-a,v32_closed,cabinet,full_trajectory_replay,19,456,18,fe869cc76141d5cbf6d64ee2c3c80a872e3f32bfcb5763bfe38221d3c6f8774f,False,False,False,False,False,,,298,1.2209047649303628
stagea__drawer-closed__possession-on-table__locus-cabinet-side__support-transverse-low-support__layout-a,v32_closed,cabinet,full_trajectory_replay,20,570,18,c2d4c5bdce9483b0609598e4bd984122284c5eef5a4d26eac9681c616139a807,False,False,False,False,False,,,298,1.2229973585835292
stagea__drawer-closed__possession-on-table__locus-cabinet-side__support-transverse-low-support__layout-a,v32_closed,cabinet,full_trajectory_replay,21,662,18,9b8d4f7149a62a256faa3e7ea0e5c2f3125d95bea41d4c479b86904e2d505dcf,True,False,True,False,False,86.0,,287,1.1331263553219864
stagea__drawer-closed__possession-on-table__locus-cabinet-side__support-transverse-low-support__layout-a,v32_closed,cabinet,full_trajectory_replay,22,732,18,c3b4ba9df80cca1c1bc20693376c230d3bc01ba9f981bb21aff3d94f5df62a66,True,False,True,False,False,79.0,,280,1.1314070560038132
stagea__drawer-closed__possession-on-table__locus-cabinet-side__support-transverse-low-support__layout-a,v32_closed,cabinet,full_trajectory_replay,23,505,18,69ffa114adff6ac44594f47b51bd23b379470a0da01eb7ed63f3d8a0d4c8775a,False,False,False,False,False,,,299,1.1647954058005938
stagea__drawer-closed__possession-on-table__locus-cabinet-side__support-transverse-low-support__layout-a,v32_closed,cabinet,full_trajectory_replay,24,630,18,d47820b50d009ef5f221017fa25bcb7f75e7cde874bf13cd4a5f40b7d49fe74f,True,False,True,False,False,86.0,,287,1.1260906656185772
stagea__drawer-closed__possession-on-table__locus-cabinet-side__support-transverse-low-support__layout-a,v32_closed,cabinet,full_trajectory_replay,25,743,18,1df868b0e126de6c747a3392f2ae0135f2089140e79694115da746d261455e76,True,False,True,False,False,82.0,,283,1.0675267020334278
stagea__drawer-closed__possession-on-table__locus-cabinet-side__support-transverse-low-support__layout-a,v32_closed,cabinet,full_trajectory_replay,26,398,18,dddc06067bf84b0019a1cf050048e588df918f7768911fa406ce110da9ad4689,False,False,False,False,False,,,300,1.2358214986222062
stagea__drawer-closed__possession-on-table__locus-cabinet-side__support-transverse-low-support__layout-a,v32_closed,cabinet,full_trajectory_replay,27,446,18,171014841f360ccb7f224b68357849b87ebcfb38ea27c23f8309cdfd830c7760,True,False,True,False,False,88.0,,289,1.1477992672228723
stagea__drawer-closed__possession-on-table__locus-cabinet-side__support-transverse-low-support__layout-a,v32_closed,cabinet,full_trajectory_replay,28,724,18,8bbb07bf3048a11cd3879887766413ad6a041eb78ef54667a0528d0ab13f7c0c,False,False,False,False,False,,,301,1.2341733177394303
stagea__drawer-closed__possession-on-table__locus-cabinet-side__support-transverse-low-support__layout-a,v32_closed,cabinet,full_trajectory_replay,29,521,18,f404e35757cca7351a7956c0091493689bcae213ebc3f600ad9ca7ec35cc19d8,True,False,True,False,False,84.0,,285,1.1849639487610175
stagea__drawer-closed__possession-on-table__locus-cabinet-side__support-transverse-low-support__layout-a,v32_closed,cabinet,full_trajectory_replay,30,791,18,ab8bc2c0ead1910b94bd3b22c327af072be2575c2b190a011406f4f7286f5de9,False,False,False,False,False,,,302,1.179634064394176
stagea__drawer-closed__possession-on-table__locus-cabinet-side__support-transverse-low-support__layout-a,v32_closed,cabinet,full_trajectory_replay,31,474,18,5d93ae0bbe8618d7ad32e89a85261166b35dec3bcaa972751dddbaae8f07150c,True,False,True,False,False,85.0,,286,1.1660387864828252
stagea__drawer-closed__possession-on-table__locus-cabinet-side__support-transverse-low-support__layout-a,v32_closed,cabinet,full_trajectory_replay,32,514,18,f0570adf2e2cdf55ef01180c8cf15f14c96b33219a8bdcfb110accc19eb31f44,True,False,True,False,False,89.0,,290,1.2358862016291519
stagea__drawer-closed__possession-on-table__locus-cabinet-side__support-transverse-low-support__layout-a,v32_closed,cabinet,full_trajectory_replay,33,793,18,321fba85a693c5b82c8fc5d19d784724998b7ca98e765b826b728c3015762066,False,False,False,False,False,,,303,1.2059941460324168
stagea__drawer-closed__possession-on-table__locus-cabinet-side__support-transverse-low-support__layout-a,v32_closed,cabinet,full_trajectory_replay,34,608,18,51b3f339ae2711ec2dee1dcd740cd2c0f3834f5ec75aa5be171a8aabfa384705,True,False,True,False,False,91.0,,292,1.1837153176578314
stagea__drawer-closed__possession-on-table__locus-cabinet-side__support-transverse-low-support__layout-a,v32_closed,cabinet,full_trajectory_replay,35,696,18,27ac40ae5b0142c7d2dd195b068a73088bc3ab3ec1564e44ffca7f7e715939b7,True,False,True,False,False,88.0,,289,1.2285394921222776
stagea__drawer-closed__possession-on-table__locus-cabinet-side__support-transverse-low-support__layout-a,v32_closed,cabinet,full_trajectory_replay,36,661,18,79a603a018e5f911a590ae269ad2060c3e7efd307ce515d5e88df99491a895e8,True,False,True,False,False,84.0,,285,1.186578982675574
stagea__drawer-closed__possession-on-table__locus-cabinet-side__support-transverse-low-support__layout-a,v32_closed,cabinet,full_trajectory_replay,37,745,18,aa1a3bff114b4b0887abbac25cd7b26200e2b2d232d51d48484012ca3ac3efce,True,False,True,False,False,91.0,,292,1.264416160793871
stagea__drawer-closed__possession-on-table__locus-cabinet-side__support-transverse-low-support__layout-a,v32_closed,cabinet,full_trajectory_replay,38,767,18,bbf383faef21636081e61ca9fa795f26d897115b2e20fe6c0265b2d8e57172af,True,False,True,False,False,91.0,,292,1.182842212751194
stagea__drawer-closed__possession-on-table__locus-cabinet-side__support-transverse-low-support__layout-a,v32_closed,cabinet,full_trajectory_replay,39,702,18,3fb5394b81ace7223fa4dc390332e7caab954344c8941276b13b63b0de1c2138,False,False,False,False,False,,,306,1.284802671796649
stagea__drawer-closed__possession-on-table__locus-cabinet-side__support-transverse-low-support__layout-a,v32_closed,cabinet,full_trajectory_replay,40,794,18,dcf5210e4570b197e56bdf6a478e82d539aed8c6cdfe5c988d35706a308b1cca,True,False,True,False,False,93.0,,294,1.2186714685076214
stagea__drawer-closed__possession-on-table__locus-cabinet-side__support-transverse-low-support__layout-a,v32_closed,cabinet,full_trajectory_replay,41,689,18,aa0ba50ca5b7f2632e0e1a5e2bb54df31c7b6cda867839b03bdd0567c6411689,True,False,True,False,False,91.0,,292,1.2235091560346745
stagea__drawer-closed__possession-on-table__locus-cabinet-side__support-transverse-low-support__layout-a,v32_closed,cabinet,full_trajectory_replay,42,402,18,8d680111f934c94908dcb0f1528eef18063eb08cd7ed0c0a56e84debd7464d8c,False,False,False,False,False,,,310,1.334185855367466
stagea__drawer-closed__possession-on-table__locus-cabinet-side__support-transverse-low-support__layout-a,v32_closed,cabinet,full_trajectory_replay,43,731,18,5be6d721a6fca1ef425074e8042fb05a80633e90f73f84091fca7a570ba71c84,True,False,True,False,False,88.0,,289,1.186914505752499
stagea__drawer-closed__possession-on-table__locus-cabinet-side__support-transverse-low-support__layout-a,v32_closed,cabinet,full_trajectory_replay,44,601,18,356b2a75f9d362a1cfb0d6e3fdb65c08269c619643db134c6cedc24fe14feff4,True,False,True,False,False,106.0,,307,1.1580414144877509
stagea__drawer-closed__possession-on-table__locus-cabinet-side__support-transverse-low-support__layout-a,v32_closed,cabinet,full_trajectory_replay,45,706,18,239ae28404bef990e918f40b44f2aa59e45059ea0befe4a202d06f573aa4c5fd,True,False,True,False,False,110.0,,311,1.3318182861171637
stagea__drawer-closed__possession-on-table__locus-cabinet-side__support-transverse-low-support__layout-a,v32_closed,drawer,full_trajectory_replay,0,576,12,c4dc33e0754f25efdaa87c75195a9e18ba603fd17aa500a5ab8751927234e465,False,False,False,False,False,,,370,1.6373568531585234
stagea__drawer-closed__possession-on-table__locus-cabinet-side__support-transverse-low-support__layout-a,v32_closed,drawer,full_trajectory_replay,1,694,12,e4d0e6805b6a960d0454858721550b66c578ada98014d5f852301b7bccee4c6e,True,True,True,False,False,161.0,,362,1.6183701023282546
stagea__drawer-closed__possession-on-table__locus-cabinet-side__support-transverse-low-support__layout-a,v32_closed,drawer,full_trajectory_replay,2,614,12,e61d01ded7ab086478e718b79d5a82f3b03ba2f66dca79962533600239750733,False,False,False,False,False,,,376,1.7509126556074626
stagea__drawer-closed__possession-on-table__locus-cabinet-side__support-transverse-low-support__layout-a,v32_closed,drawer,full_trajectory_replay,3,382,12,f26c8e95841a34fdf898d203d26239d6a90e1c07c81f581944655edeb4f60915,True,False,True,False,False,164.0,,365,1.5935913807172302
stagea__drawer-closed__possession-on-table__locus-cabinet-side__support-transverse-low-support__layout-a,v32_closed,drawer,full_trajectory_replay,4,526,12,8ebeecff1ddaa357856da5ef867f3055f43a1fe01692dd469542c151b39ea3fc,True,False,True,False,False,166.0,,367,1.6875613540226209
stagea__drawer-closed__possession-on-table__locus-cabinet-side__support-transverse-low-support__layout-a,v32_closed,drawer,full_trajectory_replay,5,594,12,d5c8812af2a306355bb71a52c35164f93ef95ab0ec2a57638db05edb030de728,True,False,True,False,False,170.0,,371,1.7382448533080865
stagea__drawer-closed__possession-on-table__locus-cabinet-side__support-transverse-low-support__layout-a,v32_closed,drawer,full_trajectory_replay,6,559,12,6338c79a0fb6aadb247d383c82552982be98a0fe67a07210aa6cdbb957870a0e,False,False,False,False,False,,,382,1.6097826000230673
stagea__drawer-closed__possession-on-table__locus-cabinet-side__support-transverse-low-support__layout-a,v32_closed,drawer,full_trajectory_replay,7,624,12,adb56e3ec63a390538504dce7dbcfce5bc5f780cf2a323a68559c4952810dca4,False,False,False,False,False,,,383,1.7860934345342665
stagea__drawer-closed__possession-on-table__locus-cabinet-side__support-transverse-low-support__layout-a,v32_closed,drawer,full_trajectory_replay,8,560,12,257886fa56c8ca594b7a52c9ba5c2ece42a4910673fe22140ee0be23dedc7fed,True,False,True,False,False,173.0,,374,1.7008192257376897
stagea__drawer-closed__possession-on-table__locus-cabinet-side__support-transverse-low-support__layout-a,v32_closed,drawer,full_trajectory_replay,9,627,12,54c3e36183cf5ef2a823d528e9503368965fc007ae422f9ac129decd6be47724,False,False,False,False,False,,,384,1.8772151358729317
stagea__drawer-closed__possession-on-table__locus-cabinet-side__support-transverse-low-support__layout-a,v32_closed,drawer,full_trajectory_replay,10,684,12,4b41c4e5e61e059c2e83642794a66dcb58b90e9370db1b39755f83c021da75d2,False,False,False,False,False,,,384,1.7600754795292828
stagea__drawer-closed__possession-on-table__locus-cabinet-side__support-transverse-low-support__layout-a,v32_closed,drawer,full_trajectory_replay,11,409,12,e8aa2651d0fba6006bbd1ce8844606d4c1e24568d5b42dae3098ea158f05f04f,False,False,False,False,False,,,385,1.382136186527171
stagea__drawer-closed__possession-on-table__locus-cabinet-side__support-transverse-low-support__layout-a,v32_closed,drawer,full_trajectory_replay,12,548,12,8039f55efc1d3b2afff01d9544afe9a27c13a9fde71ed489cc1888b03d05d72d,False,False,False,False,False,,,386,1.6978901098922459
stagea__drawer-closed__possession-on-table__locus-cabinet-side__support-transverse-low-support__layout-a,v32_closed,drawer,full_trajectory_replay,13,742,12,db2e8c6a4ceb523133f51e21d0d31a8320ab88d1c0c7c0b124435499ea21a230,False,False,False,False,False,,,387,1.8880230390703534
stagea__drawer-closed__possession-on-table__locus-cabinet-side__support-transverse-low-support__layout-a,v32_closed,drawer,full_trajectory_replay,14,790,12,92034ebae21e287f92cdafcaaf1c4cc9ca7d732c105e28653f41c814086a107c,False,False,False,False,False,,,387,1.726198422811414
stagea__drawer-closed__possession-on-table__locus-cabinet-side__support-transverse-low-support__layout-a,v32_closed,drawer,full_trajectory_replay,15,534,12,47ec06d84d5536c7bc2c903e0f4bc40c38674a2cc7e48d22e791a529d149c23f,False,False,False,False,False,,,388,1.7196861779825965
stagea__drawer-closed__possession-on-table__locus-cabinet-side__support-transverse-low-support__layout-a,v32_closed,drawer,full_trajectory_replay,16,498,12,f6ffd6f59a512dc3d6da39d1c991a246f1f6c4fda28c9c6951d1ead81b79d73e,False,False,False,False,False,,,390,1.7106333065772599
stagea__drawer-closed__possession-on-table__locus-cabinet-side__support-transverse-low-support__layout-a,v32_closed,drawer,full_trajectory_replay,17,737,12,24d53009f0c5a3917d02b3366eb875314813a60de3081d1bf69f19e04fcfd2ec,True,False,True,False,False,181.0,,382,1.7101398636205398
stagea__drawer-closed__possession-on-table__locus-cabinet-side__support-transverse-low-support__layout-a,v32_closed,drawer,full_trajectory_replay,18,489,12,548f110a2e4050299ae8b3a610c9806b51995a65b74f8a79b83dece3b9636a3f,True,False,True,False,False,183.0,,384,1.8318263873650922
stagea__drawer-closed__possession-on-table__locus-cabinet-side__support-transverse-low-support__layout-a,v32_closed,drawer,full_trajectory_replay,19,784,12,d61fad8212342e13bc37c975339f3effa6841a3166deace8fa063482deeb95c4,True,False,True,False,False,185.0,,386,1.7584660530418144
stagea__drawer-closed__possession-on-table__locus-cabinet-side__support-transverse-low-support__layout-a,v32_closed,drawer,full_trajectory_replay,20,701,12,4b63123279f4f228439254b39a178ae1dc4773dc6dc6d53eb6d453f24e40eda3,True,False,True,False,False,185.0,,386,1.7803027743561497
stagea__drawer-closed__possession-on-table__locus-cabinet-side__support-transverse-low-support__layout-a,v32_closed,drawer,full_trajectory_replay,21,416,12,41b4ab3c6eab78d6c7d147d6b7319f520c6dafa8eee44a2166e002b28cb2fdfd,False,False,False,False,False,,,399,1.8141547237472582
stagea__drawer-closed__possession-on-table__locus-cabinet-side__support-transverse-low-support__layout-a,v32_closed,drawer,full_trajectory_replay,22,462,12,40dafe57a26443dcd16aaaca097715e50661a8f0bc112c64947bc2ee28c75703,False,False,False,False,False,,,399,1.6130368605555745
stagea__drawer-closed__possession-on-table__locus-cabinet-side__support-transverse-low-support__layout-a,v32_closed,drawer,full_trajectory_replay,23,494,12,93f39f1498437ddba0efc6eb059cd2b642ab544fab2f3336525878a4763097d4,True,False,True,False,False,189.0,,390,1.7878414506034839
stagea__drawer-closed__possession-on-table__locus-cabinet-side__support-transverse-low-support__layout-a,v32_closed,drawer,full_trajectory_replay,24,414,12,9ec592154057d5c791bd6ea65380646ea92cd0d23d38116bae61bcd4d9af6daa,True,False,True,False,False,189.0,,390,1.790413698770973
stagea__drawer-closed__possession-on-table__locus-cabinet-side__support-transverse-low-support__layout-a,v32_closed,drawer,full_trajectory_replay,25,523,12,eff93d2d3123718e86e9f1b41fb58d6a377fbec3687a6300f32204f553b41906,True,False,True,False,False,193.0,,394,1.8246955221756425
stagea__drawer-closed__possession-on-table__locus-cabinet-side__support-transverse-low-support__layout-a,v32_closed,drawer,full_trajectory_replay,26,762,12,5a6ad00de32247a9c04c1b1ae331ac99f700b26de0552cc1171848d4a8682ec3,False,False,False,False,False,,,402,1.8384139194195448
stagea__drawer-closed__possession-on-table__locus-cabinet-side__support-transverse-low-support__layout-a,v32_closed,drawer,full_trajectory_replay,27,758,12,908f23fecbfd35ae5c9dcbedd3858d03ec11dd138bb2dab0f43ee0d4574695b4,False,False,False,False,False,,,409,1.9140529591119129
stagea__drawer-closed__possession-on-table__locus-cabinet-side__support-transverse-low-support__layout-a,v32_closed,drawer,full_trajectory_replay,28,782,12,de7cef4f6a636948f4190f834219967d71ea3e72fe0b4f836e50e047f5d757f3,False,False,False,False,False,,,415,1.6429159830951958
stagea__drawer-closed__possession-on-table__locus-cabinet-side__support-transverse-low-support__layout-a,v32_closed,drawer,full_trajectory_replay,29,383,12,f598f486a32782cc98bfad505745987af2a8f37f2e9c4aa94b4ec2f8b9fa8ae4,True,False,True,False,False,206.0,,407,1.90212324172994
stagea__drawer-closed__possession-on-table__locus-cabinet-side__support-transverse-low-support__layout-a,v32_closed,drawer,full_trajectory_replay,30,738,12,8eabf11d95595bb7c52a4944a62cc03da44e1f462b7ad8a09519f9c8d10286aa,True,False,True,False,False,209.0,,410,1.8979072930357799
stagea__drawer-closed__possession-on-table__locus-cabinet-side__support-transverse-low-support__layout-a,v32_closed,drawer,full_trajectory_replay,31,538,12,08ad1772331225b10cf37ff13b272f62c36cb63525e1e766a49b9b0fcb1a42c6,False,False,False,False,False,,,421,2.008257777490878
stagea__drawer-closed__possession-on-table__locus-cabinet-side__support-transverse-low-support__layout-a,v32_closed,drawer,full_trajectory_replay,32,465,12,e0429b5fe21a733c15e4703fae6c590da9aaff3e0b059bfd634952b78272b52f,False,False,False,False,False,,,427,1.8867047071696337
stagea__drawer-closed__possession-on-table__locus-cabinet-side__support-transverse-low-support__layout-a,v32_closed,drawer,full_trajectory_replay,33,449,12,f20bb3de976403a90113d79607775b68c63181b9aaba242dc0f356def02dad3e,False,False,False,False,False,,,449,2.3971879157093743
stagea__drawer-closed__possession-on-table__locus-cabinet-side__support-transverse-low-support__layout-a,v32_closed,drawer,full_trajectory_replay,34,711,12,5fbc8383f1842247c97b8be8ec4cb5a910eaea56fe8ac6bc4025f658f74279c2,False,False,False,False,False,,,451,1.9599855213175075
stagea__drawer-closed__possession-on-table__locus-cabinet-side__support-transverse-low-support__layout-a,v32_closed,drawer,full_trajectory_replay,35,387,12,a6b95196dd651f801df5eb0aaac15cabaa4501ebba68b07e61bc42d336c598b2,False,False,False,False,False,,,470,2.1645837954219047
stagea__drawer-closed__possession-on-table__locus-cabinet-side__support-transverse-low-support__layout-b,v32_closed,cabinet,full_trajectory_replay,0,438,18,fc624695eb2d39b20e511c8ac6df4923b6bff3cff56ff389622f45310e9278c2,False,False,False,False,False,,,286,1.1204890312097318
stagea__drawer-closed__possession-on-table__locus-cabinet-side__support-transverse-low-support__layout-b,v32_closed,cabinet,full_trajectory_replay,1,712,18,9af535ed5943f0efe94c6e6136614fdd45017940a69a8267687e68416905a9d8,True,False,True,False,False,78.0,,279,1.1299620725626047
stagea__drawer-closed__possession-on-table__locus-cabinet-side__support-transverse-low-support__layout-b,v32_closed,cabinet,full_trajectory_replay,2,669,18,bb63603def241e17b02c89c5513d1ef93cf75f47c260b5b139f120acf22c26f8,False,False,False,False,False,,,288,1.075575046411621
stagea__drawer-closed__possession-on-table__locus-cabinet-side__support-transverse-low-support__layout-b,v32_closed,cabinet,full_trajectory_replay,3,590,18,0348abe806a47069551301e2e86e25fcca5b8db8fd3f5b128630180e19057a9c,True,False,True,False,False,78.0,,279,1.124487806222183
stagea__drawer-closed__possession-on-table__locus-cabinet-side__support-transverse-low-support__layout-b,v32_closed,cabinet,full_trajectory_replay,4,597,18,3bd590038acfecf91321ca683267c834fb8ebbd4f559e5fd8f89bf1dda561e9f,True,False,True,False,False,79.0,,280,1.0971608002454223
stagea__drawer-closed__possession-on-table__locus-cabinet-side__support-transverse-low-support__layout-b,v32_closed,cabinet,full_trajectory_replay,5,660,18,082d8ee4933e7774b752cd6fbf2ea76a20ff927bf4afa8bd09b7ddc47aefba34,True,False,True,False,False,78.0,,279,1.1092997344899342
stagea__drawer-closed__possession-on-table__locus-cabinet-side__support-transverse-low-support__layout-b,v32_closed,cabinet,full_trajectory_replay,6,458,18,4d4a24b15ada9177614865d055b4dccd354dd4ce8dac9eb391c68984fc50691e,True,False,True,False,False,80.0,,281,1.1272006245807462
stagea__drawer-closed__possession-on-table__locus-cabinet-side__support-transverse-low-support__layout-b,v32_closed,cabinet,full_trajectory_replay,7,573,18,2e42787c67b5b157b79e3c3b2980a13563d41b4cbf69a9279c710d30a6292e92,True,False,True,False,False,78.0,,279,1.1422355919617964
stagea__drawer-closed__possession-on-table__locus-cabinet-side__support-transverse-low-support__layout-b,v32_closed,cabinet,full_trajectory_replay,8,681,18,32bf1db8cfb866d929b97eaf4f6ad55599246fef24edf68fea15ede3b5cf005e,True,False,True,False,False,79.0,,280,1.0878710343582199
stagea__drawer-closed__possession-on-table__locus-cabinet-side__support-transverse-low-support__layout-b,v32_closed,cabinet,full_trajectory_replay,9,452,18,016fe7cdd6622e9f77775f108f3cb4e4f836ec330ac07003f39fb7e5dbd594d5,True,False,True,False,False,80.0,,281,1.1629520236848432
stagea__drawer-closed__possession-on-table__locus-cabinet-side__support-transverse-low-support__layout-b,v32_closed,cabinet,full_trajectory_replay,10,775,18,b7e8758503c46c2273a688c9d98a5cbf14447ba59301bb326ca3a9078d7ea079,False,False,False,False,False,,,293,1.168008519504238
stagea__drawer-closed__possession-on-table__locus-cabinet-side__support-transverse-low-support__layout-b,v32_closed,cabinet,full_trajectory_replay,11,665,18,a4a985f59f32ec185896dca87996aa455a720e318f579d3c58b2a88d391ef2bd,True,False,True,False,False,75.0,,276,1.0881569995505889
stagea__drawer-closed__possession-on-table__locus-cabinet-side__support-transverse-low-support__layout-b,v32_closed,cabinet,full_trajectory_replay,12,444,18,4d00108fccbba095038c80424e863deb2221dea2d50d4f2c5a3442f48d6466a2,True,False,True,False,False,84.0,,285,1.1563269090727668
stagea__drawer-closed__possession-on-table__locus-cabinet-side__support-transverse-low-support__layout-b,v32_closed,cabinet,full_trajectory_replay,13,501,18,033327dbdb43b4bfddc6ed286bf6f8e8a6112ffe991905c700c75ec0676b386c,True,False,True,False,False,83.0,,284,1.113904037940457
stagea__drawer-closed__possession-on-table__locus-cabinet-side__support-transverse-low-support__layout-b,v32_closed,cabinet,full_trajectory_replay,14,638,18,a8d81987e6f0f385619548c3982d9078c5c54a76d95ade16b8a982ad08234932,True,False,True,False,False,76.0,,277,1.096080760657864
stagea__drawer-closed__possession-on-table__locus-cabinet-side__support-transverse-low-support__layout-b,v32_closed,cabinet,full_trajectory_replay,15,674,18,9b9937400a6e113f3901f66bf04dbac00fcbef6b9d999843ef0c651c1d76ce93,True,False,True,False,False,83.0,,284,1.1385373399895458
stagea__drawer-closed__possession-on-table__locus-cabinet-side__support-transverse-low-support__layout-b,v32_closed,cabinet,full_trajectory_replay,16,493,18,6cd7e138d3e7108f26e5396426d285829d7a3044a5068557110ad529c60f88fb,True,False,True,False,False,79.0,,280,1.1322632874919507
stagea__drawer-closed__possession-on-table__locus-cabinet-side__support-transverse-low-support__layout-b,v32_closed,cabinet,full_trajectory_replay,17,636,18,0a4fa289713d5467f4f401adaef6d834685933041fe590343f19ee059e605170,True,False,True,False,False,82.0,,283,1.1455313920404346
stagea__drawer-closed__possession-on-table__locus-cabinet-side__support-transverse-low-support__layout-b,v32_closed,cabinet,full_trajectory_replay,18,699,18,9504ca4f990d01cd111eed0f44cf9f286704e69d2bef21680ad53de5b6c6e501,False,False,False,False,False,,,297,1.268391724503645
stagea__drawer-closed__possession-on-table__locus-cabinet-side__support-transverse-low-support__layout-b,v32_closed,cabinet,full_trajectory_replay,19,456,18,fe869cc76141d5cbf6d64ee2c3c80a872e3f32bfcb5763bfe38221d3c6f8774f,True,False,True,False,False,88.0,,289,1.1988121877425668
stagea__drawer-closed__possession-on-table__locus-cabinet-side__support-transverse-low-support__layout-b,v32_closed,cabinet,full_trajectory_replay,20,570,18,c2d4c5bdce9483b0609598e4bd984122284c5eef5a4d26eac9681c616139a807,True,False,True,False,False,86.0,,287,1.1828496497090448
stagea__drawer-closed__possession-on-table__locus-cabinet-side__support-transverse-low-support__layout-b,v32_closed,cabinet,full_trajectory_replay,21,662,18,9b8d4f7149a62a256faa3e7ea0e5c2f3125d95bea41d4c479b86904e2d505dcf,True,False,True,False,False,86.0,,287,1.1331760458970406
stagea__drawer-closed__possession-on-table__locus-cabinet-side__support-transverse-low-support__layout-b,v32_closed,cabinet,full_trajectory_replay,22,732,18,c3b4ba9df80cca1c1bc20693376c230d3bc01ba9f981bb21aff3d94f5df62a66,True,False,True,False,False,78.0,,279,1.127802221398265
stagea__drawer-closed__possession-on-table__locus-cabinet-side__support-transverse-low-support__layout-b,v32_closed,cabinet,full_trajectory_replay,23,505,18,69ffa114adff6ac44594f47b51bd23b379470a0da01eb7ed63f3d8a0d4c8775a,True,False,True,False,False,85.0,,286,1.121607057848649
stagea__drawer-closed__possession-on-table__locus-cabinet-side__support-transverse-low-support__layout-b,v32_closed,cabinet,full_trajectory_replay,24,630,18,d47820b50d009ef5f221017fa25bcb7f75e7cde874bf13cd4a5f40b7d49fe74f,True,False,True,False,False,86.0,,287,1.1261313519106995
stagea__drawer-closed__possession-on-table__locus-cabinet-side__support-transverse-low-support__layout-b,v32_closed,cabinet,full_trajectory_replay,25,743,18,1df868b0e126de6c747a3392f2ae0135f2089140e79694115da746d261455e76,True,False,True,False,False,76.0,,277,1.0498611256838362
stagea__drawer-closed__possession-on-table__locus-cabinet-side__support-transverse-low-support__layout-b,v32_closed,cabinet,full_trajectory_replay,26,398,18,dddc06067bf84b0019a1cf050048e588df918f7768911fa406ce110da9ad4689,False,False,False,False,False,,,300,1.2341347611635498
stagea__drawer-closed__possession-on-table__locus-cabinet-side__support-transverse-low-support__layout-b,v32_closed,cabinet,full_trajectory_replay,27,446,18,171014841f360ccb7f224b68357849b87ebcfb38ea27c23f8309cdfd830c7760,True,False,True,False,False,88.0,,289,1.1555276611181595
stagea__drawer-closed__possession-on-table__locus-cabinet-side__support-transverse-low-support__layout-b,v32_closed,cabinet,full_trajectory_replay,28,724,18,8bbb07bf3048a11cd3879887766413ad6a041eb78ef54667a0528d0ab13f7c0c,True,False,True,False,False,85.0,,286,1.1600395793845786
stagea__drawer-closed__possession-on-table__locus-cabinet-side__support-transverse-low-support__layout-b,v32_closed,cabinet,full_trajectory_replay,29,521,18,f404e35757cca7351a7956c0091493689bcae213ebc3f600ad9ca7ec35cc19d8,True,False,True,False,False,84.0,,285,1.188222978710985
stagea__drawer-closed__possession-on-table__locus-cabinet-side__support-transverse-low-support__layout-b,v32_closed,cabinet,full_trajectory_replay,30,791,18,ab8bc2c0ead1910b94bd3b22c327af072be2575c2b190a011406f4f7286f5de9,True,True,True,False,False,75.0,,276,1.0613088328489324
stagea__drawer-closed__possession-on-table__locus-cabinet-side__support-transverse-low-support__layout-b,v32_closed,cabinet,full_trajectory_replay,31,474,18,5d93ae0bbe8618d7ad32e89a85261166b35dec3bcaa972751dddbaae8f07150c,True,False,True,False,False,82.0,,283,1.1398578227973697
stagea__drawer-closed__possession-on-table__locus-cabinet-side__support-transverse-low-support__layout-b,v32_closed,cabinet,full_trajectory_replay,32,514,18,f0570adf2e2cdf55ef01180c8cf15f14c96b33219a8bdcfb110accc19eb31f44,True,False,True,False,False,89.0,,290,1.2391918186180444
stagea__drawer-closed__possession-on-table__locus-cabinet-side__support-transverse-low-support__layout-b,v32_closed,cabinet,full_trajectory_replay,33,793,18,321fba85a693c5b82c8fc5d19d784724998b7ca98e765b826b728c3015762066,True,False,True,False,False,86.0,,287,1.1569714821397852
stagea__drawer-closed__possession-on-table__locus-cabinet-side__support-transverse-low-support__layout-b,v32_closed,cabinet,full_trajectory_replay,34,608,18,51b3f339ae2711ec2dee1dcd740cd2c0f3834f5ec75aa5be171a8aabfa384705,True,False,True,False,False,87.0,,288,1.1387358523763285
stagea__drawer-closed__possession-on-table__locus-cabinet-side__support-transverse-low-support__layout-b,v32_closed,cabinet,full_trajectory_replay,35,696,18,27ac40ae5b0142c7d2dd195b068a73088bc3ab3ec1564e44ffca7f7e715939b7,False,False,False,False,False,,,304,1.2350615998452055
stagea__drawer-closed__possession-on-table__locus-cabinet-side__support-transverse-low-support__layout-b,v32_closed,cabinet,full_trajectory_replay,36,661,18,79a603a018e5f911a590ae269ad2060c3e7efd307ce515d5e88df99491a895e8,False,False,False,False,False,,,305,1.287982069876386
stagea__drawer-closed__possession-on-table__locus-cabinet-side__support-transverse-low-support__layout-b,v32_closed,cabinet,full_trajectory_replay,37,745,18,aa1a3bff114b4b0887abbac25cd7b26200e2b2d232d51d48484012ca3ac3efce,True,False,True,False,False,89.0,,290,1.2262111567399194
stagea__drawer-closed__possession-on-table__locus-cabinet-side__support-transverse-low-support__layout-b,v32_closed,cabinet,full_trajectory_replay,38,767,18,bbf383faef21636081e61ca9fa795f26d897115b2e20fe6c0265b2d8e57172af,True,False,True,False,False,90.0,,291,1.1853227945204097
stagea__drawer-closed__possession-on-table__locus-cabinet-side__support-transverse-low-support__layout-b,v32_closed,cabinet,full_trajectory_replay,39,702,18,3fb5394b81ace7223fa4dc390332e7caab954344c8941276b13b63b0de1c2138,True,False,True,False,False,94.0,,295,1.2651609400284212
stagea__drawer-closed__possession-on-table__locus-cabinet-side__support-transverse-low-support__layout-b,v32_closed,cabinet,full_trajectory_replay,40,794,18,dcf5210e4570b197e56bdf6a478e82d539aed8c6cdfe5c988d35706a308b1cca,True,False,True,False,False,96.0,,297,1.229677747878422
stagea__drawer-closed__possession-on-table__locus-cabinet-side__support-transverse-low-support__layout-b,v32_closed,cabinet,full_trajectory_replay,41,689,18,aa0ba50ca5b7f2632e0e1a5e2bb54df31c7b6cda867839b03bdd0567c6411689,True,False,True,False,False,90.0,,291,1.2203737286249725
stagea__drawer-closed__possession-on-table__locus-cabinet-side__support-transverse-low-support__layout-b,v32_closed,cabinet,full_trajectory_replay,42,402,18,8d680111f934c94908dcb0f1528eef18063eb08cd7ed0c0a56e84debd7464d8c,True,False,True,False,False,88.0,,289,1.2628463163823433
stagea__drawer-closed__possession-on-table__locus-cabinet-side__support-transverse-low-support__layout-b,v32_closed,cabinet,full_trajectory_replay,43,731,18,5be6d721a6fca1ef425074e8042fb05a80633e90f73f84091fca7a570ba71c84,True,False,True,False,False,89.0,,290,1.1962762418258743
stagea__drawer-closed__possession-on-table__locus-cabinet-side__support-transverse-low-support__layout-b,v32_closed,cabinet,full_trajectory_replay,44,601,18,356b2a75f9d362a1cfb0d6e3fdb65c08269c619643db134c6cedc24fe14feff4,True,False,True,False,False,107.0,,308,1.1689394429119797
stagea__drawer-closed__possession-on-table__locus-cabinet-side__support-transverse-low-support__layout-b,v32_closed,cabinet,full_trajectory_replay,45,706,18,239ae28404bef990e918f40b44f2aa59e45059ea0befe4a202d06f573aa4c5fd,True,False,True,False,False,110.0,,311,1.3336109223500863
stagea__drawer-closed__possession-on-table__locus-cabinet-side__support-transverse-low-support__layout-b,v32_closed,drawer,full_trajectory_replay,0,576,12,c4dc33e0754f25efdaa87c75195a9e18ba603fd17aa500a5ab8751927234e465,False,False,False,False,False,,,370,1.6280930355048768
stagea__drawer-closed__possession-on-table__locus-cabinet-side__support-transverse-low-support__layout-b,v32_closed,drawer,full_trajectory_replay,1,694,12,e4d0e6805b6a960d0454858721550b66c578ada98014d5f852301b7bccee4c6e,True,True,True,False,False,162.0,,363,1.6631076764876611
stagea__drawer-closed__possession-on-table__locus-cabinet-side__support-transverse-low-support__layout-b,v32_closed,drawer,full_trajectory_replay,2,614,12,e61d01ded7ab086478e718b79d5a82f3b03ba2f66dca79962533600239750733,True,False,True,False,False,165.0,,366,1.73897229182906
stagea__drawer-closed__possession-on-table__locus-cabinet-side__support-transverse-low-support__layout-b,v32_closed,drawer,full_trajectory_replay,3,382,12,f26c8e95841a34fdf898d203d26239d6a90e1c07c81f581944655edeb4f60915,True,False,True,False,False,164.0,,365,1.6016551149001117
stagea__drawer-closed__possession-on-table__locus-cabinet-side__support-transverse-low-support__layout-b,v32_closed,drawer,full_trajectory_replay,4,526,12,8ebeecff1ddaa357856da5ef867f3055f43a1fe01692dd469542c151b39ea3fc,True,False,True,False,False,166.0,,367,1.6939566420139145
stagea__drawer-closed__possession-on-table__locus-cabinet-side__support-transverse-low-support__layout-b,v32_closed,drawer,full_trajectory_replay,5,594,12,d5c8812af2a306355bb71a52c35164f93ef95ab0ec2a57638db05edb030de728,True,False,True,False,False,168.0,,369,1.773212674081806
stagea__drawer-closed__possession-on-table__locus-cabinet-side__support-transverse-low-support__layout-b,v32_closed,drawer,full_trajectory_replay,6,559,12,6338c79a0fb6aadb247d383c82552982be98a0fe67a07210aa6cdbb957870a0e,True,False,True,False,False,171.0,,372,1.6385935738527397
stagea__drawer-closed__possession-on-table__locus-cabinet-side__support-transverse-low-support__layout-b,v32_closed,drawer,full_trajectory_replay,7,624,12,adb56e3ec63a390538504dce7dbcfce5bc5f780cf2a323a68559c4952810dca4,True,False,True,False,False,169.0,,370,1.8029102578542306
stagea__drawer-closed__possession-on-table__locus-cabinet-side__support-transverse-low-support__layout-b,v32_closed,drawer,full_trajectory_replay,8,560,12,257886fa56c8ca594b7a52c9ba5c2ece42a4910673fe22140ee0be23dedc7fed,True,False,True,False,False,173.0,,374,1.705092885070128
stagea__drawer-closed__possession-on-table__locus-cabinet-side__support-transverse-low-support__layout-b,v32_closed,drawer,full_trajectory_replay,9,627,12,54c3e36183cf5ef2a823d528e9503368965fc007ae422f9ac129decd6be47724,True,False,True,False,False,173.0,,374,1.8276099932047822
stagea__drawer-closed__possession-on-table__locus-cabinet-side__support-transverse-low-support__layout-b,v32_closed,drawer,full_trajectory_replay,10,684,12,4b41c4e5e61e059c2e83642794a66dcb58b90e9370db1b39755f83c021da75d2,True,False,True,False,False,178.0,,379,1.7871337667529157
stagea__drawer-closed__possession-on-table__locus-cabinet-side__support-transverse-low-support__layout-b,v32_closed,drawer,full_trajectory_replay,11,409,12,e8aa2651d0fba6006bbd1ce8844606d4c1e24568d5b42dae3098ea158f05f04f,False,False,False,False,False,,,385,1.649200670773154
stagea__drawer-closed__possession-on-table__locus-cabinet-side__support-transverse-low-support__layout-b,v32_closed,drawer,full_trajectory_replay,12,548,12,8039f55efc1d3b2afff01d9544afe9a27c13a9fde71ed489cc1888b03d05d72d,True,False,True,False,False,173.0,,374,1.6918096229227633
stagea__drawer-closed__possession-on-table__locus-cabinet-side__support-transverse-low-support__layout-b,v32_closed,drawer,full_trajectory_replay,13,742,12,db2e8c6a4ceb523133f51e21d0d31a8320ab88d1c0c7c0b124435499ea21a230,False,False,False,False,False,,,387,1.8786059601411318
stagea__drawer-closed__possession-on-table__locus-cabinet-side__support-transverse-low-support__layout-b,v32_closed,drawer,full_trajectory_replay,14,790,12,92034ebae21e287f92cdafcaaf1c4cc9ca7d732c105e28653f41c814086a107c,True,False,True,False,False,175.0,,376,1.767671135237057
stagea__drawer-closed__possession-on-table__locus-cabinet-side__support-transverse-low-support__layout-b,v32_closed,drawer,full_trajectory_replay,15,534,12,47ec06d84d5536c7bc2c903e0f4bc40c38674a2cc7e48d22e791a529d149c23f,False,False,False,False,False,,,388,1.4101209252711104
stagea__drawer-closed__possession-on-table__locus-cabinet-side__support-transverse-low-support__layout-b,v32_closed,drawer,full_trajectory_replay,16,498,12,f6ffd6f59a512dc3d6da39d1c991a246f1f6c4fda28c9c6951d1ead81b79d73e,False,False,False,False,False,,,390,1.7184742713140388
stagea__drawer-closed__possession-on-table__locus-cabinet-side__support-transverse-low-support__layout-b,v32_closed,drawer,full_trajectory_replay,17,737,12,24d53009f0c5a3917d02b3366eb875314813a60de3081d1bf69f19e04fcfd2ec,True,False,True,False,False,192.0,,393,1.747378246057742
stagea__drawer-closed__possession-on-table__locus-cabinet-side__support-transverse-low-support__layout-b,v32_closed,drawer,full_trajectory_replay,18,489,12,548f110a2e4050299ae8b3a610c9806b51995a65b74f8a79b83dece3b9636a3f,False,False,False,False,False,,,395,1.8759389420431938
stagea__drawer-closed__possession-on-table__locus-cabinet-side__support-transverse-low-support__layout-b,v32_closed,drawer,full_trajectory_replay,19,784,12,d61fad8212342e13bc37c975339f3effa6841a3166deace8fa063482deeb95c4,True,False,True,False,False,183.0,,384,1.7651975250794227
stagea__drawer-closed__possession-on-table__locus-cabinet-side__support-transverse-low-support__layout-b,v32_closed,drawer,full_trajectory_replay,20,701,12,4b63123279f4f228439254b39a178ae1dc4773dc6dc6d53eb6d453f24e40eda3,True,False,True,False,False,186.0,,387,1.7963770897724012
stagea__drawer-closed__possession-on-table__locus-cabinet-side__support-transverse-low-support__layout-b,v32_closed,drawer,full_trajectory_replay,21,416,12,41b4ab3c6eab78d6c7d147d6b7319f520c6dafa8eee44a2166e002b28cb2fdfd,False,False,False,False,False,,,399,1.8291625820195896
stagea__drawer-closed__possession-on-table__locus-cabinet-side__support-transverse-low-support__layout-b,v32_closed,drawer,full_trajectory_replay,22,462,12,40dafe57a26443dcd16aaaca097715e50661a8f0bc112c64947bc2ee28c75703,True,False,True,False,False,189.0,,390,1.7635608383548944
stagea__drawer-closed__possession-on-table__locus-cabinet-side__support-transverse-low-support__layout-b,v32_closed,drawer,full_trajectory_replay,23,494,12,93f39f1498437ddba0efc6eb059cd2b642ab544fab2f3336525878a4763097d4,True,False,True,False,False,186.0,,387,1.755675054156046
stagea__drawer-closed__possession-on-table__locus-cabinet-side__support-transverse-low-support__layout-b,v32_closed,drawer,full_trajectory_replay,24,414,12,9ec592154057d5c791bd6ea65380646ea92cd0d23d38116bae61bcd4d9af6daa,True,False,True,False,False,189.0,,390,1.7968162208301717
stagea__drawer-closed__possession-on-table__locus-cabinet-side__support-transverse-low-support__layout-b,v32_closed,drawer,full_trajectory_replay,25,523,12,eff93d2d3123718e86e9f1b41fb58d6a377fbec3687a6300f32204f553b41906,True,False,True,False,False,193.0,,394,1.8251071033651471
stagea__drawer-closed__possession-on-table__locus-cabinet-side__support-transverse-low-support__layout-b,v32_closed,drawer,full_trajectory_replay,26,762,12,5a6ad00de32247a9c04c1b1ae331ac99f700b26de0552cc1171848d4a8682ec3,True,False,True,False,False,189.0,,390,1.7755807147307245
stagea__drawer-closed__possession-on-table__locus-cabinet-side__support-transverse-low-support__layout-b,v32_closed,drawer,full_trajectory_replay,27,758,12,908f23fecbfd35ae5c9dcbedd3858d03ec11dd138bb2dab0f43ee0d4574695b4,True,False,True,False,False,197.0,,398,1.870740847324349
stagea__drawer-closed__possession-on-table__locus-cabinet-side__support-transverse-low-support__layout-b,v32_closed,drawer,full_trajectory_replay,28,782,12,de7cef4f6a636948f4190f834219967d71ea3e72fe0b4f836e50e047f5d757f3,False,False,False,False,False,,,415,1.808437678885022
stagea__drawer-closed__possession-on-table__locus-cabinet-side__support-transverse-low-support__layout-b,v32_closed,drawer,full_trajectory_replay,29,383,12,f598f486a32782cc98bfad505745987af2a8f37f2e9c4aa94b4ec2f8b9fa8ae4,True,False,True,False,False,205.0,,406,1.908741377123473
stagea__drawer-closed__possession-on-table__locus-cabinet-side__support-transverse-low-support__layout-b,v32_closed,drawer,full_trajectory_replay,30,738,12,8eabf11d95595bb7c52a4944a62cc03da44e1f462b7ad8a09519f9c8d10286aa,True,False,True,False,False,211.0,,412,1.8939434031355566
stagea__drawer-closed__possession-on-table__locus-cabinet-side__support-transverse-low-support__layout-b,v32_closed,drawer,full_trajectory_replay,31,538,12,08ad1772331225b10cf37ff13b272f62c36cb63525e1e766a49b9b0fcb1a42c6,True,False,True,False,False,210.0,,411,2.0445357128571335
stagea__drawer-closed__possession-on-table__locus-cabinet-side__support-transverse-low-support__layout-b,v32_closed,drawer,full_trajectory_replay,32,465,12,e0429b5fe21a733c15e4703fae6c590da9aaff3e0b059bfd634952b78272b52f,True,False,True,False,False,221.0,,422,1.8778781531469582
stagea__drawer-closed__possession-on-table__locus-cabinet-side__support-transverse-low-support__layout-b,v32_closed,drawer,full_trajectory_replay,33,449,12,f20bb3de976403a90113d79607775b68c63181b9aaba242dc0f356def02dad3e,True,False,True,False,False,237.0,,438,2.3648484897815667
stagea__drawer-closed__possession-on-table__locus-cabinet-side__support-transverse-low-support__layout-b,v32_closed,drawer,full_trajectory_replay,34,711,12,5fbc8383f1842247c97b8be8ec4cb5a910eaea56fe8ac6bc4025f658f74279c2,True,False,True,False,False,243.0,,444,1.952797890733478
stagea__drawer-closed__possession-on-table__locus-cabinet-side__support-transverse-low-support__layout-b,v32_closed,drawer,full_trajectory_replay,35,387,12,a6b95196dd651f801df5eb0aaac15cabaa4501ebba68b07e61bc42d336c598b2,True,False,True,False,False,257.0,,458,2.2243870763999976
stagea__drawer-closed__possession-on-table__locus-drawer-side__support-demonstration-near__layout-a,v32_closed,cabinet,full_trajectory_replay,0,438,18,fc624695eb2d39b20e511c8ac6df4923b6bff3cff56ff389622f45310e9278c2,True,True,True,False,False,73.0,,274,1.0361593829465745
stagea__drawer-closed__possession-on-table__locus-drawer-side__support-demonstration-near__layout-a,v32_closed,cabinet,full_trajectory_replay,1,712,18,9af535ed5943f0efe94c6e6136614fdd45017940a69a8267687e68416905a9d8,True,False,True,False,False,76.0,,277,1.0786914475981861
stagea__drawer-closed__possession-on-table__locus-drawer-side__support-demonstration-near__layout-a,v32_closed,cabinet,full_trajectory_replay,2,669,18,bb63603def241e17b02c89c5513d1ef93cf75f47c260b5b139f120acf22c26f8,True,False,True,False,False,75.0,,276,1.0175755892724658
stagea__drawer-closed__possession-on-table__locus-drawer-side__support-demonstration-near__layout-a,v32_closed,cabinet,full_trajectory_replay,3,590,18,0348abe806a47069551301e2e86e25fcca5b8db8fd3f5b128630180e19057a9c,False,False,False,False,False,,,290,1.142073811108868
stagea__drawer-closed__possession-on-table__locus-drawer-side__support-demonstration-near__layout-a,v32_closed,cabinet,full_trajectory_replay,4,597,18,3bd590038acfecf91321ca683267c834fb8ebbd4f559e5fd8f89bf1dda561e9f,False,False,False,False,False,,,290,1.089017969495576
stagea__drawer-closed__possession-on-table__locus-drawer-side__support-demonstration-near__layout-a,v32_closed,cabinet,full_trajectory_replay,5,660,18,082d8ee4933e7774b752cd6fbf2ea76a20ff927bf4afa8bd09b7ddc47aefba34,False,False,False,False,False,,,290,1.10045120317131
stagea__drawer-closed__possession-on-table__locus-drawer-side__support-demonstration-near__layout-a,v32_closed,cabinet,full_trajectory_replay,6,458,18,4d4a24b15ada9177614865d055b4dccd354dd4ce8dac9eb391c68984fc50691e,False,False,False,False,False,,,291,1.1269120853890797
stagea__drawer-closed__possession-on-table__locus-drawer-side__support-demonstration-near__layout-a,v32_closed,cabinet,full_trajectory_replay,7,573,18,2e42787c67b5b157b79e3c3b2980a13563d41b4cbf69a9279c710d30a6292e92,False,False,False,False,False,,,291,1.162728748224891
stagea__drawer-closed__possession-on-table__locus-drawer-side__support-demonstration-near__layout-a,v32_closed,cabinet,full_trajectory_replay,8,681,18,32bf1db8cfb866d929b97eaf4f6ad55599246fef24edf68fea15ede3b5cf005e,False,False,False,False,False,,,291,1.0888767336666314
stagea__drawer-closed__possession-on-table__locus-drawer-side__support-demonstration-near__layout-a,v32_closed,cabinet,full_trajectory_replay,9,452,18,016fe7cdd6622e9f77775f108f3cb4e4f836ec330ac07003f39fb7e5dbd594d5,False,False,False,False,False,,,293,1.1782366774404167
stagea__drawer-closed__possession-on-table__locus-drawer-side__support-demonstration-near__layout-a,v32_closed,cabinet,full_trajectory_replay,10,775,18,b7e8758503c46c2273a688c9d98a5cbf14447ba59301bb326ca3a9078d7ea079,False,False,False,False,False,,,293,1.111981231602209
stagea__drawer-closed__possession-on-table__locus-drawer-side__support-demonstration-near__layout-a,v32_closed,cabinet,full_trajectory_replay,11,665,18,a4a985f59f32ec185896dca87996aa455a720e318f579d3c58b2a88d391ef2bd,False,False,False,False,False,,,295,1.1605667976796872
stagea__drawer-closed__possession-on-table__locus-drawer-side__support-demonstration-near__layout-a,v32_closed,cabinet,full_trajectory_replay,12,444,18,4d00108fccbba095038c80424e863deb2221dea2d50d4f2c5a3442f48d6466a2,True,False,True,False,False,83.0,,284,1.1135389311229291
stagea__drawer-closed__possession-on-table__locus-drawer-side__support-demonstration-near__layout-a,v32_closed,cabinet,full_trajectory_replay,13,501,18,033327dbdb43b4bfddc6ed286bf6f8e8a6112ffe991905c700c75ec0676b386c,False,False,False,False,False,,,296,1.10729062349535
stagea__drawer-closed__possession-on-table__locus-drawer-side__support-demonstration-near__layout-a,v32_closed,cabinet,full_trajectory_replay,14,638,18,a8d81987e6f0f385619548c3982d9078c5c54a76d95ade16b8a982ad08234932,False,False,False,False,False,,,296,1.1708283446856145
stagea__drawer-closed__possession-on-table__locus-drawer-side__support-demonstration-near__layout-a,v32_closed,cabinet,full_trajectory_replay,15,674,18,9b9937400a6e113f3901f66bf04dbac00fcbef6b9d999843ef0c651c1d76ce93,False,False,False,False,False,,,296,1.1424831973991374
stagea__drawer-closed__possession-on-table__locus-drawer-side__support-demonstration-near__layout-a,v32_closed,cabinet,full_trajectory_replay,16,493,18,6cd7e138d3e7108f26e5396426d285829d7a3044a5068557110ad529c60f88fb,False,False,False,False,False,,,297,1.171761231720109
stagea__drawer-closed__possession-on-table__locus-drawer-side__support-demonstration-near__layout-a,v32_closed,cabinet,full_trajectory_replay,17,636,18,0a4fa289713d5467f4f401adaef6d834685933041fe590343f19ee059e605170,False,False,False,False,False,,,297,1.1643800924629004
stagea__drawer-closed__possession-on-table__locus-drawer-side__support-demonstration-near__layout-a,v32_closed,cabinet,full_trajectory_replay,18,699,18,9504ca4f990d01cd111eed0f44cf9f286704e69d2bef21680ad53de5b6c6e501,True,False,True,False,False,81.0,,282,1.1784315990598073
stagea__drawer-closed__possession-on-table__locus-drawer-side__support-demonstration-near__layout-a,v32_closed,cabinet,full_trajectory_replay,19,456,18,fe869cc76141d5cbf6d64ee2c3c80a872e3f32bfcb5763bfe38221d3c6f8774f,True,False,True,False,False,86.0,,287,1.1613098771195847
stagea__drawer-closed__possession-on-table__locus-drawer-side__support-demonstration-near__layout-a,v32_closed,cabinet,full_trajectory_replay,20,570,18,c2d4c5bdce9483b0609598e4bd984122284c5eef5a4d26eac9681c616139a807,False,False,False,False,False,,,298,1.1908292407974916
stagea__drawer-closed__possession-on-table__locus-drawer-side__support-demonstration-near__layout-a,v32_closed,cabinet,full_trajectory_replay,21,662,18,9b8d4f7149a62a256faa3e7ea0e5c2f3125d95bea41d4c479b86904e2d505dcf,True,False,True,False,False,83.0,,284,1.0894568556222475
stagea__drawer-closed__possession-on-table__locus-drawer-side__support-demonstration-near__layout-a,v32_closed,cabinet,full_trajectory_replay,22,732,18,c3b4ba9df80cca1c1bc20693376c230d3bc01ba9f981bb21aff3d94f5df62a66,True,False,True,False,False,78.0,,279,1.0778557683031866
stagea__drawer-closed__possession-on-table__locus-drawer-side__support-demonstration-near__layout-a,v32_closed,cabinet,full_trajectory_replay,23,505,18,69ffa114adff6ac44594f47b51bd23b379470a0da01eb7ed63f3d8a0d4c8775a,False,False,False,False,False,,,299,1.1375188852386557
stagea__drawer-closed__possession-on-table__locus-drawer-side__support-demonstration-near__layout-a,v32_closed,cabinet,full_trajectory_replay,24,630,18,d47820b50d009ef5f221017fa25bcb7f75e7cde874bf13cd4a5f40b7d49fe74f,True,False,True,False,False,87.0,,288,1.1014540314692507
stagea__drawer-closed__possession-on-table__locus-drawer-side__support-demonstration-near__layout-a,v32_closed,cabinet,full_trajectory_replay,25,743,18,1df868b0e126de6c747a3392f2ae0135f2089140e79694115da746d261455e76,True,False,True,False,False,89.0,,290,1.1030331601636898
stagea__drawer-closed__possession-on-table__locus-drawer-side__support-demonstration-near__layout-a,v32_closed,cabinet,full_trajectory_replay,26,398,18,dddc06067bf84b0019a1cf050048e588df918f7768911fa406ce110da9ad4689,False,False,False,False,False,,,300,1.2036360877020562
stagea__drawer-closed__possession-on-table__locus-drawer-side__support-demonstration-near__layout-a,v32_closed,cabinet,full_trajectory_replay,27,446,18,171014841f360ccb7f224b68357849b87ebcfb38ea27c23f8309cdfd830c7760,True,False,True,False,False,88.0,,289,1.1194063509188572
stagea__drawer-closed__possession-on-table__locus-drawer-side__support-demonstration-near__layout-a,v32_closed,cabinet,full_trajectory_replay,28,724,18,8bbb07bf3048a11cd3879887766413ad6a041eb78ef54667a0528d0ab13f7c0c,False,False,False,False,False,,,301,1.2053152419931528
stagea__drawer-closed__possession-on-table__locus-drawer-side__support-demonstration-near__layout-a,v32_closed,cabinet,full_trajectory_replay,29,521,18,f404e35757cca7351a7956c0091493689bcae213ebc3f600ad9ca7ec35cc19d8,True,False,True,False,False,83.0,,284,1.150708361225166
stagea__drawer-closed__possession-on-table__locus-drawer-side__support-demonstration-near__layout-a,v32_closed,cabinet,full_trajectory_replay,30,791,18,ab8bc2c0ead1910b94bd3b22c327af072be2575c2b190a011406f4f7286f5de9,False,False,False,False,False,,,302,1.148189526342329
stagea__drawer-closed__possession-on-table__locus-drawer-side__support-demonstration-near__layout-a,v32_closed,cabinet,full_trajectory_replay,31,474,18,5d93ae0bbe8618d7ad32e89a85261166b35dec3bcaa972751dddbaae8f07150c,True,False,True,False,False,84.0,,285,1.129938835692748
stagea__drawer-closed__possession-on-table__locus-drawer-side__support-demonstration-near__layout-a,v32_closed,cabinet,full_trajectory_replay,32,514,18,f0570adf2e2cdf55ef01180c8cf15f14c96b33219a8bdcfb110accc19eb31f44,True,False,True,False,False,89.0,,290,1.2077010574421332
stagea__drawer-closed__possession-on-table__locus-drawer-side__support-demonstration-near__layout-a,v32_closed,cabinet,full_trajectory_replay,33,793,18,321fba85a693c5b82c8fc5d19d784724998b7ca98e765b826b728c3015762066,False,False,False,False,False,,,303,1.1805809295348502
stagea__drawer-closed__possession-on-table__locus-drawer-side__support-demonstration-near__layout-a,v32_closed,cabinet,full_trajectory_replay,34,608,18,51b3f339ae2711ec2dee1dcd740cd2c0f3834f5ec75aa5be171a8aabfa384705,True,False,True,False,False,93.0,,294,1.169871565206464
stagea__drawer-closed__possession-on-table__locus-drawer-side__support-demonstration-near__layout-a,v32_closed,cabinet,full_trajectory_replay,35,696,18,27ac40ae5b0142c7d2dd195b068a73088bc3ab3ec1564e44ffca7f7e715939b7,True,False,True,False,False,87.0,,288,1.1958124059370498
stagea__drawer-closed__possession-on-table__locus-drawer-side__support-demonstration-near__layout-a,v32_closed,cabinet,full_trajectory_replay,36,661,18,79a603a018e5f911a590ae269ad2060c3e7efd307ce515d5e88df99491a895e8,True,False,True,False,False,86.0,,287,1.1752677982402893
stagea__drawer-closed__possession-on-table__locus-drawer-side__support-demonstration-near__layout-a,v32_closed,cabinet,full_trajectory_replay,37,745,18,aa1a3bff114b4b0887abbac25cd7b26200e2b2d232d51d48484012ca3ac3efce,True,False,True,False,False,91.0,,292,1.234211930683164
stagea__drawer-closed__possession-on-table__locus-drawer-side__support-demonstration-near__layout-a,v32_closed,cabinet,full_trajectory_replay,38,767,18,bbf383faef21636081e61ca9fa795f26d897115b2e20fe6c0265b2d8e57172af,True,False,True,False,False,89.0,,290,1.1455124137072343
stagea__drawer-closed__possession-on-table__locus-drawer-side__support-demonstration-near__layout-a,v32_closed,cabinet,full_trajectory_replay,39,702,18,3fb5394b81ace7223fa4dc390332e7caab954344c8941276b13b63b0de1c2138,False,False,False,False,False,,,306,1.2555340831534458
stagea__drawer-closed__possession-on-table__locus-drawer-side__support-demonstration-near__layout-a,v32_closed,cabinet,full_trajectory_replay,40,794,18,dcf5210e4570b197e56bdf6a478e82d539aed8c6cdfe5c988d35706a308b1cca,True,False,True,False,False,96.0,,297,1.199002788292731
stagea__drawer-closed__possession-on-table__locus-drawer-side__support-demonstration-near__layout-a,v32_closed,cabinet,full_trajectory_replay,41,689,18,aa0ba50ca5b7f2632e0e1a5e2bb54df31c7b6cda867839b03bdd0567c6411689,True,False,True,False,False,90.0,,291,1.1894707782628424
stagea__drawer-closed__possession-on-table__locus-drawer-side__support-demonstration-near__layout-a,v32_closed,cabinet,full_trajectory_replay,42,402,18,8d680111f934c94908dcb0f1528eef18063eb08cd7ed0c0a56e84debd7464d8c,False,False,False,False,False,,,310,1.3111047722339837
stagea__drawer-closed__possession-on-table__locus-drawer-side__support-demonstration-near__layout-a,v32_closed,cabinet,full_trajectory_replay,43,731,18,5be6d721a6fca1ef425074e8042fb05a80633e90f73f84091fca7a570ba71c84,True,False,True,False,False,89.0,,290,1.1635418028004718
stagea__drawer-closed__possession-on-table__locus-drawer-side__support-demonstration-near__layout-a,v32_closed,cabinet,full_trajectory_replay,44,601,18,356b2a75f9d362a1cfb0d6e3fdb65c08269c619643db134c6cedc24fe14feff4,True,False,True,False,False,106.0,,307,1.1334688893337779
stagea__drawer-closed__possession-on-table__locus-drawer-side__support-demonstration-near__layout-a,v32_closed,cabinet,full_trajectory_replay,45,706,18,239ae28404bef990e918f40b44f2aa59e45059ea0befe4a202d06f573aa4c5fd,True,False,True,False,False,110.0,,311,1.305078172903209
stagea__drawer-closed__possession-on-table__locus-drawer-side__support-demonstration-near__layout-a,v32_closed,drawer,full_trajectory_replay,0,576,12,c4dc33e0754f25efdaa87c75195a9e18ba603fd17aa500a5ab8751927234e465,False,False,False,False,False,,,370,1.6018665234468765
stagea__drawer-closed__possession-on-table__locus-drawer-side__support-demonstration-near__layout-a,v32_closed,drawer,full_trajectory_replay,1,694,12,e4d0e6805b6a960d0454858721550b66c578ada98014d5f852301b7bccee4c6e,False,False,False,False,False,,,373,1.643324074546869
stagea__drawer-closed__possession-on-table__locus-drawer-side__support-demonstration-near__layout-a,v32_closed,drawer,full_trajectory_replay,2,614,12,e61d01ded7ab086478e718b79d5a82f3b03ba2f66dca79962533600239750733,False,False,False,False,False,,,376,1.723919125922126
stagea__drawer-closed__possession-on-table__locus-drawer-side__support-demonstration-near__layout-a,v32_closed,drawer,full_trajectory_replay,3,382,12,f26c8e95841a34fdf898d203d26239d6a90e1c07c81f581944655edeb4f60915,True,True,True,False,False,165.0,,366,1.5712038707030018
stagea__drawer-closed__possession-on-table__locus-drawer-side__support-demonstration-near__layout-a,v32_closed,drawer,full_trajectory_replay,4,526,12,8ebeecff1ddaa357856da5ef867f3055f43a1fe01692dd469542c151b39ea3fc,True,False,True,False,False,166.0,,367,1.6602733411576853
stagea__drawer-closed__possession-on-table__locus-drawer-side__support-demonstration-near__layout-a,v32_closed,drawer,full_trajectory_replay,5,594,12,d5c8812af2a306355bb71a52c35164f93ef95ab0ec2a57638db05edb030de728,False,False,False,False,False,,,378,1.7320788812109558
stagea__drawer-closed__possession-on-table__locus-drawer-side__support-demonstration-near__layout-a,v32_closed,drawer,full_trajectory_replay,6,559,12,6338c79a0fb6aadb247d383c82552982be98a0fe67a07210aa6cdbb957870a0e,False,False,False,False,False,,,382,1.6159835633030988
stagea__drawer-closed__possession-on-table__locus-drawer-side__support-demonstration-near__layout-a,v32_closed,drawer,full_trajectory_replay,7,624,12,adb56e3ec63a390538504dce7dbcfce5bc5f780cf2a323a68559c4952810dca4,False,False,False,False,False,,,383,1.752503864647874
stagea__drawer-closed__possession-on-table__locus-drawer-side__support-demonstration-near__layout-a,v32_closed,drawer,full_trajectory_replay,8,560,12,257886fa56c8ca594b7a52c9ba5c2ece42a4910673fe22140ee0be23dedc7fed,True,False,True,False,False,173.0,,374,1.6732559511053968
stagea__drawer-closed__possession-on-table__locus-drawer-side__support-demonstration-near__layout-a,v32_closed,drawer,full_trajectory_replay,9,627,12,54c3e36183cf5ef2a823d528e9503368965fc007ae422f9ac129decd6be47724,False,False,False,False,False,,,384,1.8346744704394022
stagea__drawer-closed__possession-on-table__locus-drawer-side__support-demonstration-near__layout-a,v32_closed,drawer,full_trajectory_replay,10,684,12,4b41c4e5e61e059c2e83642794a66dcb58b90e9370db1b39755f83c021da75d2,False,False,False,False,False,,,384,1.7291237552217562
stagea__drawer-closed__possession-on-table__locus-drawer-side__support-demonstration-near__layout-a,v32_closed,drawer,full_trajectory_replay,11,409,12,e8aa2651d0fba6006bbd1ce8844606d4c1e24568d5b42dae3098ea158f05f04f,False,False,False,False,False,,,385,1.348992143672508
stagea__drawer-closed__possession-on-table__locus-drawer-side__support-demonstration-near__layout-a,v32_closed,drawer,full_trajectory_replay,12,548,12,8039f55efc1d3b2afff01d9544afe9a27c13a9fde71ed489cc1888b03d05d72d,False,False,False,False,False,,,386,1.6679985486354054
stagea__drawer-closed__possession-on-table__locus-drawer-side__support-demonstration-near__layout-a,v32_closed,drawer,full_trajectory_replay,13,742,12,db2e8c6a4ceb523133f51e21d0d31a8320ab88d1c0c7c0b124435499ea21a230,False,False,False,False,False,,,387,1.8606000190495675
stagea__drawer-closed__possession-on-table__locus-drawer-side__support-demonstration-near__layout-a,v32_closed,drawer,full_trajectory_replay,14,790,12,92034ebae21e287f92cdafcaaf1c4cc9ca7d732c105e28653f41c814086a107c,False,False,False,False,False,,,387,1.6987256615197706
stagea__drawer-closed__possession-on-table__locus-drawer-side__support-demonstration-near__layout-a,v32_closed,drawer,full_trajectory_replay,15,534,12,47ec06d84d5536c7bc2c903e0f4bc40c38674a2cc7e48d22e791a529d149c23f,False,False,False,False,False,,,388,1.6922006101557305
stagea__drawer-closed__possession-on-table__locus-drawer-side__support-demonstration-near__layout-a,v32_closed,drawer,full_trajectory_replay,16,498,12,f6ffd6f59a512dc3d6da39d1c991a246f1f6c4fda28c9c6951d1ead81b79d73e,False,False,False,False,False,,,390,1.6820867653809857
stagea__drawer-closed__possession-on-table__locus-drawer-side__support-demonstration-near__layout-a,v32_closed,drawer,full_trajectory_replay,17,737,12,24d53009f0c5a3917d02b3366eb875314813a60de3081d1bf69f19e04fcfd2ec,True,False,True,False,False,181.0,,382,1.681617731725669
stagea__drawer-closed__possession-on-table__locus-drawer-side__support-demonstration-near__layout-a,v32_closed,drawer,full_trajectory_replay,18,489,12,548f110a2e4050299ae8b3a610c9806b51995a65b74f8a79b83dece3b9636a3f,True,False,True,False,False,183.0,,384,1.800572492246849
stagea__drawer-closed__possession-on-table__locus-drawer-side__support-demonstration-near__layout-a,v32_closed,drawer,full_trajectory_replay,19,784,12,d61fad8212342e13bc37c975339f3effa6841a3166deace8fa063482deeb95c4,True,False,True,False,False,185.0,,386,1.7318586804797453
stagea__drawer-closed__possession-on-table__locus-drawer-side__support-demonstration-near__layout-a,v32_closed,drawer,full_trajectory_replay,20,701,12,4b63123279f4f228439254b39a178ae1dc4773dc6dc6d53eb6d453f24e40eda3,True,False,True,False,False,186.0,,387,1.7646905469269143
stagea__drawer-closed__possession-on-table__locus-drawer-side__support-demonstration-near__layout-a,v32_closed,drawer,full_trajectory_replay,21,416,12,41b4ab3c6eab78d6c7d147d6b7319f520c6dafa8eee44a2166e002b28cb2fdfd,False,False,False,False,False,,,399,1.778940889504264
stagea__drawer-closed__possession-on-table__locus-drawer-side__support-demonstration-near__layout-a,v32_closed,drawer,full_trajectory_replay,22,462,12,40dafe57a26443dcd16aaaca097715e50661a8f0bc112c64947bc2ee28c75703,True,False,True,False,False,188.0,,389,1.7261706951308486
stagea__drawer-closed__possession-on-table__locus-drawer-side__support-demonstration-near__layout-a,v32_closed,drawer,full_trajectory_replay,23,494,12,93f39f1498437ddba0efc6eb059cd2b642ab544fab2f3336525878a4763097d4,True,False,True,False,False,189.0,,390,1.7593874164496026
stagea__drawer-closed__possession-on-table__locus-drawer-side__support-demonstration-near__layout-a,v32_closed,drawer,full_trajectory_replay,24,414,12,9ec592154057d5c791bd6ea65380646ea92cd0d23d38116bae61bcd4d9af6daa,True,False,True,False,False,185.0,,386,1.7364598667499291
stagea__drawer-closed__possession-on-table__locus-drawer-side__support-demonstration-near__layout-a,v32_closed,drawer,full_trajectory_replay,25,523,12,eff93d2d3123718e86e9f1b41fb58d6a377fbec3687a6300f32204f553b41906,True,False,True,False,False,193.0,,394,1.7961172529011722
stagea__drawer-closed__possession-on-table__locus-drawer-side__support-demonstration-near__layout-a,v32_closed,drawer,full_trajectory_replay,26,762,12,5a6ad00de32247a9c04c1b1ae331ac99f700b26de0552cc1171848d4a8682ec3,False,False,False,False,False,,,402,1.8171194893112115
stagea__drawer-closed__possession-on-table__locus-drawer-side__support-demonstration-near__layout-a,v32_closed,drawer,full_trajectory_replay,27,758,12,908f23fecbfd35ae5c9dcbedd3858d03ec11dd138bb2dab0f43ee0d4574695b4,False,False,False,False,False,,,409,1.8862732502639554
stagea__drawer-closed__possession-on-table__locus-drawer-side__support-demonstration-near__layout-a,v32_closed,drawer,full_trajectory_replay,28,782,12,de7cef4f6a636948f4190f834219967d71ea3e72fe0b4f836e50e047f5d757f3,False,False,False,True,False,,,415,1.6153743898597686
stagea__drawer-closed__possession-on-table__locus-drawer-side__support-demonstration-near__layout-a,v32_closed,drawer,full_trajectory_replay,29,383,12,f598f486a32782cc98bfad505745987af2a8f37f2e9c4aa94b4ec2f8b9fa8ae4,True,False,True,False,False,206.0,,407,1.8758882005511737
stagea__drawer-closed__possession-on-table__locus-drawer-side__support-demonstration-near__layout-a,v32_closed,drawer,full_trajectory_replay,30,738,12,8eabf11d95595bb7c52a4944a62cc03da44e1f462b7ad8a09519f9c8d10286aa,True,False,True,False,False,207.0,,408,1.8693880513897616
stagea__drawer-closed__possession-on-table__locus-drawer-side__support-demonstration-near__layout-a,v32_closed,drawer,full_trajectory_replay,31,538,12,08ad1772331225b10cf37ff13b272f62c36cb63525e1e766a49b9b0fcb1a42c6,False,False,False,False,False,,,421,1.981046914029382
stagea__drawer-closed__possession-on-table__locus-drawer-side__support-demonstration-near__layout-a,v32_closed,drawer,full_trajectory_replay,32,465,12,e0429b5fe21a733c15e4703fae6c590da9aaff3e0b059bfd634952b78272b52f,False,False,False,False,False,,,427,1.8626308281973665
stagea__drawer-closed__possession-on-table__locus-drawer-side__support-demonstration-near__layout-a,v32_closed,drawer,full_trajectory_replay,33,449,12,f20bb3de976403a90113d79607775b68c63181b9aaba242dc0f356def02dad3e,True,False,True,False,False,236.0,,437,2.336624265455547
stagea__drawer-closed__possession-on-table__locus-drawer-side__support-demonstration-near__layout-a,v32_closed,drawer,full_trajectory_replay,34,711,12,5fbc8383f1842247c97b8be8ec4cb5a910eaea56fe8ac6bc4025f658f74279c2,False,False,False,False,False,,,451,1.9088985952507191
stagea__drawer-closed__possession-on-table__locus-drawer-side__support-demonstration-near__layout-a,v32_closed,drawer,full_trajectory_replay,35,387,12,a6b95196dd651f801df5eb0aaac15cabaa4501ebba68b07e61bc42d336c598b2,False,False,False,False,False,,,470,2.1328305530242817
stagea__drawer-closed__possession-on-table__locus-drawer-side__support-demonstration-near__layout-b,v32_closed,cabinet,full_trajectory_replay,0,438,18,fc624695eb2d39b20e511c8ac6df4923b6bff3cff56ff389622f45310e9278c2,False,False,False,False,False,,,286,1.0948787938246636
stagea__drawer-closed__possession-on-table__locus-drawer-side__support-demonstration-near__layout-b,v32_closed,cabinet,full_trajectory_replay,1,712,18,9af535ed5943f0efe94c6e6136614fdd45017940a69a8267687e68416905a9d8,True,False,True,False,False,76.0,,277,1.0895484533589255
stagea__drawer-closed__possession-on-table__locus-drawer-side__support-demonstration-near__layout-b,v32_closed,cabinet,full_trajectory_replay,2,669,18,bb63603def241e17b02c89c5513d1ef93cf75f47c260b5b139f120acf22c26f8,False,False,False,False,False,,,288,1.0501826945269952
stagea__drawer-closed__possession-on-table__locus-drawer-side__support-demonstration-near__layout-b,v32_closed,cabinet,full_trajectory_replay,3,590,18,0348abe806a47069551301e2e86e25fcca5b8db8fd3f5b128630180e19057a9c,True,False,True,False,False,78.0,,279,1.0983420486448188
stagea__drawer-closed__possession-on-table__locus-drawer-side__support-demonstration-near__layout-b,v32_closed,cabinet,full_trajectory_replay,4,597,18,3bd590038acfecf91321ca683267c834fb8ebbd4f559e5fd8f89bf1dda561e9f,True,False,True,False,False,79.0,,280,1.0728961574427571
stagea__drawer-closed__possession-on-table__locus-drawer-side__support-demonstration-near__layout-b,v32_closed,cabinet,full_trajectory_replay,5,660,18,082d8ee4933e7774b752cd6fbf2ea76a20ff927bf4afa8bd09b7ddc47aefba34,False,False,False,False,False,,,290,1.0719738069375246
stagea__drawer-closed__possession-on-table__locus-drawer-side__support-demonstration-near__layout-b,v32_closed,cabinet,full_trajectory_replay,6,458,18,4d4a24b15ada9177614865d055b4dccd354dd4ce8dac9eb391c68984fc50691e,True,False,True,False,False,78.0,,279,1.0875021728886445
stagea__drawer-closed__possession-on-table__locus-drawer-side__support-demonstration-near__layout-b,v32_closed,cabinet,full_trajectory_replay,7,573,18,2e42787c67b5b157b79e3c3b2980a13563d41b4cbf69a9279c710d30a6292e92,True,False,True,False,False,79.0,,280,1.1259075601552972
stagea__drawer-closed__possession-on-table__locus-drawer-side__support-demonstration-near__layout-b,v32_closed,cabinet,full_trajectory_replay,8,681,18,32bf1db8cfb866d929b97eaf4f6ad55599246fef24edf68fea15ede3b5cf005e,True,False,True,False,False,76.0,,277,1.0305132579356622
stagea__drawer-closed__possession-on-table__locus-drawer-side__support-demonstration-near__layout-b,v32_closed,cabinet,full_trajectory_replay,9,452,18,016fe7cdd6622e9f77775f108f3cb4e4f836ec330ac07003f39fb7e5dbd594d5,True,False,True,False,False,81.0,,282,1.1458578410194584
stagea__drawer-closed__possession-on-table__locus-drawer-side__support-demonstration-near__layout-b,v32_closed,cabinet,full_trajectory_replay,10,775,18,b7e8758503c46c2273a688c9d98a5cbf14447ba59301bb326ca3a9078d7ea079,False,False,False,False,False,,,293,1.12828682588772
stagea__drawer-closed__possession-on-table__locus-drawer-side__support-demonstration-near__layout-b,v32_closed,cabinet,full_trajectory_replay,11,665,18,a4a985f59f32ec185896dca87996aa455a720e318f579d3c58b2a88d391ef2bd,True,False,True,False,False,76.0,,277,1.0747233616625185
stagea__drawer-closed__possession-on-table__locus-drawer-side__support-demonstration-near__layout-b,v32_closed,cabinet,full_trajectory_replay,12,444,18,4d00108fccbba095038c80424e863deb2221dea2d50d4f2c5a3442f48d6466a2,True,False,True,False,False,83.0,,284,1.125374653839811
stagea__drawer-closed__possession-on-table__locus-drawer-side__support-demonstration-near__layout-b,v32_closed,cabinet,full_trajectory_replay,13,501,18,033327dbdb43b4bfddc6ed286bf6f8e8a6112ffe991905c700c75ec0676b386c,True,False,True,False,False,84.0,,285,1.0932428497474258
stagea__drawer-closed__possession-on-table__locus-drawer-side__support-demonstration-near__layout-b,v32_closed,cabinet,full_trajectory_replay,14,638,18,a8d81987e6f0f385619548c3982d9078c5c54a76d95ade16b8a982ad08234932,True,False,True,False,False,76.0,,277,1.0722638344900024
stagea__drawer-closed__possession-on-table__locus-drawer-side__support-demonstration-near__layout-b,v32_closed,cabinet,full_trajectory_replay,15,674,18,9b9937400a6e113f3901f66bf04dbac00fcbef6b9d999843ef0c651c1d76ce93,False,False,False,False,False,,,296,1.1494533916280276
stagea__drawer-closed__possession-on-table__locus-drawer-side__support-demonstration-near__layout-b,v32_closed,cabinet,full_trajectory_replay,16,493,18,6cd7e138d3e7108f26e5396426d285829d7a3044a5068557110ad529c60f88fb,True,False,True,False,False,79.0,,280,1.1103389947616014
stagea__drawer-closed__possession-on-table__locus-drawer-side__support-demonstration-near__layout-b,v32_closed,cabinet,full_trajectory_replay,17,636,18,0a4fa289713d5467f4f401adaef6d834685933041fe590343f19ee059e605170,True,False,True,False,False,82.0,,283,1.1228262470046704
stagea__drawer-closed__possession-on-table__locus-drawer-side__support-demonstration-near__layout-b,v32_closed,cabinet,full_trajectory_replay,18,699,18,9504ca4f990d01cd111eed0f44cf9f286704e69d2bef21680ad53de5b6c6e501,False,False,False,False,False,,,297,1.245013484918847
stagea__drawer-closed__possession-on-table__locus-drawer-side__support-demonstration-near__layout-b,v32_closed,cabinet,full_trajectory_replay,19,456,18,fe869cc76141d5cbf6d64ee2c3c80a872e3f32bfcb5763bfe38221d3c6f8774f,True,False,True,False,False,88.0,,289,1.176102332268304
stagea__drawer-closed__possession-on-table__locus-drawer-side__support-demonstration-near__layout-b,v32_closed,cabinet,full_trajectory_replay,20,570,18,c2d4c5bdce9483b0609598e4bd984122284c5eef5a4d26eac9681c616139a807,True,False,True,False,False,86.0,,287,1.1598419037581973
stagea__drawer-closed__possession-on-table__locus-drawer-side__support-demonstration-near__layout-b,v32_closed,cabinet,full_trajectory_replay,21,662,18,9b8d4f7149a62a256faa3e7ea0e5c2f3125d95bea41d4c479b86904e2d505dcf,True,False,True,False,False,87.0,,288,1.1125854792897787
stagea__drawer-closed__possession-on-table__locus-drawer-side__support-demonstration-near__layout-b,v32_closed,cabinet,full_trajectory_replay,22,732,18,c3b4ba9df80cca1c1bc20693376c230d3bc01ba9f981bb21aff3d94f5df62a66,True,False,True,False,False,79.0,,280,1.111222176647154
stagea__drawer-closed__possession-on-table__locus-drawer-side__support-demonstration-near__layout-b,v32_closed,cabinet,full_trajectory_replay,23,505,18,69ffa114adff6ac44594f47b51bd23b379470a0da01eb7ed63f3d8a0d4c8775a,True,False,True,False,False,87.0,,288,1.1162948886165547
stagea__drawer-closed__possession-on-table__locus-drawer-side__support-demonstration-near__layout-b,v32_closed,cabinet,full_trajectory_replay,24,630,18,d47820b50d009ef5f221017fa25bcb7f75e7cde874bf13cd4a5f40b7d49fe74f,True,False,True,False,False,91.0,,292,1.1173063755199617
stagea__drawer-closed__possession-on-table__locus-drawer-side__support-demonstration-near__layout-b,v32_closed,cabinet,full_trajectory_replay,25,743,18,1df868b0e126de6c747a3392f2ae0135f2089140e79694115da746d261455e76,True,False,True,False,False,87.0,,288,1.1125788024379901
stagea__drawer-closed__possession-on-table__locus-drawer-side__support-demonstration-near__layout-b,v32_closed,cabinet,full_trajectory_replay,26,398,18,dddc06067bf84b0019a1cf050048e588df918f7768911fa406ce110da9ad4689,False,False,False,False,False,,,300,1.200048141008596
stagea__drawer-closed__possession-on-table__locus-drawer-side__support-demonstration-near__layout-b,v32_closed,cabinet,full_trajectory_replay,27,446,18,171014841f360ccb7f224b68357849b87ebcfb38ea27c23f8309cdfd830c7760,True,False,True,False,False,88.0,,289,1.1318002648478165
stagea__drawer-closed__possession-on-table__locus-drawer-side__support-demonstration-near__layout-b,v32_closed,cabinet,full_trajectory_replay,28,724,18,8bbb07bf3048a11cd3879887766413ad6a041eb78ef54667a0528d0ab13f7c0c,True,False,True,False,False,85.0,,286,1.1359984828862877
stagea__drawer-closed__possession-on-table__locus-drawer-side__support-demonstration-near__layout-b,v32_closed,cabinet,full_trajectory_replay,29,521,18,f404e35757cca7351a7956c0091493689bcae213ebc3f600ad9ca7ec35cc19d8,True,False,True,False,False,84.0,,285,1.1638436593060832
stagea__drawer-closed__possession-on-table__locus-drawer-side__support-demonstration-near__layout-b,v32_closed,cabinet,full_trajectory_replay,30,791,18,ab8bc2c0ead1910b94bd3b22c327af072be2575c2b190a011406f4f7286f5de9,True,True,True,False,False,75.0,,276,1.027776573956668
stagea__drawer-closed__possession-on-table__locus-drawer-side__support-demonstration-near__layout-b,v32_closed,cabinet,full_trajectory_replay,31,474,18,5d93ae0bbe8618d7ad32e89a85261166b35dec3bcaa972751dddbaae8f07150c,True,False,True,False,False,82.0,,283,1.1159412838867075
stagea__drawer-closed__possession-on-table__locus-drawer-side__support-demonstration-near__layout-b,v32_closed,cabinet,full_trajectory_replay,32,514,18,f0570adf2e2cdf55ef01180c8cf15f14c96b33219a8bdcfb110accc19eb31f44,True,False,True,False,False,89.0,,290,1.215801028503292
stagea__drawer-closed__possession-on-table__locus-drawer-side__support-demonstration-near__layout-b,v32_closed,cabinet,full_trajectory_replay,33,793,18,321fba85a693c5b82c8fc5d19d784724998b7ca98e765b826b728c3015762066,True,False,True,False,False,87.0,,288,1.1384124510057845
stagea__drawer-closed__possession-on-table__locus-drawer-side__support-demonstration-near__layout-b,v32_closed,cabinet,full_trajectory_replay,34,608,18,51b3f339ae2711ec2dee1dcd740cd2c0f3834f5ec75aa5be171a8aabfa384705,True,False,True,False,False,92.0,,293,1.168646648405365
stagea__drawer-closed__possession-on-table__locus-drawer-side__support-demonstration-near__layout-b,v32_closed,cabinet,full_trajectory_replay,35,696,18,27ac40ae5b0142c7d2dd195b068a73088bc3ab3ec1564e44ffca7f7e715939b7,True,False,True,False,False,87.0,,288,1.1969234257713188
stagea__drawer-closed__possession-on-table__locus-drawer-side__support-demonstration-near__layout-b,v32_closed,cabinet,full_trajectory_replay,36,661,18,79a603a018e5f911a590ae269ad2060c3e7efd307ce515d5e88df99491a895e8,False,False,False,False,False,,,305,1.2622119305383663
stagea__drawer-closed__possession-on-table__locus-drawer-side__support-demonstration-near__layout-b,v32_closed,cabinet,full_trajectory_replay,37,745,18,aa1a3bff114b4b0887abbac25cd7b26200e2b2d232d51d48484012ca3ac3efce,True,False,True,False,False,90.0,,291,1.2298386056551527
stagea__drawer-closed__possession-on-table__locus-drawer-side__support-demonstration-near__layout-b,v32_closed,cabinet,full_trajectory_replay,38,767,18,bbf383faef21636081e61ca9fa795f26d897115b2e20fe6c0265b2d8e57172af,True,False,True,False,False,86.0,,287,1.1404679813735226
stagea__drawer-closed__possession-on-table__locus-drawer-side__support-demonstration-near__layout-b,v32_closed,cabinet,full_trajectory_replay,39,702,18,3fb5394b81ace7223fa4dc390332e7caab954344c8941276b13b63b0de1c2138,True,False,True,False,False,94.0,,295,1.2376366698823318
stagea__drawer-closed__possession-on-table__locus-drawer-side__support-demonstration-near__layout-b,v32_closed,cabinet,full_trajectory_replay,40,794,18,dcf5210e4570b197e56bdf6a478e82d539aed8c6cdfe5c988d35706a308b1cca,True,False,True,False,False,96.0,,297,1.2064417087028145
stagea__drawer-closed__possession-on-table__locus-drawer-side__support-demonstration-near__layout-b,v32_closed,cabinet,full_trajectory_replay,41,689,18,aa0ba50ca5b7f2632e0e1a5e2bb54df31c7b6cda867839b03bdd0567c6411689,True,False,True,False,False,89.0,,290,1.1882322267015626
stagea__drawer-closed__possession-on-table__locus-drawer-side__support-demonstration-near__layout-b,v32_closed,cabinet,full_trajectory_replay,42,402,18,8d680111f934c94908dcb0f1528eef18063eb08cd7ed0c0a56e84debd7464d8c,True,False,True,False,False,89.0,,290,1.2486436137891412
stagea__drawer-closed__possession-on-table__locus-drawer-side__support-demonstration-near__layout-b,v32_closed,cabinet,full_trajectory_replay,43,731,18,5be6d721a6fca1ef425074e8042fb05a80633e90f73f84091fca7a570ba71c84,True,False,True,False,False,89.0,,290,1.173068849628996
stagea__drawer-closed__possession-on-table__locus-drawer-side__support-demonstration-near__layout-b,v32_closed,cabinet,full_trajectory_replay,44,601,18,356b2a75f9d362a1cfb0d6e3fdb65c08269c619643db134c6cedc24fe14feff4,True,False,True,False,False,107.0,,308,1.1474817609011376
stagea__drawer-closed__possession-on-table__locus-drawer-side__support-demonstration-near__layout-b,v32_closed,cabinet,full_trajectory_replay,45,706,18,239ae28404bef990e918f40b44f2aa59e45059ea0befe4a202d06f573aa4c5fd,True,False,True,False,False,110.0,,311,1.3130019743316586
stagea__drawer-closed__possession-on-table__locus-drawer-side__support-demonstration-near__layout-b,v32_closed,drawer,full_trajectory_replay,0,576,12,c4dc33e0754f25efdaa87c75195a9e18ba603fd17aa500a5ab8751927234e465,False,False,False,False,False,,,370,1.6037129190301518
stagea__drawer-closed__possession-on-table__locus-drawer-side__support-demonstration-near__layout-b,v32_closed,drawer,full_trajectory_replay,1,694,12,e4d0e6805b6a960d0454858721550b66c578ada98014d5f852301b7bccee4c6e,True,True,True,False,False,162.0,,363,1.6404392613442549
stagea__drawer-closed__possession-on-table__locus-drawer-side__support-demonstration-near__layout-b,v32_closed,drawer,full_trajectory_replay,2,614,12,e61d01ded7ab086478e718b79d5a82f3b03ba2f66dca79962533600239750733,True,False,True,False,False,164.0,,365,1.7130824997307699
stagea__drawer-closed__possession-on-table__locus-drawer-side__support-demonstration-near__layout-b,v32_closed,drawer,full_trajectory_replay,3,382,12,f26c8e95841a34fdf898d203d26239d6a90e1c07c81f581944655edeb4f60915,True,False,True,False,False,163.0,,364,1.5705279668196268
stagea__drawer-closed__possession-on-table__locus-drawer-side__support-demonstration-near__layout-b,v32_closed,drawer,full_trajectory_replay,4,526,12,8ebeecff1ddaa357856da5ef867f3055f43a1fe01692dd469542c151b39ea3fc,True,False,True,False,False,166.0,,367,1.6710378056600588
stagea__drawer-closed__possession-on-table__locus-drawer-side__support-demonstration-near__layout-b,v32_closed,drawer,full_trajectory_replay,5,594,12,d5c8812af2a306355bb71a52c35164f93ef95ab0ec2a57638db05edb030de728,False,False,False,False,False,,,378,1.7168930894650622
stagea__drawer-closed__possession-on-table__locus-drawer-side__support-demonstration-near__layout-b,v32_closed,drawer,full_trajectory_replay,6,559,12,6338c79a0fb6aadb247d383c82552982be98a0fe67a07210aa6cdbb957870a0e,True,False,True,False,False,171.0,,372,1.614399421687852
stagea__drawer-closed__possession-on-table__locus-drawer-side__support-demonstration-near__layout-b,v32_closed,drawer,full_trajectory_replay,7,624,12,adb56e3ec63a390538504dce7dbcfce5bc5f780cf2a323a68559c4952810dca4,True,False,True,False,False,174.0,,375,1.8040666729947685
stagea__drawer-closed__possession-on-table__locus-drawer-side__support-demonstration-near__layout-b,v32_closed,drawer,full_trajectory_replay,8,560,12,257886fa56c8ca594b7a52c9ba5c2ece42a4910673fe22140ee0be23dedc7fed,True,False,True,False,False,174.0,,375,1.681205381249706
stagea__drawer-closed__possession-on-table__locus-drawer-side__support-demonstration-near__layout-b,v32_closed,drawer,full_trajectory_replay,9,627,12,54c3e36183cf5ef2a823d528e9503368965fc007ae422f9ac129decd6be47724,True,False,True,False,False,174.0,,375,1.8080478436884868
stagea__drawer-closed__possession-on-table__locus-drawer-side__support-demonstration-near__layout-b,v32_closed,drawer,full_trajectory_replay,10,684,12,4b41c4e5e61e059c2e83642794a66dcb58b90e9370db1b39755f83c021da75d2,True,False,True,False,False,179.0,,380,1.7657991876659618
stagea__drawer-closed__possession-on-table__locus-drawer-side__support-demonstration-near__layout-b,v32_closed,drawer,full_trajectory_replay,11,409,12,e8aa2651d0fba6006bbd1ce8844606d4c1e24568d5b42dae3098ea158f05f04f,False,False,False,False,False,,,385,1.6287862391727366
stagea__drawer-closed__possession-on-table__locus-drawer-side__support-demonstration-near__layout-b,v32_closed,drawer,full_trajectory_replay,12,548,12,8039f55efc1d3b2afff01d9544afe9a27c13a9fde71ed489cc1888b03d05d72d,True,False,True,False,False,173.0,,374,1.6686513389509745
stagea__drawer-closed__possession-on-table__locus-drawer-side__support-demonstration-near__layout-b,v32_closed,drawer,full_trajectory_replay,13,742,12,db2e8c6a4ceb523133f51e21d0d31a8320ab88d1c0c7c0b124435499ea21a230,False,False,False,False,False,,,387,1.8576007757921498
stagea__drawer-closed__possession-on-table__locus-drawer-side__support-demonstration-near__layout-b,v32_closed,drawer,full_trajectory_replay,14,790,12,92034ebae21e287f92cdafcaaf1c4cc9ca7d732c105e28653f41c814086a107c,True,False,True,False,False,175.0,,376,1.7455734723791094
stagea__drawer-closed__possession-on-table__locus-drawer-side__support-demonstration-near__layout-b,v32_closed,drawer,full_trajectory_replay,15,534,12,47ec06d84d5536c7bc2c903e0f4bc40c38674a2cc7e48d22e791a529d149c23f,False,False,False,False,False,,,388,1.385120212418064
stagea__drawer-closed__possession-on-table__locus-drawer-side__support-demonstration-near__layout-b,v32_closed,drawer,full_trajectory_replay,16,498,12,f6ffd6f59a512dc3d6da39d1c991a246f1f6c4fda28c9c6951d1ead81b79d73e,False,False,False,False,False,,,390,1.695552516375641
stagea__drawer-closed__possession-on-table__locus-drawer-side__support-demonstration-near__layout-b,v32_closed,drawer,full_trajectory_replay,17,737,12,24d53009f0c5a3917d02b3366eb875314813a60de3081d1bf69f19e04fcfd2ec,True,False,True,False,False,192.0,,393,1.722253848136841
stagea__drawer-closed__possession-on-table__locus-drawer-side__support-demonstration-near__layout-b,v32_closed,drawer,full_trajectory_replay,18,489,12,548f110a2e4050299ae8b3a610c9806b51995a65b74f8a79b83dece3b9636a3f,True,False,True,False,False,179.0,,380,1.7921544757310013
stagea__drawer-closed__possession-on-table__locus-drawer-side__support-demonstration-near__layout-b,v32_closed,drawer,full_trajectory_replay,19,784,12,d61fad8212342e13bc37c975339f3effa6841a3166deace8fa063482deeb95c4,True,False,True,False,False,184.0,,385,1.7462793147559204
stagea__drawer-closed__possession-on-table__locus-drawer-side__support-demonstration-near__layout-b,v32_closed,drawer,full_trajectory_replay,20,701,12,4b63123279f4f228439254b39a178ae1dc4773dc6dc6d53eb6d453f24e40eda3,True,False,True,False,False,186.0,,387,1.7723820522621392
stagea__drawer-closed__possession-on-table__locus-drawer-side__support-demonstration-near__layout-b,v32_closed,drawer,full_trajectory_replay,21,416,12,41b4ab3c6eab78d6c7d147d6b7319f520c6dafa8eee44a2166e002b28cb2fdfd,False,False,False,False,False,,,399,1.804172288519428
stagea__drawer-closed__possession-on-table__locus-drawer-side__support-demonstration-near__layout-b,v32_closed,drawer,full_trajectory_replay,22,462,12,40dafe57a26443dcd16aaaca097715e50661a8f0bc112c64947bc2ee28c75703,True,False,True,False,False,188.0,,389,1.7330483309657316
stagea__drawer-closed__possession-on-table__locus-drawer-side__support-demonstration-near__layout-b,v32_closed,drawer,full_trajectory_replay,23,494,12,93f39f1498437ddba0efc6eb059cd2b642ab544fab2f3336525878a4763097d4,True,False,True,False,False,188.0,,389,1.752554978646157
stagea__drawer-closed__possession-on-table__locus-drawer-side__support-demonstration-near__layout-b,v32_closed,drawer,full_trajectory_replay,24,414,12,9ec592154057d5c791bd6ea65380646ea92cd0d23d38116bae61bcd4d9af6daa,True,False,True,False,False,189.0,,390,1.7732948419471795
stagea__drawer-closed__possession-on-table__locus-drawer-side__support-demonstration-near__layout-b,v32_closed,drawer,full_trajectory_replay,25,523,12,eff93d2d3123718e86e9f1b41fb58d6a377fbec3687a6300f32204f553b41906,True,False,True,False,False,193.0,,394,1.801711479055353
stagea__drawer-closed__possession-on-table__locus-drawer-side__support-demonstration-near__layout-b,v32_closed,drawer,full_trajectory_replay,26,762,12,5a6ad00de32247a9c04c1b1ae331ac99f700b26de0552cc1171848d4a8682ec3,True,False,True,False,False,189.0,,390,1.7550004168965843
stagea__drawer-closed__possession-on-table__locus-drawer-side__support-demonstration-near__layout-b,v32_closed,drawer,full_trajectory_replay,27,758,12,908f23fecbfd35ae5c9dcbedd3858d03ec11dd138bb2dab0f43ee0d4574695b4,False,False,False,False,False,,,409,1.8741986808898279
stagea__drawer-closed__possession-on-table__locus-drawer-side__support-demonstration-near__layout-b,v32_closed,drawer,full_trajectory_replay,28,782,12,de7cef4f6a636948f4190f834219967d71ea3e72fe0b4f836e50e047f5d757f3,False,False,False,False,False,,,415,1.7325343477591297
stagea__drawer-closed__possession-on-table__locus-drawer-side__support-demonstration-near__layout-b,v32_closed,drawer,full_trajectory_replay,29,383,12,f598f486a32782cc98bfad505745987af2a8f37f2e9c4aa94b4ec2f8b9fa8ae4,True,False,True,False,False,206.0,,407,1.8895775890428608
stagea__drawer-closed__possession-on-table__locus-drawer-side__support-demonstration-near__layout-b,v32_closed,drawer,full_trajectory_replay,30,738,12,8eabf11d95595bb7c52a4944a62cc03da44e1f462b7ad8a09519f9c8d10286aa,True,False,True,False,False,209.0,,410,1.8841314182144044
stagea__drawer-closed__possession-on-table__locus-drawer-side__support-demonstration-near__layout-b,v32_closed,drawer,full_trajectory_replay,31,538,12,08ad1772331225b10cf37ff13b272f62c36cb63525e1e766a49b9b0fcb1a42c6,True,False,True,False,False,208.0,,409,2.0168255997409643
stagea__drawer-closed__possession-on-table__locus-drawer-side__support-demonstration-near__layout-b,v32_closed,drawer,full_trajectory_replay,32,465,12,e0429b5fe21a733c15e4703fae6c590da9aaff3e0b059bfd634952b78272b52f,True,False,True,False,False,222.0,,423,1.8565437401347873
stagea__drawer-closed__possession-on-table__locus-drawer-side__support-demonstration-near__layout-b,v32_closed,drawer,full_trajectory_replay,33,449,12,f20bb3de976403a90113d79607775b68c63181b9aaba242dc0f356def02dad3e,True,False,True,False,False,235.0,,436,2.3237101234294526
stagea__drawer-closed__possession-on-table__locus-drawer-side__support-demonstration-near__layout-b,v32_closed,drawer,full_trajectory_replay,34,711,12,5fbc8383f1842247c97b8be8ec4cb5a910eaea56fe8ac6bc4025f658f74279c2,True,False,True,False,False,243.0,,444,1.9281271927443184
stagea__drawer-closed__possession-on-table__locus-drawer-side__support-demonstration-near__layout-b,v32_closed,drawer,full_trajectory_replay,35,387,12,a6b95196dd651f801df5eb0aaac15cabaa4501ebba68b07e61bc42d336c598b2,False,False,False,False,False,,,470,2.0295122175329308
stagea__drawer-closed__possession-on-table__locus-drawer-side__support-transverse-low-support__layout-a,v32_closed,cabinet,full_trajectory_replay,0,438,18,fc624695eb2d39b20e511c8ac6df4923b6bff3cff56ff389622f45310e9278c2,True,True,True,False,False,71.0,,272,1.0011983680545806
stagea__drawer-closed__possession-on-table__locus-drawer-side__support-transverse-low-support__layout-a,v32_closed,cabinet,full_trajectory_replay,1,712,18,9af535ed5943f0efe94c6e6136614fdd45017940a69a8267687e68416905a9d8,True,False,True,False,False,76.0,,277,1.0602599497241547
stagea__drawer-closed__possession-on-table__locus-drawer-side__support-transverse-low-support__layout-a,v32_closed,cabinet,full_trajectory_replay,2,669,18,bb63603def241e17b02c89c5513d1ef93cf75f47c260b5b139f120acf22c26f8,True,False,True,False,False,75.0,,276,1.0008317534197881
stagea__drawer-closed__possession-on-table__locus-drawer-side__support-transverse-low-support__layout-a,v32_closed,cabinet,full_trajectory_replay,3,590,18,0348abe806a47069551301e2e86e25fcca5b8db8fd3f5b128630180e19057a9c,False,False,False,False,False,,,290,1.1196540148053846
stagea__drawer-closed__possession-on-table__locus-drawer-side__support-transverse-low-support__layout-a,v32_closed,cabinet,full_trajectory_replay,4,597,18,3bd590038acfecf91321ca683267c834fb8ebbd4f559e5fd8f89bf1dda561e9f,False,False,False,False,False,,,290,1.0724358723629723
stagea__drawer-closed__possession-on-table__locus-drawer-side__support-transverse-low-support__layout-a,v32_closed,cabinet,full_trajectory_replay,5,660,18,082d8ee4933e7774b752cd6fbf2ea76a20ff927bf4afa8bd09b7ddc47aefba34,False,False,False,False,False,,,290,1.0838186815421058
stagea__drawer-closed__possession-on-table__locus-drawer-side__support-transverse-low-support__layout-a,v32_closed,cabinet,full_trajectory_replay,6,458,18,4d4a24b15ada9177614865d055b4dccd354dd4ce8dac9eb391c68984fc50691e,False,False,False,False,False,,,291,1.110397954621575
stagea__drawer-closed__possession-on-table__locus-drawer-side__support-transverse-low-support__layout-a,v32_closed,cabinet,full_trajectory_replay,7,573,18,2e42787c67b5b157b79e3c3b2980a13563d41b4cbf69a9279c710d30a6292e92,False,False,False,False,False,,,291,1.144771312400061
stagea__drawer-closed__possession-on-table__locus-drawer-side__support-transverse-low-support__layout-a,v32_closed,cabinet,full_trajectory_replay,8,681,18,32bf1db8cfb866d929b97eaf4f6ad55599246fef24edf68fea15ede3b5cf005e,False,False,False,False,False,,,291,1.0722988699866502
stagea__drawer-closed__possession-on-table__locus-drawer-side__support-transverse-low-support__layout-a,v32_closed,cabinet,full_trajectory_replay,9,452,18,016fe7cdd6622e9f77775f108f3cb4e4f836ec330ac07003f39fb7e5dbd594d5,False,False,False,False,False,,,293,1.1617555616778217
stagea__drawer-closed__possession-on-table__locus-drawer-side__support-transverse-low-support__layout-a,v32_closed,cabinet,full_trajectory_replay,10,775,18,b7e8758503c46c2273a688c9d98a5cbf14447ba59301bb326ca3a9078d7ea079,False,False,False,False,False,,,293,1.0946385665914504
stagea__drawer-closed__possession-on-table__locus-drawer-side__support-transverse-low-support__layout-a,v32_closed,cabinet,full_trajectory_replay,11,665,18,a4a985f59f32ec185896dca87996aa455a720e318f579d3c58b2a88d391ef2bd,False,False,False,False,False,,,295,1.1437904529814182
stagea__drawer-closed__possession-on-table__locus-drawer-side__support-transverse-low-support__layout-a,v32_closed,cabinet,full_trajectory_replay,12,444,18,4d00108fccbba095038c80424e863deb2221dea2d50d4f2c5a3442f48d6466a2,True,False,True,False,False,83.0,,284,1.0970946810424587
stagea__drawer-closed__possession-on-table__locus-drawer-side__support-transverse-low-support__layout-a,v32_closed,cabinet,full_trajectory_replay,13,501,18,033327dbdb43b4bfddc6ed286bf6f8e8a6112ffe991905c700c75ec0676b386c,False,False,False,False,False,,,296,1.0905472563878555
stagea__drawer-closed__possession-on-table__locus-drawer-side__support-transverse-low-support__layout-a,v32_closed,cabinet,full_trajectory_replay,14,638,18,a8d81987e6f0f385619548c3982d9078c5c54a76d95ade16b8a982ad08234932,False,False,False,False,False,,,296,1.1545704732707525
stagea__drawer-closed__possession-on-table__locus-drawer-side__support-transverse-low-support__layout-a,v32_closed,cabinet,full_trajectory_replay,15,674,18,9b9937400a6e113f3901f66bf04dbac00fcbef6b9d999843ef0c651c1d76ce93,False,False,False,False,False,,,296,1.125705510738533
stagea__drawer-closed__possession-on-table__locus-drawer-side__support-transverse-low-support__layout-a,v32_closed,cabinet,full_trajectory_replay,16,493,18,6cd7e138d3e7108f26e5396426d285829d7a3044a5068557110ad529c60f88fb,False,False,False,False,False,,,297,1.155252954925313
stagea__drawer-closed__possession-on-table__locus-drawer-side__support-transverse-low-support__layout-a,v32_closed,cabinet,full_trajectory_replay,17,636,18,0a4fa289713d5467f4f401adaef6d834685933041fe590343f19ee059e605170,False,False,False,False,False,,,297,1.1479523765455157
stagea__drawer-closed__possession-on-table__locus-drawer-side__support-transverse-low-support__layout-a,v32_closed,cabinet,full_trajectory_replay,18,699,18,9504ca4f990d01cd111eed0f44cf9f286704e69d2bef21680ad53de5b6c6e501,True,False,True,False,False,79.0,,280,1.1450902484249523
stagea__drawer-closed__possession-on-table__locus-drawer-side__support-transverse-low-support__layout-a,v32_closed,cabinet,full_trajectory_replay,19,456,18,fe869cc76141d5cbf6d64ee2c3c80a872e3f32bfcb5763bfe38221d3c6f8774f,True,False,True,False,False,86.0,,287,1.1445151002657248
stagea__drawer-closed__possession-on-table__locus-drawer-side__support-transverse-low-support__layout-a,v32_closed,cabinet,full_trajectory_replay,20,570,18,c2d4c5bdce9483b0609598e4bd984122284c5eef5a4d26eac9681c616139a807,False,False,False,False,False,,,298,1.1742379572647499
stagea__drawer-closed__possession-on-table__locus-drawer-side__support-transverse-low-support__layout-a,v32_closed,cabinet,full_trajectory_replay,21,662,18,9b8d4f7149a62a256faa3e7ea0e5c2f3125d95bea41d4c479b86904e2d505dcf,True,False,True,False,False,83.0,,284,1.0733214269673244
stagea__drawer-closed__possession-on-table__locus-drawer-side__support-transverse-low-support__layout-a,v32_closed,cabinet,full_trajectory_replay,22,732,18,c3b4ba9df80cca1c1bc20693376c230d3bc01ba9f981bb21aff3d94f5df62a66,False,False,False,False,False,,,298,1.181557085965917
stagea__drawer-closed__possession-on-table__locus-drawer-side__support-transverse-low-support__layout-a,v32_closed,cabinet,full_trajectory_replay,23,505,18,69ffa114adff6ac44594f47b51bd23b379470a0da01eb7ed63f3d8a0d4c8775a,False,False,False,False,False,,,299,1.1209734674454435
stagea__drawer-closed__possession-on-table__locus-drawer-side__support-transverse-low-support__layout-a,v32_closed,cabinet,full_trajectory_replay,24,630,18,d47820b50d009ef5f221017fa25bcb7f75e7cde874bf13cd4a5f40b7d49fe74f,True,False,True,False,False,86.0,,287,1.0796923379125243
stagea__drawer-closed__possession-on-table__locus-drawer-side__support-transverse-low-support__layout-a,v32_closed,cabinet,full_trajectory_replay,25,743,18,1df868b0e126de6c747a3392f2ae0135f2089140e79694115da746d261455e76,True,False,True,False,False,89.0,,290,1.0846999886139033
stagea__drawer-closed__possession-on-table__locus-drawer-side__support-transverse-low-support__layout-a,v32_closed,cabinet,full_trajectory_replay,26,398,18,dddc06067bf84b0019a1cf050048e588df918f7768911fa406ce110da9ad4689,False,False,False,False,False,,,300,1.1848739064479423
stagea__drawer-closed__possession-on-table__locus-drawer-side__support-transverse-low-support__layout-a,v32_closed,cabinet,full_trajectory_replay,27,446,18,171014841f360ccb7f224b68357849b87ebcfb38ea27c23f8309cdfd830c7760,True,False,True,False,False,88.0,,289,1.1028942332793483
stagea__drawer-closed__possession-on-table__locus-drawer-side__support-transverse-low-support__layout-a,v32_closed,cabinet,full_trajectory_replay,28,724,18,8bbb07bf3048a11cd3879887766413ad6a041eb78ef54667a0528d0ab13f7c0c,False,False,False,False,False,,,301,1.1900153845018204
stagea__drawer-closed__possession-on-table__locus-drawer-side__support-transverse-low-support__layout-a,v32_closed,cabinet,full_trajectory_replay,29,521,18,f404e35757cca7351a7956c0091493689bcae213ebc3f600ad9ca7ec35cc19d8,True,False,True,False,False,84.0,,285,1.1400519430506308
stagea__drawer-closed__possession-on-table__locus-drawer-side__support-transverse-low-support__layout-a,v32_closed,cabinet,full_trajectory_replay,30,791,18,ab8bc2c0ead1910b94bd3b22c327af072be2575c2b190a011406f4f7286f5de9,False,False,False,False,False,,,302,1.1318299027945913
stagea__drawer-closed__possession-on-table__locus-drawer-side__support-transverse-low-support__layout-a,v32_closed,cabinet,full_trajectory_replay,31,474,18,5d93ae0bbe8618d7ad32e89a85261166b35dec3bcaa972751dddbaae8f07150c,True,False,True,False,False,84.0,,285,1.1133623142172164
stagea__drawer-closed__possession-on-table__locus-drawer-side__support-transverse-low-support__layout-a,v32_closed,cabinet,full_trajectory_replay,32,514,18,f0570adf2e2cdf55ef01180c8cf15f14c96b33219a8bdcfb110accc19eb31f44,True,False,True,False,False,87.0,,288,1.169589324560992
stagea__drawer-closed__possession-on-table__locus-drawer-side__support-transverse-low-support__layout-a,v32_closed,cabinet,full_trajectory_replay,33,793,18,321fba85a693c5b82c8fc5d19d784724998b7ca98e765b826b728c3015762066,False,False,False,False,False,,,303,1.1647728936113306
stagea__drawer-closed__possession-on-table__locus-drawer-side__support-transverse-low-support__layout-a,v32_closed,cabinet,full_trajectory_replay,34,608,18,51b3f339ae2711ec2dee1dcd740cd2c0f3834f5ec75aa5be171a8aabfa384705,True,False,True,False,False,93.0,,294,1.1536616070670782
stagea__drawer-closed__possession-on-table__locus-drawer-side__support-transverse-low-support__layout-a,v32_closed,cabinet,full_trajectory_replay,35,696,18,27ac40ae5b0142c7d2dd195b068a73088bc3ab3ec1564e44ffca7f7e715939b7,True,False,True,False,False,88.0,,289,1.1829218842450404
stagea__drawer-closed__possession-on-table__locus-drawer-side__support-transverse-low-support__layout-a,v32_closed,cabinet,full_trajectory_replay,36,661,18,79a603a018e5f911a590ae269ad2060c3e7efd307ce515d5e88df99491a895e8,True,False,True,False,False,86.0,,287,1.1588119166480695
stagea__drawer-closed__possession-on-table__locus-drawer-side__support-transverse-low-support__layout-a,v32_closed,cabinet,full_trajectory_replay,37,745,18,aa1a3bff114b4b0887abbac25cd7b26200e2b2d232d51d48484012ca3ac3efce,True,False,True,False,False,91.0,,292,1.2179168083193952
stagea__drawer-closed__possession-on-table__locus-drawer-side__support-transverse-low-support__layout-a,v32_closed,cabinet,full_trajectory_replay,38,767,18,bbf383faef21636081e61ca9fa795f26d897115b2e20fe6c0265b2d8e57172af,True,False,True,False,False,89.0,,290,1.1287863134877685
stagea__drawer-closed__possession-on-table__locus-drawer-side__support-transverse-low-support__layout-a,v32_closed,cabinet,full_trajectory_replay,39,702,18,3fb5394b81ace7223fa4dc390332e7caab954344c8941276b13b63b0de1c2138,False,False,False,False,False,,,306,1.2390649022223923
stagea__drawer-closed__possession-on-table__locus-drawer-side__support-transverse-low-support__layout-a,v32_closed,cabinet,full_trajectory_replay,40,794,18,dcf5210e4570b197e56bdf6a478e82d539aed8c6cdfe5c988d35706a308b1cca,True,False,True,False,False,94.0,,295,1.1767032108206374
stagea__drawer-closed__possession-on-table__locus-drawer-side__support-transverse-low-support__layout-a,v32_closed,cabinet,full_trajectory_replay,41,689,18,aa0ba50ca5b7f2632e0e1a5e2bb54df31c7b6cda867839b03bdd0567c6411689,True,False,True,False,False,90.0,,291,1.1729300729275445
stagea__drawer-closed__possession-on-table__locus-drawer-side__support-transverse-low-support__layout-a,v32_closed,cabinet,full_trajectory_replay,42,402,18,8d680111f934c94908dcb0f1528eef18063eb08cd7ed0c0a56e84debd7464d8c,False,False,False,False,False,,,310,1.296563400920668
stagea__drawer-closed__possession-on-table__locus-drawer-side__support-transverse-low-support__layout-a,v32_closed,cabinet,full_trajectory_replay,43,731,18,5be6d721a6fca1ef425074e8042fb05a80633e90f73f84091fca7a570ba71c84,True,False,True,False,False,89.0,,290,1.1467760362620432
stagea__drawer-closed__possession-on-table__locus-drawer-side__support-transverse-low-support__layout-a,v32_closed,cabinet,full_trajectory_replay,44,601,18,356b2a75f9d362a1cfb0d6e3fdb65c08269c619643db134c6cedc24fe14feff4,True,False,True,False,False,107.0,,308,1.12560367722595
stagea__drawer-closed__possession-on-table__locus-drawer-side__support-transverse-low-support__layout-a,v32_closed,cabinet,full_trajectory_replay,45,706,18,239ae28404bef990e918f40b44f2aa59e45059ea0befe4a202d06f573aa4c5fd,True,False,True,False,False,110.0,,311,1.2886726241372226
stagea__drawer-closed__possession-on-table__locus-drawer-side__support-transverse-low-support__layout-a,v32_closed,drawer,full_trajectory_replay,0,576,12,c4dc33e0754f25efdaa87c75195a9e18ba603fd17aa500a5ab8751927234e465,False,False,False,False,False,,,370,1.5856161911419526
stagea__drawer-closed__possession-on-table__locus-drawer-side__support-transverse-low-support__layout-a,v32_closed,drawer,full_trajectory_replay,1,694,12,e4d0e6805b6a960d0454858721550b66c578ada98014d5f852301b7bccee4c6e,True,True,True,False,False,162.0,,363,1.610782328550533
stagea__drawer-closed__possession-on-table__locus-drawer-side__support-transverse-low-support__layout-a,v32_closed,drawer,full_trajectory_replay,2,614,12,e61d01ded7ab086478e718b79d5a82f3b03ba2f66dca79962533600239750733,False,False,False,False,False,,,376,1.7071621137947786
stagea__drawer-closed__possession-on-table__locus-drawer-side__support-transverse-low-support__layout-a,v32_closed,drawer,full_trajectory_replay,3,382,12,f26c8e95841a34fdf898d203d26239d6a90e1c07c81f581944655edeb4f60915,True,False,True,False,False,165.0,,366,1.5548011189301405
stagea__drawer-closed__possession-on-table__locus-drawer-side__support-transverse-low-support__layout-a,v32_closed,drawer,full_trajectory_replay,4,526,12,8ebeecff1ddaa357856da5ef867f3055f43a1fe01692dd469542c151b39ea3fc,True,False,True,False,False,166.0,,367,1.6438706177714733
stagea__drawer-closed__possession-on-table__locus-drawer-side__support-transverse-low-support__layout-a,v32_closed,drawer,full_trajectory_replay,5,594,12,d5c8812af2a306355bb71a52c35164f93ef95ab0ec2a57638db05edb030de728,False,False,False,False,False,,,378,1.7155095155002247
stagea__drawer-closed__possession-on-table__locus-drawer-side__support-transverse-low-support__layout-a,v32_closed,drawer,full_trajectory_replay,6,559,12,6338c79a0fb6aadb247d383c82552982be98a0fe67a07210aa6cdbb957870a0e,False,False,False,False,False,,,382,1.600473768470894
stagea__drawer-closed__possession-on-table__locus-drawer-side__support-transverse-low-support__layout-a,v32_closed,drawer,full_trajectory_replay,7,624,12,adb56e3ec63a390538504dce7dbcfce5bc5f780cf2a323a68559c4952810dca4,False,False,False,False,False,,,383,1.7357159746675486
stagea__drawer-closed__possession-on-table__locus-drawer-side__support-transverse-low-support__layout-a,v32_closed,drawer,full_trajectory_replay,8,560,12,257886fa56c8ca594b7a52c9ba5c2ece42a4910673fe22140ee0be23dedc7fed,True,False,True,False,False,173.0,,374,1.6567610146464904
stagea__drawer-closed__possession-on-table__locus-drawer-side__support-transverse-low-support__layout-a,v32_closed,drawer,full_trajectory_replay,9,627,12,54c3e36183cf5ef2a823d528e9503368965fc007ae422f9ac129decd6be47724,False,False,False,False,False,,,384,1.8288307211227468
stagea__drawer-closed__possession-on-table__locus-drawer-side__support-transverse-low-support__layout-a,v32_closed,drawer,full_trajectory_replay,10,684,12,4b41c4e5e61e059c2e83642794a66dcb58b90e9370db1b39755f83c021da75d2,False,False,False,False,False,,,384,1.712683122343987
stagea__drawer-closed__possession-on-table__locus-drawer-side__support-transverse-low-support__layout-a,v32_closed,drawer,full_trajectory_replay,11,409,12,e8aa2651d0fba6006bbd1ce8844606d4c1e24568d5b42dae3098ea158f05f04f,False,False,False,False,False,,,385,1.3445197141595515
stagea__drawer-closed__possession-on-table__locus-drawer-side__support-transverse-low-support__layout-a,v32_closed,drawer,full_trajectory_replay,12,548,12,8039f55efc1d3b2afff01d9544afe9a27c13a9fde71ed489cc1888b03d05d72d,False,False,False,False,False,,,386,1.6513004285333681
stagea__drawer-closed__possession-on-table__locus-drawer-side__support-transverse-low-support__layout-a,v32_closed,drawer,full_trajectory_replay,13,742,12,db2e8c6a4ceb523133f51e21d0d31a8320ab88d1c0c7c0b124435499ea21a230,False,False,False,False,False,,,387,1.8437592785729933
stagea__drawer-closed__possession-on-table__locus-drawer-side__support-transverse-low-support__layout-a,v32_closed,drawer,full_trajectory_replay,14,790,12,92034ebae21e287f92cdafcaaf1c4cc9ca7d732c105e28653f41c814086a107c,False,False,False,False,False,,,387,1.6821921207396315
stagea__drawer-closed__possession-on-table__locus-drawer-side__support-transverse-low-support__layout-a,v32_closed,drawer,full_trajectory_replay,15,534,12,47ec06d84d5536c7bc2c903e0f4bc40c38674a2cc7e48d22e791a529d149c23f,False,False,False,False,False,,,388,1.675281750001604
stagea__drawer-closed__possession-on-table__locus-drawer-side__support-transverse-low-support__layout-a,v32_closed,drawer,full_trajectory_replay,16,498,12,f6ffd6f59a512dc3d6da39d1c991a246f1f6c4fda28c9c6951d1ead81b79d73e,False,False,False,False,False,,,390,1.6645992855270284
stagea__drawer-closed__possession-on-table__locus-drawer-side__support-transverse-low-support__layout-a,v32_closed,drawer,full_trajectory_replay,17,737,12,24d53009f0c5a3917d02b3366eb875314813a60de3081d1bf69f19e04fcfd2ec,True,False,True,False,False,181.0,,382,1.6654622294338908
stagea__drawer-closed__possession-on-table__locus-drawer-side__support-transverse-low-support__layout-a,v32_closed,drawer,full_trajectory_replay,18,489,12,548f110a2e4050299ae8b3a610c9806b51995a65b74f8a79b83dece3b9636a3f,True,False,True,False,False,183.0,,384,1.7837482395987085
stagea__drawer-closed__possession-on-table__locus-drawer-side__support-transverse-low-support__layout-a,v32_closed,drawer,full_trajectory_replay,19,784,12,d61fad8212342e13bc37c975339f3effa6841a3166deace8fa063482deeb95c4,True,False,True,False,False,185.0,,386,1.7153819363890925
stagea__drawer-closed__possession-on-table__locus-drawer-side__support-transverse-low-support__layout-a,v32_closed,drawer,full_trajectory_replay,20,701,12,4b63123279f4f228439254b39a178ae1dc4773dc6dc6d53eb6d453f24e40eda3,True,False,True,False,False,186.0,,387,1.7486648995232137
stagea__drawer-closed__possession-on-table__locus-drawer-side__support-transverse-low-support__layout-a,v32_closed,drawer,full_trajectory_replay,21,416,12,41b4ab3c6eab78d6c7d147d6b7319f520c6dafa8eee44a2166e002b28cb2fdfd,False,False,False,False,False,,,399,1.7651750770047736
stagea__drawer-closed__possession-on-table__locus-drawer-side__support-transverse-low-support__layout-a,v32_closed,drawer,full_trajectory_replay,22,462,12,40dafe57a26443dcd16aaaca097715e50661a8f0bc112c64947bc2ee28c75703,True,False,True,False,False,187.0,,388,1.7045378940889424
stagea__drawer-closed__possession-on-table__locus-drawer-side__support-transverse-low-support__layout-a,v32_closed,drawer,full_trajectory_replay,23,494,12,93f39f1498437ddba0efc6eb059cd2b642ab544fab2f3336525878a4763097d4,True,False,True,False,False,189.0,,390,1.7428799747371395
stagea__drawer-closed__possession-on-table__locus-drawer-side__support-transverse-low-support__layout-a,v32_closed,drawer,full_trajectory_replay,24,414,12,9ec592154057d5c791bd6ea65380646ea92cd0d23d38116bae61bcd4d9af6daa,False,False,False,False,False,,,402,1.7818298430406037
stagea__drawer-closed__possession-on-table__locus-drawer-side__support-transverse-low-support__layout-a,v32_closed,drawer,full_trajectory_replay,25,523,12,eff93d2d3123718e86e9f1b41fb58d6a377fbec3687a6300f32204f553b41906,True,False,True,False,False,193.0,,394,1.7794861097844086
stagea__drawer-closed__possession-on-table__locus-drawer-side__support-transverse-low-support__layout-a,v32_closed,drawer,full_trajectory_replay,26,762,12,5a6ad00de32247a9c04c1b1ae331ac99f700b26de0552cc1171848d4a8682ec3,False,False,False,False,False,,,402,1.79836695702149
stagea__drawer-closed__possession-on-table__locus-drawer-side__support-transverse-low-support__layout-a,v32_closed,drawer,full_trajectory_replay,27,758,12,908f23fecbfd35ae5c9dcbedd3858d03ec11dd138bb2dab0f43ee0d4574695b4,False,False,False,False,False,,,409,1.8710464629532226
stagea__drawer-closed__possession-on-table__locus-drawer-side__support-transverse-low-support__layout-a,v32_closed,drawer,full_trajectory_replay,28,782,12,de7cef4f6a636948f4190f834219967d71ea3e72fe0b4f836e50e047f5d757f3,False,False,False,False,False,,,415,1.5992063163765127
stagea__drawer-closed__possession-on-table__locus-drawer-side__support-transverse-low-support__layout-a,v32_closed,drawer,full_trajectory_replay,29,383,12,f598f486a32782cc98bfad505745987af2a8f37f2e9c4aa94b4ec2f8b9fa8ae4,True,False,True,False,False,206.0,,407,1.860194037760492
stagea__drawer-closed__possession-on-table__locus-drawer-side__support-transverse-low-support__layout-a,v32_closed,drawer,full_trajectory_replay,30,738,12,8eabf11d95595bb7c52a4944a62cc03da44e1f462b7ad8a09519f9c8d10286aa,True,False,True,False,False,207.0,,408,1.8531490718046852
stagea__drawer-closed__possession-on-table__locus-drawer-side__support-transverse-low-support__layout-a,v32_closed,drawer,full_trajectory_replay,31,538,12,08ad1772331225b10cf37ff13b272f62c36cb63525e1e766a49b9b0fcb1a42c6,False,False,False,False,False,,,421,1.9632519907257748
stagea__drawer-closed__possession-on-table__locus-drawer-side__support-transverse-low-support__layout-a,v32_closed,drawer,full_trajectory_replay,32,465,12,e0429b5fe21a733c15e4703fae6c590da9aaff3e0b059bfd634952b78272b52f,False,False,False,False,False,,,427,1.8541992300702768
stagea__drawer-closed__possession-on-table__locus-drawer-side__support-transverse-low-support__layout-a,v32_closed,drawer,full_trajectory_replay,33,449,12,f20bb3de976403a90113d79607775b68c63181b9aaba242dc0f356def02dad3e,False,False,False,False,False,,,449,2.3802069115482336
stagea__drawer-closed__possession-on-table__locus-drawer-side__support-transverse-low-support__layout-a,v32_closed,drawer,full_trajectory_replay,34,711,12,5fbc8383f1842247c97b8be8ec4cb5a910eaea56fe8ac6bc4025f658f74279c2,False,False,False,False,False,,,451,1.893995855830695
stagea__drawer-closed__possession-on-table__locus-drawer-side__support-transverse-low-support__layout-a,v32_closed,drawer,full_trajectory_replay,35,387,12,a6b95196dd651f801df5eb0aaac15cabaa4501ebba68b07e61bc42d336c598b2,False,False,False,False,False,,,470,2.1076060016879166
stagea__drawer-closed__possession-on-table__locus-drawer-side__support-transverse-low-support__layout-b,v32_closed,cabinet,full_trajectory_replay,0,438,18,fc624695eb2d39b20e511c8ac6df4923b6bff3cff56ff389622f45310e9278c2,True,True,True,False,False,73.0,,274,1.006315974211942
stagea__drawer-closed__possession-on-table__locus-drawer-side__support-transverse-low-support__layout-b,v32_closed,cabinet,full_trajectory_replay,1,712,18,9af535ed5943f0efe94c6e6136614fdd45017940a69a8267687e68416905a9d8,True,False,True,False,False,78.0,,279,1.0835290408946048
stagea__drawer-closed__possession-on-table__locus-drawer-side__support-transverse-low-support__layout-b,v32_closed,cabinet,full_trajectory_replay,2,669,18,bb63603def241e17b02c89c5513d1ef93cf75f47c260b5b139f120acf22c26f8,False,False,False,False,False,,,288,1.0287572168899493
stagea__drawer-closed__possession-on-table__locus-drawer-side__support-transverse-low-support__layout-b,v32_closed,cabinet,full_trajectory_replay,3,590,18,0348abe806a47069551301e2e86e25fcca5b8db8fd3f5b128630180e19057a9c,True,False,True,False,False,78.0,,279,1.0784441872164203
stagea__drawer-closed__possession-on-table__locus-drawer-side__support-transverse-low-support__layout-b,v32_closed,cabinet,full_trajectory_replay,4,597,18,3bd590038acfecf91321ca683267c834fb8ebbd4f559e5fd8f89bf1dda561e9f,True,False,True,False,False,80.0,,281,1.0571476673992946
stagea__drawer-closed__possession-on-table__locus-drawer-side__support-transverse-low-support__layout-b,v32_closed,cabinet,full_trajectory_replay,5,660,18,082d8ee4933e7774b752cd6fbf2ea76a20ff927bf4afa8bd09b7ddc47aefba34,False,False,False,False,False,,,290,1.1032383316441838
stagea__drawer-closed__possession-on-table__locus-drawer-side__support-transverse-low-support__layout-b,v32_closed,cabinet,full_trajectory_replay,6,458,18,4d4a24b15ada9177614865d055b4dccd354dd4ce8dac9eb391c68984fc50691e,True,False,True,False,False,80.0,,281,1.0824707114607357
stagea__drawer-closed__possession-on-table__locus-drawer-side__support-transverse-low-support__layout-b,v32_closed,cabinet,full_trajectory_replay,7,573,18,2e42787c67b5b157b79e3c3b2980a13563d41b4cbf69a9279c710d30a6292e92,True,False,True,False,False,79.0,,280,1.1047394820459417
stagea__drawer-closed__possession-on-table__locus-drawer-side__support-transverse-low-support__layout-b,v32_closed,cabinet,full_trajectory_replay,8,681,18,32bf1db8cfb866d929b97eaf4f6ad55599246fef24edf68fea15ede3b5cf005e,True,False,True,False,False,76.0,,277,1.0081440237370902
stagea__drawer-closed__possession-on-table__locus-drawer-side__support-transverse-low-support__layout-b,v32_closed,cabinet,full_trajectory_replay,9,452,18,016fe7cdd6622e9f77775f108f3cb4e4f836ec330ac07003f39fb7e5dbd594d5,True,False,True,False,False,80.0,,281,1.1185882034904777
stagea__drawer-closed__possession-on-table__locus-drawer-side__support-transverse-low-support__layout-b,v32_closed,cabinet,full_trajectory_replay,10,775,18,b7e8758503c46c2273a688c9d98a5cbf14447ba59301bb326ca3a9078d7ea079,False,False,False,False,False,,,293,1.1144230639838293
stagea__drawer-closed__possession-on-table__locus-drawer-side__support-transverse-low-support__layout-b,v32_closed,cabinet,full_trajectory_replay,11,665,18,a4a985f59f32ec185896dca87996aa455a720e318f579d3c58b2a88d391ef2bd,True,False,True,False,False,77.0,,278,1.0598329537270983
stagea__drawer-closed__possession-on-table__locus-drawer-side__support-transverse-low-support__layout-b,v32_closed,cabinet,full_trajectory_replay,12,444,18,4d00108fccbba095038c80424e863deb2221dea2d50d4f2c5a3442f48d6466a2,True,False,True,False,False,82.0,,283,1.0961783708027335
stagea__drawer-closed__possession-on-table__locus-drawer-side__support-transverse-low-support__layout-b,v32_closed,cabinet,full_trajectory_replay,13,501,18,033327dbdb43b4bfddc6ed286bf6f8e8a6112ffe991905c700c75ec0676b386c,True,False,True,False,False,85.0,,286,1.0759204394562552
stagea__drawer-closed__possession-on-table__locus-drawer-side__support-transverse-low-support__layout-b,v32_closed,cabinet,full_trajectory_replay,14,638,18,a8d81987e6f0f385619548c3982d9078c5c54a76d95ade16b8a982ad08234932,True,False,True,False,False,76.0,,277,1.051364899105571
stagea__drawer-closed__possession-on-table__locus-drawer-side__support-transverse-low-support__layout-b,v32_closed,cabinet,full_trajectory_replay,15,674,18,9b9937400a6e113f3901f66bf04dbac00fcbef6b9d999843ef0c651c1d76ce93,False,False,False,False,False,,,296,1.1299925134115165
stagea__drawer-closed__possession-on-table__locus-drawer-side__support-transverse-low-support__layout-b,v32_closed,cabinet,full_trajectory_replay,16,493,18,6cd7e138d3e7108f26e5396426d285829d7a3044a5068557110ad529c60f88fb,True,False,True,False,False,79.0,,280,1.0891090377010997
stagea__drawer-closed__possession-on-table__locus-drawer-side__support-transverse-low-support__layout-b,v32_closed,cabinet,full_trajectory_replay,17,636,18,0a4fa289713d5467f4f401adaef6d834685933041fe590343f19ee059e605170,True,False,True,False,False,82.0,,283,1.1013182190286177
stagea__drawer-closed__possession-on-table__locus-drawer-side__support-transverse-low-support__layout-b,v32_closed,cabinet,full_trajectory_replay,18,699,18,9504ca4f990d01cd111eed0f44cf9f286704e69d2bef21680ad53de5b6c6e501,False,False,False,False,False,,,297,1.223404250719667
stagea__drawer-closed__possession-on-table__locus-drawer-side__support-transverse-low-support__layout-b,v32_closed,cabinet,full_trajectory_replay,19,456,18,fe869cc76141d5cbf6d64ee2c3c80a872e3f32bfcb5763bfe38221d3c6f8774f,True,False,True,False,False,88.0,,289,1.1546843534803717
stagea__drawer-closed__possession-on-table__locus-drawer-side__support-transverse-low-support__layout-b,v32_closed,cabinet,full_trajectory_replay,20,570,18,c2d4c5bdce9483b0609598e4bd984122284c5eef5a4d26eac9681c616139a807,True,False,True,False,False,86.0,,287,1.138502892979473
stagea__drawer-closed__possession-on-table__locus-drawer-side__support-transverse-low-support__layout-b,v32_closed,cabinet,full_trajectory_replay,21,662,18,9b8d4f7149a62a256faa3e7ea0e5c2f3125d95bea41d4c479b86904e2d505dcf,True,False,True,False,False,87.0,,288,1.0912375689704183
stagea__drawer-closed__possession-on-table__locus-drawer-side__support-transverse-low-support__layout-b,v32_closed,cabinet,full_trajectory_replay,22,732,18,c3b4ba9df80cca1c1bc20693376c230d3bc01ba9f981bb21aff3d94f5df62a66,True,False,True,False,False,78.0,,279,1.082340555615675
stagea__drawer-closed__possession-on-table__locus-drawer-side__support-transverse-low-support__layout-b,v32_closed,cabinet,full_trajectory_replay,23,505,18,69ffa114adff6ac44594f47b51bd23b379470a0da01eb7ed63f3d8a0d4c8775a,True,False,True,False,False,87.0,,288,1.095152210357316
stagea__drawer-closed__possession-on-table__locus-drawer-side__support-transverse-low-support__layout-b,v32_closed,cabinet,full_trajectory_replay,24,630,18,d47820b50d009ef5f221017fa25bcb7f75e7cde874bf13cd4a5f40b7d49fe74f,True,False,True,False,False,92.0,,293,1.0981679616158937
stagea__drawer-closed__possession-on-table__locus-drawer-side__support-transverse-low-support__layout-b,v32_closed,cabinet,full_trajectory_replay,25,743,18,1df868b0e126de6c747a3392f2ae0135f2089140e79694115da746d261455e76,True,False,True,False,False,88.0,,289,1.0952561644544168
stagea__drawer-closed__possession-on-table__locus-drawer-side__support-transverse-low-support__layout-b,v32_closed,cabinet,full_trajectory_replay,26,398,18,dddc06067bf84b0019a1cf050048e588df918f7768911fa406ce110da9ad4689,True,False,True,False,False,89.0,,290,1.1328775638806712
stagea__drawer-closed__possession-on-table__locus-drawer-side__support-transverse-low-support__layout-b,v32_closed,cabinet,full_trajectory_replay,27,446,18,171014841f360ccb7f224b68357849b87ebcfb38ea27c23f8309cdfd830c7760,True,False,True,False,False,89.0,,290,1.1153835024534797
stagea__drawer-closed__possession-on-table__locus-drawer-side__support-transverse-low-support__layout-b,v32_closed,cabinet,full_trajectory_replay,28,724,18,8bbb07bf3048a11cd3879887766413ad6a041eb78ef54667a0528d0ab13f7c0c,False,False,False,False,False,,,301,1.2050253633544097
stagea__drawer-closed__possession-on-table__locus-drawer-side__support-transverse-low-support__layout-b,v32_closed,cabinet,full_trajectory_replay,29,521,18,f404e35757cca7351a7956c0091493689bcae213ebc3f600ad9ca7ec35cc19d8,True,False,True,False,False,84.0,,285,1.1426603449876724
stagea__drawer-closed__possession-on-table__locus-drawer-side__support-transverse-low-support__layout-b,v32_closed,cabinet,full_trajectory_replay,30,791,18,ab8bc2c0ead1910b94bd3b22c327af072be2575c2b190a011406f4f7286f5de9,True,False,True,False,False,75.0,,276,1.0108295232645772
stagea__drawer-closed__possession-on-table__locus-drawer-side__support-transverse-low-support__layout-b,v32_closed,cabinet,full_trajectory_replay,31,474,18,5d93ae0bbe8618d7ad32e89a85261166b35dec3bcaa972751dddbaae8f07150c,True,False,True,False,False,84.0,,285,1.1141087846708388
stagea__drawer-closed__possession-on-table__locus-drawer-side__support-transverse-low-support__layout-b,v32_closed,cabinet,full_trajectory_replay,32,514,18,f0570adf2e2cdf55ef01180c8cf15f14c96b33219a8bdcfb110accc19eb31f44,True,False,True,False,False,89.0,,290,1.194646171163333
stagea__drawer-closed__possession-on-table__locus-drawer-side__support-transverse-low-support__layout-b,v32_closed,cabinet,full_trajectory_replay,33,793,18,321fba85a693c5b82c8fc5d19d784724998b7ca98e765b826b728c3015762066,True,False,True,False,False,87.0,,288,1.1176068668876702
stagea__drawer-closed__possession-on-table__locus-drawer-side__support-transverse-low-support__layout-b,v32_closed,cabinet,full_trajectory_replay,34,608,18,51b3f339ae2711ec2dee1dcd740cd2c0f3834f5ec75aa5be171a8aabfa384705,True,False,True,False,False,91.0,,292,1.1395261622966775
stagea__drawer-closed__possession-on-table__locus-drawer-side__support-transverse-low-support__layout-b,v32_closed,cabinet,full_trajectory_replay,35,696,18,27ac40ae5b0142c7d2dd195b068a73088bc3ab3ec1564e44ffca7f7e715939b7,True,False,True,False,False,87.0,,288,1.1755986378690402
stagea__drawer-closed__possession-on-table__locus-drawer-side__support-transverse-low-support__layout-b,v32_closed,cabinet,full_trajectory_replay,36,661,18,79a603a018e5f911a590ae269ad2060c3e7efd307ce515d5e88df99491a895e8,True,False,True,False,False,84.0,,285,1.1099873220214234
stagea__drawer-closed__possession-on-table__locus-drawer-side__support-transverse-low-support__layout-b,v32_closed,cabinet,full_trajectory_replay,37,745,18,aa1a3bff114b4b0887abbac25cd7b26200e2b2d232d51d48484012ca3ac3efce,True,False,True,False,False,91.0,,292,1.2171294417396548
stagea__drawer-closed__possession-on-table__locus-drawer-side__support-transverse-low-support__layout-b,v32_closed,cabinet,full_trajectory_replay,38,767,18,bbf383faef21636081e61ca9fa795f26d897115b2e20fe6c0265b2d8e57172af,True,False,True,False,False,87.0,,288,1.1238194759878832
stagea__drawer-closed__possession-on-table__locus-drawer-side__support-transverse-low-support__layout-b,v32_closed,cabinet,full_trajectory_replay,39,702,18,3fb5394b81ace7223fa4dc390332e7caab954344c8941276b13b63b0de1c2138,True,False,True,False,False,95.0,,296,1.2193130212518049
stagea__drawer-closed__possession-on-table__locus-drawer-side__support-transverse-low-support__layout-b,v32_closed,cabinet,full_trajectory_replay,40,794,18,dcf5210e4570b197e56bdf6a478e82d539aed8c6cdfe5c988d35706a308b1cca,True,False,True,False,False,96.0,,297,1.1852906825452822
stagea__drawer-closed__possession-on-table__locus-drawer-side__support-transverse-low-support__layout-b,v32_closed,cabinet,full_trajectory_replay,41,689,18,aa0ba50ca5b7f2632e0e1a5e2bb54df31c7b6cda867839b03bdd0567c6411689,True,False,True,False,False,90.0,,291,1.1758340953028152
stagea__drawer-closed__possession-on-table__locus-drawer-side__support-transverse-low-support__layout-b,v32_closed,cabinet,full_trajectory_replay,42,402,18,8d680111f934c94908dcb0f1528eef18063eb08cd7ed0c0a56e84debd7464d8c,True,False,True,False,False,89.0,,290,1.2270687780237126
stagea__drawer-closed__possession-on-table__locus-drawer-side__support-transverse-low-support__layout-b,v32_closed,cabinet,full_trajectory_replay,43,731,18,5be6d721a6fca1ef425074e8042fb05a80633e90f73f84091fca7a570ba71c84,True,False,True,False,False,88.0,,289,1.1438079213652725
stagea__drawer-closed__possession-on-table__locus-drawer-side__support-transverse-low-support__layout-b,v32_closed,cabinet,full_trajectory_replay,44,601,18,356b2a75f9d362a1cfb0d6e3fdb65c08269c619643db134c6cedc24fe14feff4,True,False,True,False,False,107.0,,308,1.1266876894209246
stagea__drawer-closed__possession-on-table__locus-drawer-side__support-transverse-low-support__layout-b,v32_closed,cabinet,full_trajectory_replay,45,706,18,239ae28404bef990e918f40b44f2aa59e45059ea0befe4a202d06f573aa4c5fd,True,False,True,False,False,110.0,,311,1.2913148671393333
stagea__drawer-closed__possession-on-table__locus-drawer-side__support-transverse-low-support__layout-b,v32_closed,drawer,full_trajectory_replay,0,576,12,c4dc33e0754f25efdaa87c75195a9e18ba603fd17aa500a5ab8751927234e465,False,False,False,False,False,,,370,1.5824667154756598
stagea__drawer-closed__possession-on-table__locus-drawer-side__support-transverse-low-support__layout-b,v32_closed,drawer,full_trajectory_replay,1,694,12,e4d0e6805b6a960d0454858721550b66c578ada98014d5f852301b7bccee4c6e,True,True,True,False,False,162.0,,363,1.6191406551549496
stagea__drawer-closed__possession-on-table__locus-drawer-side__support-transverse-low-support__layout-b,v32_closed,drawer,full_trajectory_replay,2,614,12,e61d01ded7ab086478e718b79d5a82f3b03ba2f66dca79962533600239750733,True,False,True,False,False,164.0,,365,1.689463477542658
stagea__drawer-closed__possession-on-table__locus-drawer-side__support-transverse-low-support__layout-b,v32_closed,drawer,full_trajectory_replay,3,382,12,f26c8e95841a34fdf898d203d26239d6a90e1c07c81f581944655edeb4f60915,True,False,True,False,False,163.0,,364,1.5488618252954147
stagea__drawer-closed__possession-on-table__locus-drawer-side__support-transverse-low-support__layout-b,v32_closed,drawer,full_trajectory_replay,4,526,12,8ebeecff1ddaa357856da5ef867f3055f43a1fe01692dd469542c151b39ea3fc,True,False,True,False,False,166.0,,367,1.6498061381396498
stagea__drawer-closed__possession-on-table__locus-drawer-side__support-transverse-low-support__layout-b,v32_closed,drawer,full_trajectory_replay,5,594,12,d5c8812af2a306355bb71a52c35164f93ef95ab0ec2a57638db05edb030de728,False,False,False,False,False,,,378,1.6955917273597345
stagea__drawer-closed__possession-on-table__locus-drawer-side__support-transverse-low-support__layout-b,v32_closed,drawer,full_trajectory_replay,6,559,12,6338c79a0fb6aadb247d383c82552982be98a0fe67a07210aa6cdbb957870a0e,True,False,True,False,False,171.0,,372,1.5932866390356548
stagea__drawer-closed__possession-on-table__locus-drawer-side__support-transverse-low-support__layout-b,v32_closed,drawer,full_trajectory_replay,7,624,12,adb56e3ec63a390538504dce7dbcfce5bc5f780cf2a323a68559c4952810dca4,True,False,True,False,False,171.0,,372,1.7694329385818113
stagea__drawer-closed__possession-on-table__locus-drawer-side__support-transverse-low-support__layout-b,v32_closed,drawer,full_trajectory_replay,8,560,12,257886fa56c8ca594b7a52c9ba5c2ece42a4910673fe22140ee0be23dedc7fed,True,False,True,False,False,172.0,,373,1.656636521806615
stagea__drawer-closed__possession-on-table__locus-drawer-side__support-transverse-low-support__layout-b,v32_closed,drawer,full_trajectory_replay,9,627,12,54c3e36183cf5ef2a823d528e9503368965fc007ae422f9ac129decd6be47724,True,False,True,False,False,173.0,,374,1.782821139093286
stagea__drawer-closed__possession-on-table__locus-drawer-side__support-transverse-low-support__layout-b,v32_closed,drawer,full_trajectory_replay,10,684,12,4b41c4e5e61e059c2e83642794a66dcb58b90e9370db1b39755f83c021da75d2,True,False,True,False,False,179.0,,380,1.7444697824489663
stagea__drawer-closed__possession-on-table__locus-drawer-side__support-transverse-low-support__layout-b,v32_closed,drawer,full_trajectory_replay,11,409,12,e8aa2651d0fba6006bbd1ce8844606d4c1e24568d5b42dae3098ea158f05f04f,False,False,False,False,False,,,385,1.6071628444754995
stagea__drawer-closed__possession-on-table__locus-drawer-side__support-transverse-low-support__layout-b,v32_closed,drawer,full_trajectory_replay,12,548,12,8039f55efc1d3b2afff01d9544afe9a27c13a9fde71ed489cc1888b03d05d72d,True,False,True,False,False,173.0,,374,1.6474202138487237
stagea__drawer-closed__possession-on-table__locus-drawer-side__support-transverse-low-support__layout-b,v32_closed,drawer,full_trajectory_replay,13,742,12,db2e8c6a4ceb523133f51e21d0d31a8320ab88d1c0c7c0b124435499ea21a230,False,False,False,False,False,,,387,1.8356522858534532
stagea__drawer-closed__possession-on-table__locus-drawer-side__support-transverse-low-support__layout-b,v32_closed,drawer,full_trajectory_replay,14,790,12,92034ebae21e287f92cdafcaaf1c4cc9ca7d732c105e28653f41c814086a107c,True,False,True,False,False,175.0,,376,1.7248253072294493
stagea__drawer-closed__possession-on-table__locus-drawer-side__support-transverse-low-support__layout-b,v32_closed,drawer,full_trajectory_replay,15,534,12,47ec06d84d5536c7bc2c903e0f4bc40c38674a2cc7e48d22e791a529d149c23f,False,False,False,False,False,,,388,1.3661012540570092
stagea__drawer-closed__possession-on-table__locus-drawer-side__support-transverse-low-support__layout-b,v32_closed,drawer,full_trajectory_replay,16,498,12,f6ffd6f59a512dc3d6da39d1c991a246f1f6c4fda28c9c6951d1ead81b79d73e,False,False,False,False,False,,,390,1.6753595917242319
stagea__drawer-closed__possession-on-table__locus-drawer-side__support-transverse-low-support__layout-b,v32_closed,drawer,full_trajectory_replay,17,737,12,24d53009f0c5a3917d02b3366eb875314813a60de3081d1bf69f19e04fcfd2ec,True,False,True,False,False,193.0,,394,1.7032750178351952
stagea__drawer-closed__possession-on-table__locus-drawer-side__support-transverse-low-support__layout-b,v32_closed,drawer,full_trajectory_replay,18,489,12,548f110a2e4050299ae8b3a610c9806b51995a65b74f8a79b83dece3b9636a3f,True,False,True,False,False,179.0,,380,1.7709382937446672
stagea__drawer-closed__possession-on-table__locus-drawer-side__support-transverse-low-support__layout-b,v32_closed,drawer,full_trajectory_replay,19,784,12,d61fad8212342e13bc37c975339f3effa6841a3166deace8fa063482deeb95c4,True,False,True,False,False,181.0,,382,1.7123563397048414
stagea__drawer-closed__possession-on-table__locus-drawer-side__support-transverse-low-support__layout-b,v32_closed,drawer,full_trajectory_replay,20,701,12,4b63123279f4f228439254b39a178ae1dc4773dc6dc6d53eb6d453f24e40eda3,True,False,True,False,False,186.0,,387,1.7513263002740649
stagea__drawer-closed__possession-on-table__locus-drawer-side__support-transverse-low-support__layout-b,v32_closed,drawer,full_trajectory_replay,21,416,12,41b4ab3c6eab78d6c7d147d6b7319f520c6dafa8eee44a2166e002b28cb2fdfd,False,False,False,False,False,,,399,1.7824252113297285
stagea__drawer-closed__possession-on-table__locus-drawer-side__support-transverse-low-support__layout-b,v32_closed,drawer,full_trajectory_replay,22,462,12,40dafe57a26443dcd16aaaca097715e50661a8f0bc112c64947bc2ee28c75703,True,False,True,False,False,188.0,,389,1.7117859332233336
stagea__drawer-closed__possession-on-table__locus-drawer-side__support-transverse-low-support__layout-b,v32_closed,drawer,full_trajectory_replay,23,494,12,93f39f1498437ddba0efc6eb059cd2b642ab544fab2f3336525878a4763097d4,True,False,True,False,False,188.0,,389,1.7310042760319295
stagea__drawer-closed__possession-on-table__locus-drawer-side__support-transverse-low-support__layout-b,v32_closed,drawer,full_trajectory_replay,24,414,12,9ec592154057d5c791bd6ea65380646ea92cd0d23d38116bae61bcd4d9af6daa,True,False,True,False,False,189.0,,390,1.7511872459167017
stagea__drawer-closed__possession-on-table__locus-drawer-side__support-transverse-low-support__layout-b,v32_closed,drawer,full_trajectory_replay,25,523,12,eff93d2d3123718e86e9f1b41fb58d6a377fbec3687a6300f32204f553b41906,True,False,True,False,False,193.0,,394,1.780547751130282
stagea__drawer-closed__possession-on-table__locus-drawer-side__support-transverse-low-support__layout-b,v32_closed,drawer,full_trajectory_replay,26,762,12,5a6ad00de32247a9c04c1b1ae331ac99f700b26de0552cc1171848d4a8682ec3,True,False,True,False,False,190.0,,391,1.7464843436958568
stagea__drawer-closed__possession-on-table__locus-drawer-side__support-transverse-low-support__layout-b,v32_closed,drawer,full_trajectory_replay,27,758,12,908f23fecbfd35ae5c9dcbedd3858d03ec11dd138bb2dab0f43ee0d4574695b4,True,False,True,False,False,197.0,,398,1.828962529821468
stagea__drawer-closed__possession-on-table__locus-drawer-side__support-transverse-low-support__layout-b,v32_closed,drawer,full_trajectory_replay,28,782,12,de7cef4f6a636948f4190f834219967d71ea3e72fe0b4f836e50e047f5d757f3,False,False,False,False,False,,,415,1.7342108224462056
stagea__drawer-closed__possession-on-table__locus-drawer-side__support-transverse-low-support__layout-b,v32_closed,drawer,full_trajectory_replay,29,383,12,f598f486a32782cc98bfad505745987af2a8f37f2e9c4aa94b4ec2f8b9fa8ae4,True,False,True,False,False,205.0,,406,1.8653208812786324
stagea__drawer-closed__possession-on-table__locus-drawer-side__support-transverse-low-support__layout-b,v32_closed,drawer,full_trajectory_replay,30,738,12,8eabf11d95595bb7c52a4944a62cc03da44e1f462b7ad8a09519f9c8d10286aa,True,False,True,False,False,209.0,,410,1.8599439086101381
stagea__drawer-closed__possession-on-table__locus-drawer-side__support-transverse-low-support__layout-b,v32_closed,drawer,full_trajectory_replay,31,538,12,08ad1772331225b10cf37ff13b272f62c36cb63525e1e766a49b9b0fcb1a42c6,True,False,True,False,False,208.0,,409,1.9955743833637987
stagea__drawer-closed__possession-on-table__locus-drawer-side__support-transverse-low-support__layout-b,v32_closed,drawer,full_trajectory_replay,32,465,12,e0429b5fe21a733c15e4703fae6c590da9aaff3e0b059bfd634952b78272b52f,True,False,True,False,False,221.0,,422,1.8312078195245012
stagea__drawer-closed__possession-on-table__locus-drawer-side__support-transverse-low-support__layout-b,v32_closed,drawer,full_trajectory_replay,33,449,12,f20bb3de976403a90113d79607775b68c63181b9aaba242dc0f356def02dad3e,True,False,True,False,False,235.0,,436,2.3033554321326153
stagea__drawer-closed__possession-on-table__locus-drawer-side__support-transverse-low-support__layout-b,v32_closed,drawer,full_trajectory_replay,34,711,12,5fbc8383f1842247c97b8be8ec4cb5a910eaea56fe8ac6bc4025f658f74279c2,True,False,True,False,False,243.0,,444,1.9079196867800177
stagea__drawer-closed__possession-on-table__locus-drawer-side__support-transverse-low-support__layout-b,v32_closed,drawer,full_trajectory_replay,35,387,12,a6b95196dd651f801df5eb0aaac15cabaa4501ebba68b07e61bc42d336c598b2,True,False,True,False,False,264.0,,465,1.8602914036180236
stagea__drawer-open__possession-grasped__locus-cabinet-side__support-demonstration-near__layout-a,v37_open_grasped_completion,cabinet,action_intrinsic_pregrasp_bowl_registered_v1,0,438,18,fc624695eb2d39b20e511c8ac6df4923b6bff3cff56ff389622f45310e9278c2,False,False,False,False,False,,True,1395,1.8632852865191047
stagea__drawer-open__possession-grasped__locus-cabinet-side__support-demonstration-near__layout-a,v37_open_grasped_completion,cabinet,action_intrinsic_pregrasp_bowl_registered_v1,1,712,18,9af535ed5943f0efe94c6e6136614fdd45017940a69a8267687e68416905a9d8,False,False,False,False,False,,True,1396,1.747069401200215
stagea__drawer-open__possession-grasped__locus-cabinet-side__support-demonstration-near__layout-a,v37_open_grasped_completion,cabinet,action_intrinsic_pregrasp_bowl_registered_v1,2,669,18,bb63603def241e17b02c89c5513d1ef93cf75f47c260b5b139f120acf22c26f8,False,False,False,False,False,,True,1397,1.8123225929170346
stagea__drawer-open__possession-grasped__locus-cabinet-side__support-demonstration-near__layout-a,v37_open_grasped_completion,cabinet,action_intrinsic_pregrasp_bowl_registered_v1,3,590,18,0348abe806a47069551301e2e86e25fcca5b8db8fd3f5b128630180e19057a9c,False,False,False,False,False,,True,1399,1.7986084663621098
stagea__drawer-open__possession-grasped__locus-cabinet-side__support-demonstration-near__layout-a,v37_open_grasped_completion,cabinet,action_intrinsic_pregrasp_bowl_registered_v1,4,597,18,3bd590038acfecf91321ca683267c834fb8ebbd4f559e5fd8f89bf1dda561e9f,False,False,False,False,False,,True,1399,1.7205001978380023
stagea__drawer-open__possession-grasped__locus-cabinet-side__support-demonstration-near__layout-a,v37_open_grasped_completion,cabinet,action_intrinsic_pregrasp_bowl_registered_v1,5,660,18,082d8ee4933e7774b752cd6fbf2ea76a20ff927bf4afa8bd09b7ddc47aefba34,False,False,False,False,False,,True,1399,1.719737100242476
stagea__drawer-open__possession-grasped__locus-cabinet-side__support-demonstration-near__layout-a,v37_open_grasped_completion,cabinet,action_intrinsic_pregrasp_bowl_registered_v1,6,458,18,4d4a24b15ada9177614865d055b4dccd354dd4ce8dac9eb391c68984fc50691e,False,False,False,False,False,,True,1400,1.7723488067044522
stagea__drawer-open__possession-grasped__locus-cabinet-side__support-demonstration-near__layout-a,v37_open_grasped_completion,cabinet,action_intrinsic_pregrasp_bowl_registered_v1,7,573,18,2e42787c67b5b157b79e3c3b2980a13563d41b4cbf69a9279c710d30a6292e92,False,False,False,False,False,,True,1400,1.764348537541005
stagea__drawer-open__possession-grasped__locus-cabinet-side__support-demonstration-near__layout-a,v37_open_grasped_completion,cabinet,action_intrinsic_pregrasp_bowl_registered_v1,8,681,18,32bf1db8cfb866d929b97eaf4f6ad55599246fef24edf68fea15ede3b5cf005e,False,False,False,False,False,,True,1400,1.733643980894258
stagea__drawer-open__possession-grasped__locus-cabinet-side__support-demonstration-near__layout-a,v37_open_grasped_completion,cabinet,action_intrinsic_pregrasp_bowl_registered_v1,9,452,18,016fe7cdd6622e9f77775f108f3cb4e4f836ec330ac07003f39fb7e5dbd594d5,False,False,False,False,False,,True,1402,1.7626604408952837
stagea__drawer-open__possession-grasped__locus-cabinet-side__support-demonstration-near__layout-a,v37_open_grasped_completion,cabinet,action_intrinsic_pregrasp_bowl_registered_v1,10,775,18,b7e8758503c46c2273a688c9d98a5cbf14447ba59301bb326ca3a9078d7ea079,False,False,False,False,False,,True,1402,1.8278372034940413
stagea__drawer-open__possession-grasped__locus-cabinet-side__support-demonstration-near__layout-a,v37_open_grasped_completion,cabinet,action_intrinsic_pregrasp_bowl_registered_v1,11,665,18,a4a985f59f32ec185896dca87996aa455a720e318f579d3c58b2a88d391ef2bd,False,False,False,False,False,,True,1404,1.741360144142623
stagea__drawer-open__possession-grasped__locus-cabinet-side__support-demonstration-near__layout-a,v37_open_grasped_completion,cabinet,action_intrinsic_pregrasp_bowl_registered_v1,12,444,18,4d00108fccbba095038c80424e863deb2221dea2d50d4f2c5a3442f48d6466a2,False,False,False,False,False,,True,1405,1.7460887234444107
stagea__drawer-open__possession-grasped__locus-cabinet-side__support-demonstration-near__layout-a,v37_open_grasped_completion,cabinet,action_intrinsic_pregrasp_bowl_registered_v1,13,501,18,033327dbdb43b4bfddc6ed286bf6f8e8a6112ffe991905c700c75ec0676b386c,False,False,False,False,False,,True,1405,1.9287785215142397
stagea__drawer-open__possession-grasped__locus-cabinet-side__support-demonstration-near__layout-a,v37_open_grasped_completion,cabinet,action_intrinsic_pregrasp_bowl_registered_v1,14,638,18,a8d81987e6f0f385619548c3982d9078c5c54a76d95ade16b8a982ad08234932,False,False,False,False,False,,True,1405,1.9719914314096352
stagea__drawer-open__possession-grasped__locus-cabinet-side__support-demonstration-near__layout-a,v37_open_grasped_completion,cabinet,action_intrinsic_pregrasp_bowl_registered_v1,15,674,18,9b9937400a6e113f3901f66bf04dbac00fcbef6b9d999843ef0c651c1d76ce93,False,False,False,False,False,,True,1405,1.7772500152746384
stagea__drawer-open__possession-grasped__locus-cabinet-side__support-demonstration-near__layout-a,v37_open_grasped_completion,cabinet,action_intrinsic_pregrasp_bowl_registered_v1,16,493,18,6cd7e138d3e7108f26e5396426d285829d7a3044a5068557110ad529c60f88fb,False,False,False,False,False,,True,1406,1.8220971072837906
stagea__drawer-open__possession-grasped__locus-cabinet-side__support-demonstration-near__layout-a,v37_open_grasped_completion,cabinet,action_intrinsic_pregrasp_bowl_registered_v1,17,636,18,0a4fa289713d5467f4f401adaef6d834685933041fe590343f19ee059e605170,False,False,False,False,False,,True,1406,1.792029103467601
stagea__drawer-open__possession-grasped__locus-cabinet-side__support-demonstration-near__layout-a,v37_open_grasped_completion,cabinet,action_intrinsic_pregrasp_bowl_registered_v1,18,699,18,9504ca4f990d01cd111eed0f44cf9f286704e69d2bef21680ad53de5b6c6e501,False,False,False,False,False,,True,1406,1.9789151417113606
stagea__drawer-open__possession-grasped__locus-cabinet-side__support-demonstration-near__layout-a,v37_open_grasped_completion,cabinet,action_intrinsic_pregrasp_bowl_registered_v1,19,456,18,fe869cc76141d5cbf6d64ee2c3c80a872e3f32bfcb5763bfe38221d3c6f8774f,False,False,False,False,False,,True,1407,1.930220083703774
stagea__drawer-open__possession-grasped__locus-cabinet-side__support-demonstration-near__layout-a,v37_open_grasped_completion,cabinet,action_intrinsic_pregrasp_bowl_registered_v1,20,570,18,c2d4c5bdce9483b0609598e4bd984122284c5eef5a4d26eac9681c616139a807,False,False,False,False,False,,True,1407,1.814880206302412
stagea__drawer-open__possession-grasped__locus-cabinet-side__support-demonstration-near__layout-a,v37_open_grasped_completion,cabinet,action_intrinsic_pregrasp_bowl_registered_v1,21,662,18,9b8d4f7149a62a256faa3e7ea0e5c2f3125d95bea41d4c479b86904e2d505dcf,False,False,False,False,False,,True,1407,1.7718299668596862
stagea__drawer-open__possession-grasped__locus-cabinet-side__support-demonstration-near__layout-a,v37_open_grasped_completion,cabinet,action_intrinsic_pregrasp_bowl_registered_v1,22,732,18,c3b4ba9df80cca1c1bc20693376c230d3bc01ba9f981bb21aff3d94f5df62a66,False,False,False,False,False,,True,1407,1.8097811331064877
stagea__drawer-open__possession-grasped__locus-cabinet-side__support-demonstration-near__layout-a,v37_open_grasped_completion,cabinet,action_intrinsic_pregrasp_bowl_registered_v1,23,505,18,69ffa114adff6ac44594f47b51bd23b379470a0da01eb7ed63f3d8a0d4c8775a,False,False,False,False,False,,True,1408,1.7971953727160241
stagea__drawer-open__possession-grasped__locus-cabinet-side__support-demonstration-near__layout-a,v37_open_grasped_completion,cabinet,action_intrinsic_pregrasp_bowl_registered_v1,24,630,18,d47820b50d009ef5f221017fa25bcb7f75e7cde874bf13cd4a5f40b7d49fe74f,False,False,False,False,False,,True,1408,1.7413858305465002
stagea__drawer-open__possession-grasped__locus-cabinet-side__support-demonstration-near__layout-a,v37_open_grasped_completion,cabinet,action_intrinsic_pregrasp_bowl_registered_v1,25,743,18,1df868b0e126de6c747a3392f2ae0135f2089140e79694115da746d261455e76,False,False,False,False,False,,True,1408,1.703050790633518
stagea__drawer-open__possession-grasped__locus-cabinet-side__support-demonstration-near__layout-a,v37_open_grasped_completion,cabinet,action_intrinsic_pregrasp_bowl_registered_v1,26,398,18,dddc06067bf84b0019a1cf050048e588df918f7768911fa406ce110da9ad4689,False,False,False,False,False,,True,1409,1.7792594750462198
stagea__drawer-open__possession-grasped__locus-cabinet-side__support-demonstration-near__layout-a,v37_open_grasped_completion,cabinet,action_intrinsic_pregrasp_bowl_registered_v1,27,446,18,171014841f360ccb7f224b68357849b87ebcfb38ea27c23f8309cdfd830c7760,False,False,False,False,False,,True,1409,1.8377259457117934
stagea__drawer-open__possession-grasped__locus-cabinet-side__support-demonstration-near__layout-a,v37_open_grasped_completion,cabinet,action_intrinsic_pregrasp_bowl_registered_v1,28,724,18,8bbb07bf3048a11cd3879887766413ad6a041eb78ef54667a0528d0ab13f7c0c,False,False,False,False,False,,True,1410,1.7925288735239717
stagea__drawer-open__possession-grasped__locus-cabinet-side__support-demonstration-near__layout-a,v37_open_grasped_completion,cabinet,action_intrinsic_pregrasp_bowl_registered_v1,29,521,18,f404e35757cca7351a7956c0091493689bcae213ebc3f600ad9ca7ec35cc19d8,False,False,False,False,False,,True,1411,1.8106963932856965
stagea__drawer-open__possession-grasped__locus-cabinet-side__support-demonstration-near__layout-a,v37_open_grasped_completion,cabinet,action_intrinsic_pregrasp_bowl_registered_v1,30,791,18,ab8bc2c0ead1910b94bd3b22c327af072be2575c2b190a011406f4f7286f5de9,False,False,False,False,False,,True,1411,1.914399134670755
stagea__drawer-open__possession-grasped__locus-cabinet-side__support-demonstration-near__layout-a,v37_open_grasped_completion,cabinet,action_intrinsic_pregrasp_bowl_registered_v1,31,474,18,5d93ae0bbe8618d7ad32e89a85261166b35dec3bcaa972751dddbaae8f07150c,True,True,True,False,False,86.0,True,1396,1.9106318355309897
stagea__drawer-open__possession-grasped__locus-cabinet-side__support-demonstration-near__layout-a,v37_open_grasped_completion,cabinet,action_intrinsic_pregrasp_bowl_registered_v1,32,514,18,f0570adf2e2cdf55ef01180c8cf15f14c96b33219a8bdcfb110accc19eb31f44,False,False,False,False,False,,True,1412,1.9130081468889855
stagea__drawer-open__possession-grasped__locus-cabinet-side__support-demonstration-near__layout-a,v37_open_grasped_completion,cabinet,action_intrinsic_pregrasp_bowl_registered_v1,33,793,18,321fba85a693c5b82c8fc5d19d784724998b7ca98e765b826b728c3015762066,False,False,False,False,False,,True,1412,1.7281524363611052
stagea__drawer-open__possession-grasped__locus-cabinet-side__support-demonstration-near__layout-a,v37_open_grasped_completion,cabinet,action_intrinsic_pregrasp_bowl_registered_v1,34,608,18,51b3f339ae2711ec2dee1dcd740cd2c0f3834f5ec75aa5be171a8aabfa384705,False,False,False,False,False,,True,1413,1.7706379950395756
stagea__drawer-open__possession-grasped__locus-cabinet-side__support-demonstration-near__layout-a,v37_open_grasped_completion,cabinet,action_intrinsic_pregrasp_bowl_registered_v1,35,696,18,27ac40ae5b0142c7d2dd195b068a73088bc3ab3ec1564e44ffca7f7e715939b7,False,False,False,False,False,,True,1413,1.8078880911536443
stagea__drawer-open__possession-grasped__locus-cabinet-side__support-demonstration-near__layout-a,v37_open_grasped_completion,cabinet,action_intrinsic_pregrasp_bowl_registered_v1,36,661,18,79a603a018e5f911a590ae269ad2060c3e7efd307ce515d5e88df99491a895e8,False,False,False,False,False,,True,1414,1.8548221813138057
stagea__drawer-open__possession-grasped__locus-cabinet-side__support-demonstration-near__layout-a,v37_open_grasped_completion,cabinet,action_intrinsic_pregrasp_bowl_registered_v1,37,745,18,aa1a3bff114b4b0887abbac25cd7b26200e2b2d232d51d48484012ca3ac3efce,False,False,False,False,False,,True,1414,1.8871361584896928
stagea__drawer-open__possession-grasped__locus-cabinet-side__support-demonstration-near__layout-a,v37_open_grasped_completion,cabinet,action_intrinsic_pregrasp_bowl_registered_v1,38,767,18,bbf383faef21636081e61ca9fa795f26d897115b2e20fe6c0265b2d8e57172af,False,False,False,False,False,,True,1414,1.7776506586913783
stagea__drawer-open__possession-grasped__locus-cabinet-side__support-demonstration-near__layout-a,v37_open_grasped_completion,cabinet,action_intrinsic_pregrasp_bowl_registered_v1,39,702,18,3fb5394b81ace7223fa4dc390332e7caab954344c8941276b13b63b0de1c2138,False,False,False,False,False,,True,1415,1.8339343617827357
stagea__drawer-open__possession-grasped__locus-cabinet-side__support-demonstration-near__layout-a,v37_open_grasped_completion,cabinet,action_intrinsic_pregrasp_bowl_registered_v1,40,794,18,dcf5210e4570b197e56bdf6a478e82d539aed8c6cdfe5c988d35706a308b1cca,False,False,False,False,False,,True,1417,1.8117451191915503
stagea__drawer-open__possession-grasped__locus-cabinet-side__support-demonstration-near__layout-a,v37_open_grasped_completion,cabinet,action_intrinsic_pregrasp_bowl_registered_v1,41,689,18,aa0ba50ca5b7f2632e0e1a5e2bb54df31c7b6cda867839b03bdd0567c6411689,False,False,False,False,False,,True,1418,1.8424021095093164
stagea__drawer-open__possession-grasped__locus-cabinet-side__support-demonstration-near__layout-a,v37_open_grasped_completion,cabinet,action_intrinsic_pregrasp_bowl_registered_v1,42,402,18,8d680111f934c94908dcb0f1528eef18063eb08cd7ed0c0a56e84debd7464d8c,False,False,False,False,False,,True,1419,1.8872904409434819
stagea__drawer-open__possession-grasped__locus-cabinet-side__support-demonstration-near__layout-a,v37_open_grasped_completion,cabinet,action_intrinsic_pregrasp_bowl_registered_v1,43,731,18,5be6d721a6fca1ef425074e8042fb05a80633e90f73f84091fca7a570ba71c84,False,False,False,False,False,,True,1421,1.8775601911014188
stagea__drawer-open__possession-grasped__locus-cabinet-side__support-demonstration-near__layout-a,v37_open_grasped_completion,cabinet,action_intrinsic_pregrasp_bowl_registered_v1,44,601,18,356b2a75f9d362a1cfb0d6e3fdb65c08269c619643db134c6cedc24fe14feff4,False,False,False,False,False,,True,1429,1.8548398121695353
stagea__drawer-open__possession-grasped__locus-cabinet-side__support-demonstration-near__layout-a,v37_open_grasped_completion,cabinet,action_intrinsic_pregrasp_bowl_registered_v1,45,706,18,239ae28404bef990e918f40b44f2aa59e45059ea0befe4a202d06f573aa4c5fd,False,False,False,False,False,,True,1432,1.887737706634847
stagea__drawer-open__possession-grasped__locus-cabinet-side__support-demonstration-near__layout-a,v37_open_grasped_completion,drawer,action_intrinsic_pregrasp_bowl_registered_v1,0,576,12,c4dc33e0754f25efdaa87c75195a9e18ba603fd17aa500a5ab8751927234e465,False,False,False,False,False,,False,1310,1.3546256029867325
stagea__drawer-open__possession-grasped__locus-cabinet-side__support-demonstration-near__layout-a,v37_open_grasped_completion,drawer,action_intrinsic_pregrasp_bowl_registered_v1,1,694,12,e4d0e6805b6a960d0454858721550b66c578ada98014d5f852301b7bccee4c6e,True,True,True,False,False,163.0,True,1417,2.291512486795134
stagea__drawer-open__possession-grasped__locus-cabinet-side__support-demonstration-near__layout-a,v37_open_grasped_completion,drawer,action_intrinsic_pregrasp_bowl_registered_v1,2,614,12,e61d01ded7ab086478e718b79d5a82f3b03ba2f66dca79962533600239750733,False,False,False,False,False,,False,1310,1.379577072083456
stagea__drawer-open__possession-grasped__locus-cabinet-side__support-demonstration-near__layout-a,v37_open_grasped_completion,drawer,action_intrinsic_pregrasp_bowl_registered_v1,3,382,12,f26c8e95841a34fdf898d203d26239d6a90e1c07c81f581944655edeb4f60915,False,False,False,False,False,,True,1440,2.0900997653551885
stagea__drawer-open__possession-grasped__locus-cabinet-side__support-demonstration-near__layout-a,v37_open_grasped_completion,drawer,action_intrinsic_pregrasp_bowl_registered_v1,4,526,12,8ebeecff1ddaa357856da5ef867f3055f43a1fe01692dd469542c151b39ea3fc,False,False,False,False,False,,True,1434,2.3751312528597897
stagea__drawer-open__possession-grasped__locus-cabinet-side__support-demonstration-near__layout-a,v37_open_grasped_completion,drawer,action_intrinsic_pregrasp_bowl_registered_v1,5,594,12,d5c8812af2a306355bb71a52c35164f93ef95ab0ec2a57638db05edb030de728,False,False,False,False,False,,True,1433,2.460089132379587
stagea__drawer-open__possession-grasped__locus-cabinet-side__support-demonstration-near__layout-a,v37_open_grasped_completion,drawer,action_intrinsic_pregrasp_bowl_registered_v1,6,559,12,6338c79a0fb6aadb247d383c82552982be98a0fe67a07210aa6cdbb957870a0e,False,False,False,False,False,,False,1310,1.378856031518318
stagea__drawer-open__possession-grasped__locus-cabinet-side__support-demonstration-near__layout-a,v37_open_grasped_completion,drawer,action_intrinsic_pregrasp_bowl_registered_v1,7,624,12,adb56e3ec63a390538504dce7dbcfce5bc5f780cf2a323a68559c4952810dca4,False,False,False,False,False,,False,1310,1.375393323054985
stagea__drawer-open__possession-grasped__locus-cabinet-side__support-demonstration-near__layout-a,v37_open_grasped_completion,drawer,action_intrinsic_pregrasp_bowl_registered_v1,8,560,12,257886fa56c8ca594b7a52c9ba5c2ece42a4910673fe22140ee0be23dedc7fed,True,False,True,False,False,172.0,True,1429,2.351555727712694
stagea__drawer-open__possession-grasped__locus-cabinet-side__support-demonstration-near__layout-a,v37_open_grasped_completion,drawer,action_intrinsic_pregrasp_bowl_registered_v1,9,627,12,54c3e36183cf5ef2a823d528e9503368965fc007ae422f9ac129decd6be47724,False,False,False,False,False,,True,1420,1.9873566712753394
stagea__drawer-open__possession-grasped__locus-cabinet-side__support-demonstration-near__layout-a,v37_open_grasped_completion,drawer,action_intrinsic_pregrasp_bowl_registered_v1,10,684,12,4b41c4e5e61e059c2e83642794a66dcb58b90e9370db1b39755f83c021da75d2,False,False,False,False,False,,True,1438,2.363515776635374
stagea__drawer-open__possession-grasped__locus-cabinet-side__support-demonstration-near__layout-a,v37_open_grasped_completion,drawer,action_intrinsic_pregrasp_bowl_registered_v1,11,409,12,e8aa2651d0fba6006bbd1ce8844606d4c1e24568d5b42dae3098ea158f05f04f,False,False,False,False,False,,True,1435,2.2189146430195694
stagea__drawer-open__possession-grasped__locus-cabinet-side__support-demonstration-near__layout-a,v37_open_grasped_completion,drawer,action_intrinsic_pregrasp_bowl_registered_v1,12,548,12,8039f55efc1d3b2afff01d9544afe9a27c13a9fde71ed489cc1888b03d05d72d,False,False,False,False,False,,False,1310,1.468201860939277
stagea__drawer-open__possession-grasped__locus-cabinet-side__support-demonstration-near__layout-a,v37_open_grasped_completion,drawer,action_intrinsic_pregrasp_bowl_registered_v1,13,742,12,db2e8c6a4ceb523133f51e21d0d31a8320ab88d1c0c7c0b124435499ea21a230,False,False,False,False,False,,False,1310,1.3706671275775073
stagea__drawer-open__possession-grasped__locus-cabinet-side__support-demonstration-near__layout-a,v37_open_grasped_completion,drawer,action_intrinsic_pregrasp_bowl_registered_v1,14,790,12,92034ebae21e287f92cdafcaaf1c4cc9ca7d732c105e28653f41c814086a107c,False,False,False,False,False,,False,1310,1.4449372009832668
stagea__drawer-open__possession-grasped__locus-cabinet-side__support-demonstration-near__layout-a,v37_open_grasped_completion,drawer,action_intrinsic_pregrasp_bowl_registered_v1,15,534,12,47ec06d84d5536c7bc2c903e0f4bc40c38674a2cc7e48d22e791a529d149c23f,False,False,False,False,False,,False,1310,1.435614019248716
stagea__drawer-open__possession-grasped__locus-cabinet-side__support-demonstration-near__layout-a,v37_open_grasped_completion,drawer,action_intrinsic_pregrasp_bowl_registered_v1,16,498,12,f6ffd6f59a512dc3d6da39d1c991a246f1f6c4fda28c9c6951d1ead81b79d73e,False,False,False,False,False,,True,1430,2.0126945264311136
stagea__drawer-open__possession-grasped__locus-cabinet-side__support-demonstration-near__layout-a,v37_open_grasped_completion,drawer,action_intrinsic_pregrasp_bowl_registered_v1,17,737,12,24d53009f0c5a3917d02b3366eb875314813a60de3081d1bf69f19e04fcfd2ec,True,False,True,False,False,183.0,True,1426,2.358819952317848
stagea__drawer-open__possession-grasped__locus-cabinet-side__support-demonstration-near__layout-a,v37_open_grasped_completion,drawer,action_intrinsic_pregrasp_bowl_registered_v1,18,489,12,548f110a2e4050299ae8b3a610c9806b51995a65b74f8a79b83dece3b9636a3f,True,False,True,False,False,184.0,True,1425,2.3990879972016392
stagea__drawer-open__possession-grasped__locus-cabinet-side__support-demonstration-near__layout-a,v37_open_grasped_completion,drawer,action_intrinsic_pregrasp_bowl_registered_v1,19,784,12,d61fad8212342e13bc37c975339f3effa6841a3166deace8fa063482deeb95c4,True,False,True,False,False,181.0,True,1429,2.390030868385823
stagea__drawer-open__possession-grasped__locus-cabinet-side__support-demonstration-near__layout-a,v37_open_grasped_completion,drawer,action_intrinsic_pregrasp_bowl_registered_v1,20,701,12,4b63123279f4f228439254b39a178ae1dc4773dc6dc6d53eb6d453f24e40eda3,False,False,False,False,False,,True,1435,2.3262084014370137
stagea__drawer-open__possession-grasped__locus-cabinet-side__support-demonstration-near__layout-a,v37_open_grasped_completion,drawer,action_intrinsic_pregrasp_bowl_registered_v1,21,416,12,41b4ab3c6eab78d6c7d147d6b7319f520c6dafa8eee44a2166e002b28cb2fdfd,False,False,False,False,False,,True,1434,2.3461753390463205
stagea__drawer-open__possession-grasped__locus-cabinet-side__support-demonstration-near__layout-a,v37_open_grasped_completion,drawer,action_intrinsic_pregrasp_bowl_registered_v1,22,462,12,40dafe57a26443dcd16aaaca097715e50661a8f0bc112c64947bc2ee28c75703,True,False,True,False,False,186.0,True,1439,2.4220886389733884
stagea__drawer-open__possession-grasped__locus-cabinet-side__support-demonstration-near__layout-a,v37_open_grasped_completion,drawer,action_intrinsic_pregrasp_bowl_registered_v1,23,494,12,93f39f1498437ddba0efc6eb059cd2b642ab544fab2f3336525878a4763097d4,False,False,False,False,False,,True,1434,2.005982018721077
stagea__drawer-open__possession-grasped__locus-cabinet-side__support-demonstration-near__layout-a,v37_open_grasped_completion,drawer,action_intrinsic_pregrasp_bowl_registered_v1,24,414,12,9ec592154057d5c791bd6ea65380646ea92cd0d23d38116bae61bcd4d9af6daa,True,False,True,False,False,189.0,True,1428,2.4103229667713983
stagea__drawer-open__possession-grasped__locus-cabinet-side__support-demonstration-near__layout-a,v37_open_grasped_completion,drawer,action_intrinsic_pregrasp_bowl_registered_v1,25,523,12,eff93d2d3123718e86e9f1b41fb58d6a377fbec3687a6300f32204f553b41906,True,False,True,False,False,193.0,True,1436,2.3577784858154125
stagea__drawer-open__possession-grasped__locus-cabinet-side__support-demonstration-near__layout-a,v37_open_grasped_completion,drawer,action_intrinsic_pregrasp_bowl_registered_v1,26,762,12,5a6ad00de32247a9c04c1b1ae331ac99f700b26de0552cc1171848d4a8682ec3,False,False,False,False,False,,True,1432,2.0641194368443614
stagea__drawer-open__possession-grasped__locus-cabinet-side__support-demonstration-near__layout-a,v37_open_grasped_completion,drawer,action_intrinsic_pregrasp_bowl_registered_v1,27,758,12,908f23fecbfd35ae5c9dcbedd3858d03ec11dd138bb2dab0f43ee0d4574695b4,False,False,False,False,False,,False,1310,1.4261487892156144
stagea__drawer-open__possession-grasped__locus-cabinet-side__support-demonstration-near__layout-a,v37_open_grasped_completion,drawer,action_intrinsic_pregrasp_bowl_registered_v1,28,782,12,de7cef4f6a636948f4190f834219967d71ea3e72fe0b4f836e50e047f5d757f3,False,False,False,False,False,,True,1446,2.0509175951682117
stagea__drawer-open__possession-grasped__locus-cabinet-side__support-demonstration-near__layout-a,v37_open_grasped_completion,drawer,action_intrinsic_pregrasp_bowl_registered_v1,29,383,12,f598f486a32782cc98bfad505745987af2a8f37f2e9c4aa94b4ec2f8b9fa8ae4,False,False,False,False,False,,True,1447,2.1055330528156633
stagea__drawer-open__possession-grasped__locus-cabinet-side__support-demonstration-near__layout-a,v37_open_grasped_completion,drawer,action_intrinsic_pregrasp_bowl_registered_v1,30,738,12,8eabf11d95595bb7c52a4944a62cc03da44e1f462b7ad8a09519f9c8d10286aa,True,False,True,False,False,209.0,True,1458,2.5969640446201323
stagea__drawer-open__possession-grasped__locus-cabinet-side__support-demonstration-near__layout-a,v37_open_grasped_completion,drawer,action_intrinsic_pregrasp_bowl_registered_v1,31,538,12,08ad1772331225b10cf37ff13b272f62c36cb63525e1e766a49b9b0fcb1a42c6,True,False,True,False,False,209.0,True,1454,2.603406589170687
stagea__drawer-open__possession-grasped__locus-cabinet-side__support-demonstration-near__layout-a,v37_open_grasped_completion,drawer,action_intrinsic_pregrasp_bowl_registered_v1,32,465,12,e0429b5fe21a733c15e4703fae6c590da9aaff3e0b059bfd634952b78272b52f,True,False,True,False,False,218.0,True,1439,2.1175397703908443
stagea__drawer-open__possession-grasped__locus-cabinet-side__support-demonstration-near__layout-a,v37_open_grasped_completion,drawer,action_intrinsic_pregrasp_bowl_registered_v1,33,449,12,f20bb3de976403a90113d79607775b68c63181b9aaba242dc0f356def02dad3e,False,False,False,False,False,,True,1486,2.907750862260696
stagea__drawer-open__possession-grasped__locus-cabinet-side__support-demonstration-near__layout-a,v37_open_grasped_completion,drawer,action_intrinsic_pregrasp_bowl_registered_v1,34,711,12,5fbc8383f1842247c97b8be8ec4cb5a910eaea56fe8ac6bc4025f658f74279c2,False,False,False,False,False,,True,1469,1.9851413574711605
stagea__drawer-open__possession-grasped__locus-cabinet-side__support-demonstration-near__layout-a,v37_open_grasped_completion,drawer,action_intrinsic_pregrasp_bowl_registered_v1,35,387,12,a6b95196dd651f801df5eb0aaac15cabaa4501ebba68b07e61bc42d336c598b2,False,False,False,False,False,,True,1503,2.169497965094247
stagea__drawer-open__possession-grasped__locus-cabinet-side__support-demonstration-near__layout-b,v31_open_hard_pair,cabinet,full_trajectory_replay,0,438,18,fc624695eb2d39b20e511c8ac6df4923b6bff3cff56ff389622f45310e9278c2,False,False,False,False,False,,,1056,1.8582911843966248
stagea__drawer-open__possession-grasped__locus-cabinet-side__support-demonstration-near__layout-b,v31_open_hard_pair,cabinet,full_trajectory_replay,1,712,18,9af535ed5943f0efe94c6e6136614fdd45017940a69a8267687e68416905a9d8,False,False,False,False,False,,,1057,1.8981991902348336
stagea__drawer-open__possession-grasped__locus-cabinet-side__support-demonstration-near__layout-b,v31_open_hard_pair,cabinet,full_trajectory_replay,2,669,18,bb63603def241e17b02c89c5513d1ef93cf75f47c260b5b139f120acf22c26f8,False,False,False,False,False,,,1058,1.817295331306334
stagea__drawer-open__possession-grasped__locus-cabinet-side__support-demonstration-near__layout-b,v31_open_hard_pair,cabinet,full_trajectory_replay,3,590,18,0348abe806a47069551301e2e86e25fcca5b8db8fd3f5b128630180e19057a9c,False,False,False,False,False,,,1060,1.8981556061924483
stagea__drawer-open__possession-grasped__locus-cabinet-side__support-demonstration-near__layout-b,v31_open_hard_pair,cabinet,full_trajectory_replay,4,597,18,3bd590038acfecf91321ca683267c834fb8ebbd4f559e5fd8f89bf1dda561e9f,False,False,False,False,False,,,1060,1.7104641022252283
stagea__drawer-open__possession-grasped__locus-cabinet-side__support-demonstration-near__layout-b,v31_open_hard_pair,cabinet,full_trajectory_replay,5,660,18,082d8ee4933e7774b752cd6fbf2ea76a20ff927bf4afa8bd09b7ddc47aefba34,False,False,False,False,False,,,1060,1.7206566835336568
stagea__drawer-open__possession-grasped__locus-cabinet-side__support-demonstration-near__layout-b,v31_open_hard_pair,cabinet,full_trajectory_replay,6,458,18,4d4a24b15ada9177614865d055b4dccd354dd4ce8dac9eb391c68984fc50691e,False,False,False,False,False,,,1061,1.9074828506588561
stagea__drawer-open__possession-grasped__locus-cabinet-side__support-demonstration-near__layout-b,v31_open_hard_pair,cabinet,full_trajectory_replay,7,573,18,2e42787c67b5b157b79e3c3b2980a13563d41b4cbf69a9279c710d30a6292e92,False,False,False,False,False,,,1061,1.7513560504802523
stagea__drawer-open__possession-grasped__locus-cabinet-side__support-demonstration-near__layout-b,v31_open_hard_pair,cabinet,full_trajectory_replay,8,681,18,32bf1db8cfb866d929b97eaf4f6ad55599246fef24edf68fea15ede3b5cf005e,False,False,False,False,False,,,1061,1.8597572009519332
stagea__drawer-open__possession-grasped__locus-cabinet-side__support-demonstration-near__layout-b,v31_open_hard_pair,cabinet,full_trajectory_replay,9,452,18,016fe7cdd6622e9f77775f108f3cb4e4f836ec330ac07003f39fb7e5dbd594d5,False,False,False,False,False,,,1063,1.7782430787670467
stagea__drawer-open__possession-grasped__locus-cabinet-side__support-demonstration-near__layout-b,v31_open_hard_pair,cabinet,full_trajectory_replay,10,775,18,b7e8758503c46c2273a688c9d98a5cbf14447ba59301bb326ca3a9078d7ea079,False,False,False,False,False,,,1063,1.9330950628267707
stagea__drawer-open__possession-grasped__locus-cabinet-side__support-demonstration-near__layout-b,v31_open_hard_pair,cabinet,full_trajectory_replay,11,665,18,a4a985f59f32ec185896dca87996aa455a720e318f579d3c58b2a88d391ef2bd,False,False,False,False,False,,,1065,1.7796239106098346
stagea__drawer-open__possession-grasped__locus-cabinet-side__support-demonstration-near__layout-b,v31_open_hard_pair,cabinet,full_trajectory_replay,12,444,18,4d00108fccbba095038c80424e863deb2221dea2d50d4f2c5a3442f48d6466a2,False,False,False,False,False,,,1066,1.7758066659615335
stagea__drawer-open__possession-grasped__locus-cabinet-side__support-demonstration-near__layout-b,v31_open_hard_pair,cabinet,full_trajectory_replay,13,501,18,033327dbdb43b4bfddc6ed286bf6f8e8a6112ffe991905c700c75ec0676b386c,False,False,False,False,False,,,1066,1.8663992067634316
stagea__drawer-open__possession-grasped__locus-cabinet-side__support-demonstration-near__layout-b,v31_open_hard_pair,cabinet,full_trajectory_replay,14,638,18,a8d81987e6f0f385619548c3982d9078c5c54a76d95ade16b8a982ad08234932,False,False,False,False,False,,,1066,1.8308885241849406
stagea__drawer-open__possession-grasped__locus-cabinet-side__support-demonstration-near__layout-b,v31_open_hard_pair,cabinet,full_trajectory_replay,15,674,18,9b9937400a6e113f3901f66bf04dbac00fcbef6b9d999843ef0c651c1d76ce93,False,False,False,False,False,,,1066,1.9200358449658794
stagea__drawer-open__possession-grasped__locus-cabinet-side__support-demonstration-near__layout-b,v31_open_hard_pair,cabinet,full_trajectory_replay,16,493,18,6cd7e138d3e7108f26e5396426d285829d7a3044a5068557110ad529c60f88fb,False,False,False,False,False,,,1067,1.9006631214623197
stagea__drawer-open__possession-grasped__locus-cabinet-side__support-demonstration-near__layout-b,v31_open_hard_pair,cabinet,full_trajectory_replay,17,636,18,0a4fa289713d5467f4f401adaef6d834685933041fe590343f19ee059e605170,False,False,False,False,False,,,1067,1.782659906881406
stagea__drawer-open__possession-grasped__locus-cabinet-side__support-demonstration-near__layout-b,v31_open_hard_pair,cabinet,full_trajectory_replay,18,699,18,9504ca4f990d01cd111eed0f44cf9f286704e69d2bef21680ad53de5b6c6e501,False,False,False,False,False,,,1067,2.002126325581388
stagea__drawer-open__possession-grasped__locus-cabinet-side__support-demonstration-near__layout-b,v31_open_hard_pair,cabinet,full_trajectory_replay,19,456,18,fe869cc76141d5cbf6d64ee2c3c80a872e3f32bfcb5763bfe38221d3c6f8774f,False,False,False,False,False,,,1068,1.93002216622207
stagea__drawer-open__possession-grasped__locus-cabinet-side__support-demonstration-near__layout-b,v31_open_hard_pair,cabinet,full_trajectory_replay,20,570,18,c2d4c5bdce9483b0609598e4bd984122284c5eef5a4d26eac9681c616139a807,False,False,False,False,False,,,1068,1.8259162540803322
stagea__drawer-open__possession-grasped__locus-cabinet-side__support-demonstration-near__layout-b,v31_open_hard_pair,cabinet,full_trajectory_replay,21,662,18,9b8d4f7149a62a256faa3e7ea0e5c2f3125d95bea41d4c479b86904e2d505dcf,False,False,False,False,False,,,1068,1.8719737791588462
stagea__drawer-open__possession-grasped__locus-cabinet-side__support-demonstration-near__layout-b,v31_open_hard_pair,cabinet,full_trajectory_replay,22,732,18,c3b4ba9df80cca1c1bc20693376c230d3bc01ba9f981bb21aff3d94f5df62a66,False,False,False,False,False,,,1068,1.8070756737729288
stagea__drawer-open__possession-grasped__locus-cabinet-side__support-demonstration-near__layout-b,v31_open_hard_pair,cabinet,full_trajectory_replay,23,505,18,69ffa114adff6ac44594f47b51bd23b379470a0da01eb7ed63f3d8a0d4c8775a,False,False,False,False,False,,,1069,1.9031743146729254
stagea__drawer-open__possession-grasped__locus-cabinet-side__support-demonstration-near__layout-b,v31_open_hard_pair,cabinet,full_trajectory_replay,24,630,18,d47820b50d009ef5f221017fa25bcb7f75e7cde874bf13cd4a5f40b7d49fe74f,False,False,False,False,False,,,1069,1.7579282652331345
stagea__drawer-open__possession-grasped__locus-cabinet-side__support-demonstration-near__layout-b,v31_open_hard_pair,cabinet,full_trajectory_replay,25,743,18,1df868b0e126de6c747a3392f2ae0135f2089140e79694115da746d261455e76,False,False,False,False,False,,,1069,1.8780741764296307
stagea__drawer-open__possession-grasped__locus-cabinet-side__support-demonstration-near__layout-b,v31_open_hard_pair,cabinet,full_trajectory_replay,26,398,18,dddc06067bf84b0019a1cf050048e588df918f7768911fa406ce110da9ad4689,False,False,False,False,False,,,1070,1.7938425292507416
stagea__drawer-open__possession-grasped__locus-cabinet-side__support-demonstration-near__layout-b,v31_open_hard_pair,cabinet,full_trajectory_replay,27,446,18,171014841f360ccb7f224b68357849b87ebcfb38ea27c23f8309cdfd830c7760,False,False,False,False,False,,,1070,1.9460169457112713
stagea__drawer-open__possession-grasped__locus-cabinet-side__support-demonstration-near__layout-b,v31_open_hard_pair,cabinet,full_trajectory_replay,28,724,18,8bbb07bf3048a11cd3879887766413ad6a041eb78ef54667a0528d0ab13f7c0c,False,False,False,False,False,,,1071,1.801894769016473
stagea__drawer-open__possession-grasped__locus-cabinet-side__support-demonstration-near__layout-b,v31_open_hard_pair,cabinet,full_trajectory_replay,29,521,18,f404e35757cca7351a7956c0091493689bcae213ebc3f600ad9ca7ec35cc19d8,False,False,False,False,False,,,1072,1.813931546319048
stagea__drawer-open__possession-grasped__locus-cabinet-side__support-demonstration-near__layout-b,v31_open_hard_pair,cabinet,full_trajectory_replay,30,791,18,ab8bc2c0ead1910b94bd3b22c327af072be2575c2b190a011406f4f7286f5de9,False,False,False,False,False,,,1072,1.8586507783592578
stagea__drawer-open__possession-grasped__locus-cabinet-side__support-demonstration-near__layout-b,v31_open_hard_pair,cabinet,full_trajectory_replay,31,474,18,5d93ae0bbe8618d7ad32e89a85261166b35dec3bcaa972751dddbaae8f07150c,True,True,True,False,False,86.0,,1057,1.8885311053482208
stagea__drawer-open__possession-grasped__locus-cabinet-side__support-demonstration-near__layout-b,v31_open_hard_pair,cabinet,full_trajectory_replay,32,514,18,f0570adf2e2cdf55ef01180c8cf15f14c96b33219a8bdcfb110accc19eb31f44,False,False,False,False,False,,,1073,2.0447324496125288
stagea__drawer-open__possession-grasped__locus-cabinet-side__support-demonstration-near__layout-b,v31_open_hard_pair,cabinet,full_trajectory_replay,33,793,18,321fba85a693c5b82c8fc5d19d784724998b7ca98e765b826b728c3015762066,False,False,False,False,False,,,1073,1.9344405990082656
stagea__drawer-open__possession-grasped__locus-cabinet-side__support-demonstration-near__layout-b,v31_open_hard_pair,cabinet,full_trajectory_replay,34,608,18,51b3f339ae2711ec2dee1dcd740cd2c0f3834f5ec75aa5be171a8aabfa384705,False,False,False,False,False,,,1074,1.8019281393904227
stagea__drawer-open__possession-grasped__locus-cabinet-side__support-demonstration-near__layout-b,v31_open_hard_pair,cabinet,full_trajectory_replay,35,696,18,27ac40ae5b0142c7d2dd195b068a73088bc3ab3ec1564e44ffca7f7e715939b7,False,False,False,False,False,,,1074,1.8218775156983793
stagea__drawer-open__possession-grasped__locus-cabinet-side__support-demonstration-near__layout-b,v31_open_hard_pair,cabinet,full_trajectory_replay,36,661,18,79a603a018e5f911a590ae269ad2060c3e7efd307ce515d5e88df99491a895e8,False,False,False,False,False,,,1075,1.8715155396049599
stagea__drawer-open__possession-grasped__locus-cabinet-side__support-demonstration-near__layout-b,v31_open_hard_pair,cabinet,full_trajectory_replay,37,745,18,aa1a3bff114b4b0887abbac25cd7b26200e2b2d232d51d48484012ca3ac3efce,False,False,False,False,False,,,1075,1.9215165954416638
stagea__drawer-open__possession-grasped__locus-cabinet-side__support-demonstration-near__layout-b,v31_open_hard_pair,cabinet,full_trajectory_replay,38,767,18,bbf383faef21636081e61ca9fa795f26d897115b2e20fe6c0265b2d8e57172af,False,False,False,False,False,,,1075,1.8157838181605792
stagea__drawer-open__possession-grasped__locus-cabinet-side__support-demonstration-near__layout-b,v31_open_hard_pair,cabinet,full_trajectory_replay,39,702,18,3fb5394b81ace7223fa4dc390332e7caab954344c8941276b13b63b0de1c2138,False,False,False,False,False,,,1076,1.8102540307444066
stagea__drawer-open__possession-grasped__locus-cabinet-side__support-demonstration-near__layout-b,v31_open_hard_pair,cabinet,full_trajectory_replay,40,794,18,dcf5210e4570b197e56bdf6a478e82d539aed8c6cdfe5c988d35706a308b1cca,False,False,False,False,False,,,1078,1.8223588901458065
stagea__drawer-open__possession-grasped__locus-cabinet-side__support-demonstration-near__layout-b,v31_open_hard_pair,cabinet,full_trajectory_replay,41,689,18,aa0ba50ca5b7f2632e0e1a5e2bb54df31c7b6cda867839b03bdd0567c6411689,False,False,False,False,False,,,1079,1.8649096383967858
stagea__drawer-open__possession-grasped__locus-cabinet-side__support-demonstration-near__layout-b,v31_open_hard_pair,cabinet,full_trajectory_replay,42,402,18,8d680111f934c94908dcb0f1528eef18063eb08cd7ed0c0a56e84debd7464d8c,False,False,False,False,False,,,1080,1.8964077897828375
stagea__drawer-open__possession-grasped__locus-cabinet-side__support-demonstration-near__layout-b,v31_open_hard_pair,cabinet,full_trajectory_replay,43,731,18,5be6d721a6fca1ef425074e8042fb05a80633e90f73f84091fca7a570ba71c84,False,False,False,False,False,,,1082,1.8626645451362922
stagea__drawer-open__possession-grasped__locus-cabinet-side__support-demonstration-near__layout-b,v31_open_hard_pair,cabinet,full_trajectory_replay,44,601,18,356b2a75f9d362a1cfb0d6e3fdb65c08269c619643db134c6cedc24fe14feff4,False,False,False,False,False,,,1090,1.9302582947153997
stagea__drawer-open__possession-grasped__locus-cabinet-side__support-demonstration-near__layout-b,v31_open_hard_pair,cabinet,full_trajectory_replay,45,706,18,239ae28404bef990e918f40b44f2aa59e45059ea0befe4a202d06f573aa4c5fd,False,False,False,False,False,,,1093,1.9413276692544583
stagea__drawer-open__possession-grasped__locus-cabinet-side__support-demonstration-near__layout-b,v31_open_hard_pair,drawer,full_trajectory_replay,0,576,12,c4dc33e0754f25efdaa87c75195a9e18ba603fd17aa500a5ab8751927234e465,False,False,False,False,False,,,1140,2.3193741367527565
stagea__drawer-open__possession-grasped__locus-cabinet-side__support-demonstration-near__layout-b,v31_open_hard_pair,drawer,full_trajectory_replay,1,694,12,e4d0e6805b6a960d0454858721550b66c578ada98014d5f852301b7bccee4c6e,False,False,False,False,False,,,1143,2.221812908725635
stagea__drawer-open__possession-grasped__locus-cabinet-side__support-demonstration-near__layout-b,v31_open_hard_pair,drawer,full_trajectory_replay,2,614,12,e61d01ded7ab086478e718b79d5a82f3b03ba2f66dca79962533600239750733,False,False,False,False,False,,,1146,2.2232418029444654
stagea__drawer-open__possession-grasped__locus-cabinet-side__support-demonstration-near__layout-b,v31_open_hard_pair,drawer,full_trajectory_replay,3,382,12,f26c8e95841a34fdf898d203d26239d6a90e1c07c81f581944655edeb4f60915,False,False,False,False,False,,,1147,2.258001770783908
stagea__drawer-open__possession-grasped__locus-cabinet-side__support-demonstration-near__layout-b,v31_open_hard_pair,drawer,full_trajectory_replay,4,526,12,8ebeecff1ddaa357856da5ef867f3055f43a1fe01692dd469542c151b39ea3fc,True,True,True,False,False,165.0,,1136,2.335542700189744
stagea__drawer-open__possession-grasped__locus-cabinet-side__support-demonstration-near__layout-b,v31_open_hard_pair,drawer,full_trajectory_replay,5,594,12,d5c8812af2a306355bb71a52c35164f93ef95ab0ec2a57638db05edb030de728,False,False,False,False,False,,,1148,2.2062643478312247
stagea__drawer-open__possession-grasped__locus-cabinet-side__support-demonstration-near__layout-b,v31_open_hard_pair,drawer,full_trajectory_replay,6,559,12,6338c79a0fb6aadb247d383c82552982be98a0fe67a07210aa6cdbb957870a0e,False,False,False,False,False,,,1152,2.197040789843583
stagea__drawer-open__possession-grasped__locus-cabinet-side__support-demonstration-near__layout-b,v31_open_hard_pair,drawer,full_trajectory_replay,7,624,12,adb56e3ec63a390538504dce7dbcfce5bc5f780cf2a323a68559c4952810dca4,False,False,False,False,False,,,1153,2.235515883282707
stagea__drawer-open__possession-grasped__locus-cabinet-side__support-demonstration-near__layout-b,v31_open_hard_pair,drawer,full_trajectory_replay,8,560,12,257886fa56c8ca594b7a52c9ba5c2ece42a4910673fe22140ee0be23dedc7fed,False,False,False,False,False,,,1154,2.164105669754206
stagea__drawer-open__possession-grasped__locus-cabinet-side__support-demonstration-near__layout-b,v31_open_hard_pair,drawer,full_trajectory_replay,9,627,12,54c3e36183cf5ef2a823d528e9503368965fc007ae422f9ac129decd6be47724,False,False,False,False,False,,,1154,2.226820296816601
stagea__drawer-open__possession-grasped__locus-cabinet-side__support-demonstration-near__layout-b,v31_open_hard_pair,drawer,full_trajectory_replay,10,684,12,4b41c4e5e61e059c2e83642794a66dcb58b90e9370db1b39755f83c021da75d2,False,False,False,False,False,,,1154,2.2007999673332206
stagea__drawer-open__possession-grasped__locus-cabinet-side__support-demonstration-near__layout-b,v31_open_hard_pair,drawer,full_trajectory_replay,11,409,12,e8aa2651d0fba6006bbd1ce8844606d4c1e24568d5b42dae3098ea158f05f04f,False,False,False,False,False,,,1155,2.1109934409219946
stagea__drawer-open__possession-grasped__locus-cabinet-side__support-demonstration-near__layout-b,v31_open_hard_pair,drawer,full_trajectory_replay,12,548,12,8039f55efc1d3b2afff01d9544afe9a27c13a9fde71ed489cc1888b03d05d72d,False,False,False,False,False,,,1156,2.196963144118783
stagea__drawer-open__possession-grasped__locus-cabinet-side__support-demonstration-near__layout-b,v31_open_hard_pair,drawer,full_trajectory_replay,13,742,12,db2e8c6a4ceb523133f51e21d0d31a8320ab88d1c0c7c0b124435499ea21a230,False,False,False,False,False,,,1157,2.2769556080367863
stagea__drawer-open__possession-grasped__locus-cabinet-side__support-demonstration-near__layout-b,v31_open_hard_pair,drawer,full_trajectory_replay,14,790,12,92034ebae21e287f92cdafcaaf1c4cc9ca7d732c105e28653f41c814086a107c,False,False,False,False,False,,,1157,2.201046439734849
stagea__drawer-open__possession-grasped__locus-cabinet-side__support-demonstration-near__layout-b,v31_open_hard_pair,drawer,full_trajectory_replay,15,534,12,47ec06d84d5536c7bc2c903e0f4bc40c38674a2cc7e48d22e791a529d149c23f,False,False,False,False,False,,,1158,2.178441112108519
stagea__drawer-open__possession-grasped__locus-cabinet-side__support-demonstration-near__layout-b,v31_open_hard_pair,drawer,full_trajectory_replay,16,498,12,f6ffd6f59a512dc3d6da39d1c991a246f1f6c4fda28c9c6951d1ead81b79d73e,False,False,False,False,False,,,1160,2.378787683066793
stagea__drawer-open__possession-grasped__locus-cabinet-side__support-demonstration-near__layout-b,v31_open_hard_pair,drawer,full_trajectory_replay,17,737,12,24d53009f0c5a3917d02b3366eb875314813a60de3081d1bf69f19e04fcfd2ec,False,False,False,False,False,,,1164,2.337342770281121
stagea__drawer-open__possession-grasped__locus-cabinet-side__support-demonstration-near__layout-b,v31_open_hard_pair,drawer,full_trajectory_replay,18,489,12,548f110a2e4050299ae8b3a610c9806b51995a65b74f8a79b83dece3b9636a3f,False,False,False,False,False,,,1165,2.5067496581555484
stagea__drawer-open__possession-grasped__locus-cabinet-side__support-demonstration-near__layout-b,v31_open_hard_pair,drawer,full_trajectory_replay,19,784,12,d61fad8212342e13bc37c975339f3effa6841a3166deace8fa063482deeb95c4,False,False,False,False,False,,,1166,2.3380787708726807
stagea__drawer-open__possession-grasped__locus-cabinet-side__support-demonstration-near__layout-b,v31_open_hard_pair,drawer,full_trajectory_replay,20,701,12,4b63123279f4f228439254b39a178ae1dc4773dc6dc6d53eb6d453f24e40eda3,False,False,False,False,False,,,1168,2.2703451956280185
stagea__drawer-open__possession-grasped__locus-cabinet-side__support-demonstration-near__layout-b,v31_open_hard_pair,drawer,full_trajectory_replay,21,416,12,41b4ab3c6eab78d6c7d147d6b7319f520c6dafa8eee44a2166e002b28cb2fdfd,False,False,False,False,False,,,1169,2.1927724194877944
stagea__drawer-open__possession-grasped__locus-cabinet-side__support-demonstration-near__layout-b,v31_open_hard_pair,drawer,full_trajectory_replay,22,462,12,40dafe57a26443dcd16aaaca097715e50661a8f0bc112c64947bc2ee28c75703,False,False,False,False,False,,,1169,2.3715451593598305
stagea__drawer-open__possession-grasped__locus-cabinet-side__support-demonstration-near__layout-b,v31_open_hard_pair,drawer,full_trajectory_replay,23,494,12,93f39f1498437ddba0efc6eb059cd2b642ab544fab2f3336525878a4763097d4,False,False,False,False,False,,,1169,2.2185696443621725
stagea__drawer-open__possession-grasped__locus-cabinet-side__support-demonstration-near__layout-b,v31_open_hard_pair,drawer,full_trajectory_replay,24,414,12,9ec592154057d5c791bd6ea65380646ea92cd0d23d38116bae61bcd4d9af6daa,True,False,True,False,False,189.0,,1160,2.450275579761353
stagea__drawer-open__possession-grasped__locus-cabinet-side__support-demonstration-near__layout-b,v31_open_hard_pair,drawer,full_trajectory_replay,25,523,12,eff93d2d3123718e86e9f1b41fb58d6a377fbec3687a6300f32204f553b41906,False,False,False,False,False,,,1172,2.469923234372949
stagea__drawer-open__possession-grasped__locus-cabinet-side__support-demonstration-near__layout-b,v31_open_hard_pair,drawer,full_trajectory_replay,26,762,12,5a6ad00de32247a9c04c1b1ae331ac99f700b26de0552cc1171848d4a8682ec3,False,False,False,False,False,,,1172,2.335867574779728
stagea__drawer-open__possession-grasped__locus-cabinet-side__support-demonstration-near__layout-b,v31_open_hard_pair,drawer,full_trajectory_replay,27,758,12,908f23fecbfd35ae5c9dcbedd3858d03ec11dd138bb2dab0f43ee0d4574695b4,False,False,False,False,False,,,1179,2.3080460122628144
stagea__drawer-open__possession-grasped__locus-cabinet-side__support-demonstration-near__layout-b,v31_open_hard_pair,drawer,full_trajectory_replay,28,782,12,de7cef4f6a636948f4190f834219967d71ea3e72fe0b4f836e50e047f5d757f3,False,False,False,False,False,,,1185,2.2455019111975734
stagea__drawer-open__possession-grasped__locus-cabinet-side__support-demonstration-near__layout-b,v31_open_hard_pair,drawer,full_trajectory_replay,29,383,12,f598f486a32782cc98bfad505745987af2a8f37f2e9c4aa94b4ec2f8b9fa8ae4,False,False,False,False,False,,,1188,2.235045654769981
stagea__drawer-open__possession-grasped__locus-cabinet-side__support-demonstration-near__layout-b,v31_open_hard_pair,drawer,full_trajectory_replay,30,738,12,8eabf11d95595bb7c52a4944a62cc03da44e1f462b7ad8a09519f9c8d10286aa,False,False,False,False,False,,,1189,2.5576300728691956
stagea__drawer-open__possession-grasped__locus-cabinet-side__support-demonstration-near__layout-b,v31_open_hard_pair,drawer,full_trajectory_replay,31,538,12,08ad1772331225b10cf37ff13b272f62c36cb63525e1e766a49b9b0fcb1a42c6,False,False,False,False,False,,,1191,2.6289124047732795
stagea__drawer-open__possession-grasped__locus-cabinet-side__support-demonstration-near__layout-b,v31_open_hard_pair,drawer,full_trajectory_replay,32,465,12,e0429b5fe21a733c15e4703fae6c590da9aaff3e0b059bfd634952b78272b52f,False,False,False,False,False,,,1197,2.2974283547430367
stagea__drawer-open__possession-grasped__locus-cabinet-side__support-demonstration-near__layout-b,v31_open_hard_pair,drawer,full_trajectory_replay,33,449,12,f20bb3de976403a90113d79607775b68c63181b9aaba242dc0f356def02dad3e,False,False,False,False,False,,,1219,2.8323985286391045
stagea__drawer-open__possession-grasped__locus-cabinet-side__support-demonstration-near__layout-b,v31_open_hard_pair,drawer,full_trajectory_replay,34,711,12,5fbc8383f1842247c97b8be8ec4cb5a910eaea56fe8ac6bc4025f658f74279c2,False,False,False,False,False,,,1221,2.3819470048956743
stagea__drawer-open__possession-grasped__locus-cabinet-side__support-demonstration-near__layout-b,v31_open_hard_pair,drawer,full_trajectory_replay,35,387,12,a6b95196dd651f801df5eb0aaac15cabaa4501ebba68b07e61bc42d336c598b2,False,False,False,False,False,,,1240,2.6424601576474753
stagea__drawer-open__possession-grasped__locus-cabinet-side__support-transverse-low-support__layout-a,v38_factorized_promotion,cabinet,action_intrinsic_pregrasp_bowl_registered_v1,0,438,18,fc624695eb2d39b20e511c8ac6df4923b6bff3cff56ff389622f45310e9278c2,False,False,False,False,False,,True,1395,1.8391813454945491
stagea__drawer-open__possession-grasped__locus-cabinet-side__support-transverse-low-support__layout-a,v38_factorized_promotion,cabinet,action_intrinsic_pregrasp_bowl_registered_v1,1,712,18,9af535ed5943f0efe94c6e6136614fdd45017940a69a8267687e68416905a9d8,False,False,False,False,False,,True,1396,1.7211275463057207
stagea__drawer-open__possession-grasped__locus-cabinet-side__support-transverse-low-support__layout-a,v38_factorized_promotion,cabinet,action_intrinsic_pregrasp_bowl_registered_v1,2,669,18,bb63603def241e17b02c89c5513d1ef93cf75f47c260b5b139f120acf22c26f8,False,False,False,False,False,,True,1397,1.7855564907046722
stagea__drawer-open__possession-grasped__locus-cabinet-side__support-transverse-low-support__layout-a,v38_factorized_promotion,cabinet,action_intrinsic_pregrasp_bowl_registered_v1,3,590,18,0348abe806a47069551301e2e86e25fcca5b8db8fd3f5b128630180e19057a9c,False,False,False,False,False,,True,1399,1.7749257228726791
stagea__drawer-open__possession-grasped__locus-cabinet-side__support-transverse-low-support__layout-a,v38_factorized_promotion,cabinet,action_intrinsic_pregrasp_bowl_registered_v1,4,597,18,3bd590038acfecf91321ca683267c834fb8ebbd4f559e5fd8f89bf1dda561e9f,False,False,False,False,False,,True,1399,1.6961521373950388
stagea__drawer-open__possession-grasped__locus-cabinet-side__support-transverse-low-support__layout-a,v38_factorized_promotion,cabinet,action_intrinsic_pregrasp_bowl_registered_v1,5,660,18,082d8ee4933e7774b752cd6fbf2ea76a20ff927bf4afa8bd09b7ddc47aefba34,False,False,False,False,False,,True,1399,1.6965411112288606
stagea__drawer-open__possession-grasped__locus-cabinet-side__support-transverse-low-support__layout-a,v38_factorized_promotion,cabinet,action_intrinsic_pregrasp_bowl_registered_v1,6,458,18,4d4a24b15ada9177614865d055b4dccd354dd4ce8dac9eb391c68984fc50691e,False,False,False,False,False,,True,1400,1.7479825815043992
stagea__drawer-open__possession-grasped__locus-cabinet-side__support-transverse-low-support__layout-a,v38_factorized_promotion,cabinet,action_intrinsic_pregrasp_bowl_registered_v1,7,573,18,2e42787c67b5b157b79e3c3b2980a13563d41b4cbf69a9279c710d30a6292e92,False,False,False,False,False,,True,1400,1.7396064716967676
stagea__drawer-open__possession-grasped__locus-cabinet-side__support-transverse-low-support__layout-a,v38_factorized_promotion,cabinet,action_intrinsic_pregrasp_bowl_registered_v1,8,681,18,32bf1db8cfb866d929b97eaf4f6ad55599246fef24edf68fea15ede3b5cf005e,False,False,False,False,False,,True,1400,1.7087416953126309
stagea__drawer-open__possession-grasped__locus-cabinet-side__support-transverse-low-support__layout-a,v38_factorized_promotion,cabinet,action_intrinsic_pregrasp_bowl_registered_v1,9,452,18,016fe7cdd6622e9f77775f108f3cb4e4f836ec330ac07003f39fb7e5dbd594d5,False,False,False,False,False,,True,1402,1.738385850659706
stagea__drawer-open__possession-grasped__locus-cabinet-side__support-transverse-low-support__layout-a,v38_factorized_promotion,cabinet,action_intrinsic_pregrasp_bowl_registered_v1,10,775,18,b7e8758503c46c2273a688c9d98a5cbf14447ba59301bb326ca3a9078d7ea079,False,False,False,False,False,,True,1402,1.803483592269076
stagea__drawer-open__possession-grasped__locus-cabinet-side__support-transverse-low-support__layout-a,v38_factorized_promotion,cabinet,action_intrinsic_pregrasp_bowl_registered_v1,11,665,18,a4a985f59f32ec185896dca87996aa455a720e318f579d3c58b2a88d391ef2bd,False,False,False,False,False,,True,1404,1.7183957064153677
stagea__drawer-open__possession-grasped__locus-cabinet-side__support-transverse-low-support__layout-a,v38_factorized_promotion,cabinet,action_intrinsic_pregrasp_bowl_registered_v1,12,444,18,4d00108fccbba095038c80424e863deb2221dea2d50d4f2c5a3442f48d6466a2,False,False,False,False,False,,True,1405,1.7228277659002336
stagea__drawer-open__possession-grasped__locus-cabinet-side__support-transverse-low-support__layout-a,v38_factorized_promotion,cabinet,action_intrinsic_pregrasp_bowl_registered_v1,13,501,18,033327dbdb43b4bfddc6ed286bf6f8e8a6112ffe991905c700c75ec0676b386c,False,False,False,False,False,,True,1405,1.905270122130917
stagea__drawer-open__possession-grasped__locus-cabinet-side__support-transverse-low-support__layout-a,v38_factorized_promotion,cabinet,action_intrinsic_pregrasp_bowl_registered_v1,14,638,18,a8d81987e6f0f385619548c3982d9078c5c54a76d95ade16b8a982ad08234932,False,False,False,False,False,,True,1405,1.9476347306554345
stagea__drawer-open__possession-grasped__locus-cabinet-side__support-transverse-low-support__layout-a,v38_factorized_promotion,cabinet,action_intrinsic_pregrasp_bowl_registered_v1,15,674,18,9b9937400a6e113f3901f66bf04dbac00fcbef6b9d999843ef0c651c1d76ce93,False,False,False,False,False,,True,1405,1.7608450603121428
stagea__drawer-open__possession-grasped__locus-cabinet-side__support-transverse-low-support__layout-a,v38_factorized_promotion,cabinet,action_intrinsic_pregrasp_bowl_registered_v1,16,493,18,6cd7e138d3e7108f26e5396426d285829d7a3044a5068557110ad529c60f88fb,False,False,False,False,False,,True,1406,1.7970623091109892
stagea__drawer-open__possession-grasped__locus-cabinet-side__support-transverse-low-support__layout-a,v38_factorized_promotion,cabinet,action_intrinsic_pregrasp_bowl_registered_v1,17,636,18,0a4fa289713d5467f4f401adaef6d834685933041fe590343f19ee059e605170,False,False,False,False,False,,True,1406,1.7679445706671315
stagea__drawer-open__possession-grasped__locus-cabinet-side__support-transverse-low-support__layout-a,v38_factorized_promotion,cabinet,action_intrinsic_pregrasp_bowl_registered_v1,18,699,18,9504ca4f990d01cd111eed0f44cf9f286704e69d2bef21680ad53de5b6c6e501,False,False,False,False,False,,True,1406,1.9543964036332775
stagea__drawer-open__possession-grasped__locus-cabinet-side__support-transverse-low-support__layout-a,v38_factorized_promotion,cabinet,action_intrinsic_pregrasp_bowl_registered_v1,19,456,18,fe869cc76141d5cbf6d64ee2c3c80a872e3f32bfcb5763bfe38221d3c6f8774f,False,False,False,False,False,,True,1407,1.9024773238116781
stagea__drawer-open__possession-grasped__locus-cabinet-side__support-transverse-low-support__layout-a,v38_factorized_promotion,cabinet,action_intrinsic_pregrasp_bowl_registered_v1,20,570,18,c2d4c5bdce9483b0609598e4bd984122284c5eef5a4d26eac9681c616139a807,False,False,False,False,False,,True,1407,1.7902280714362382
stagea__drawer-open__possession-grasped__locus-cabinet-side__support-transverse-low-support__layout-a,v38_factorized_promotion,cabinet,action_intrinsic_pregrasp_bowl_registered_v1,21,662,18,9b8d4f7149a62a256faa3e7ea0e5c2f3125d95bea41d4c479b86904e2d505dcf,False,False,False,False,False,,True,1407,1.750513608652469
stagea__drawer-open__possession-grasped__locus-cabinet-side__support-transverse-low-support__layout-a,v38_factorized_promotion,cabinet,action_intrinsic_pregrasp_bowl_registered_v1,22,732,18,c3b4ba9df80cca1c1bc20693376c230d3bc01ba9f981bb21aff3d94f5df62a66,False,False,False,False,False,,True,1407,1.7764590049616404
stagea__drawer-open__possession-grasped__locus-cabinet-side__support-transverse-low-support__layout-a,v38_factorized_promotion,cabinet,action_intrinsic_pregrasp_bowl_registered_v1,23,505,18,69ffa114adff6ac44594f47b51bd23b379470a0da01eb7ed63f3d8a0d4c8775a,False,False,False,False,False,,True,1408,1.7724047854864737
stagea__drawer-open__possession-grasped__locus-cabinet-side__support-transverse-low-support__layout-a,v38_factorized_promotion,cabinet,action_intrinsic_pregrasp_bowl_registered_v1,24,630,18,d47820b50d009ef5f221017fa25bcb7f75e7cde874bf13cd4a5f40b7d49fe74f,False,False,False,False,False,,True,1408,1.716647866654101
stagea__drawer-open__possession-grasped__locus-cabinet-side__support-transverse-low-support__layout-a,v38_factorized_promotion,cabinet,action_intrinsic_pregrasp_bowl_registered_v1,25,743,18,1df868b0e126de6c747a3392f2ae0135f2089140e79694115da746d261455e76,False,False,False,False,False,,True,1408,1.679694018964386
stagea__drawer-open__possession-grasped__locus-cabinet-side__support-transverse-low-support__layout-a,v38_factorized_promotion,cabinet,action_intrinsic_pregrasp_bowl_registered_v1,26,398,18,dddc06067bf84b0019a1cf050048e588df918f7768911fa406ce110da9ad4689,False,False,False,False,False,,True,1409,1.7562862048278025
stagea__drawer-open__possession-grasped__locus-cabinet-side__support-transverse-low-support__layout-a,v38_factorized_promotion,cabinet,action_intrinsic_pregrasp_bowl_registered_v1,27,446,18,171014841f360ccb7f224b68357849b87ebcfb38ea27c23f8309cdfd830c7760,False,False,False,False,False,,True,1409,1.8148673177369652
stagea__drawer-open__possession-grasped__locus-cabinet-side__support-transverse-low-support__layout-a,v38_factorized_promotion,cabinet,action_intrinsic_pregrasp_bowl_registered_v1,28,724,18,8bbb07bf3048a11cd3879887766413ad6a041eb78ef54667a0528d0ab13f7c0c,False,False,False,False,False,,True,1410,1.7686595973082784
stagea__drawer-open__possession-grasped__locus-cabinet-side__support-transverse-low-support__layout-a,v38_factorized_promotion,cabinet,action_intrinsic_pregrasp_bowl_registered_v1,29,521,18,f404e35757cca7351a7956c0091493689bcae213ebc3f600ad9ca7ec35cc19d8,False,False,False,False,False,,True,1411,1.7865365584336756
stagea__drawer-open__possession-grasped__locus-cabinet-side__support-transverse-low-support__layout-a,v38_factorized_promotion,cabinet,action_intrinsic_pregrasp_bowl_registered_v1,30,791,18,ab8bc2c0ead1910b94bd3b22c327af072be2575c2b190a011406f4f7286f5de9,False,False,False,False,False,,True,1411,1.8895707438908467
stagea__drawer-open__possession-grasped__locus-cabinet-side__support-transverse-low-support__layout-a,v38_factorized_promotion,cabinet,action_intrinsic_pregrasp_bowl_registered_v1,31,474,18,5d93ae0bbe8618d7ad32e89a85261166b35dec3bcaa972751dddbaae8f07150c,False,False,False,False,False,,True,1412,1.9757589171780099
stagea__drawer-open__possession-grasped__locus-cabinet-side__support-transverse-low-support__layout-a,v38_factorized_promotion,cabinet,action_intrinsic_pregrasp_bowl_registered_v1,32,514,18,f0570adf2e2cdf55ef01180c8cf15f14c96b33219a8bdcfb110accc19eb31f44,False,False,False,False,False,,True,1412,1.8890301135279912
stagea__drawer-open__possession-grasped__locus-cabinet-side__support-transverse-low-support__layout-a,v38_factorized_promotion,cabinet,action_intrinsic_pregrasp_bowl_registered_v1,33,793,18,321fba85a693c5b82c8fc5d19d784724998b7ca98e765b826b728c3015762066,False,False,False,False,False,,True,1412,1.734633494115479
stagea__drawer-open__possession-grasped__locus-cabinet-side__support-transverse-low-support__layout-a,v38_factorized_promotion,cabinet,action_intrinsic_pregrasp_bowl_registered_v1,34,608,18,51b3f339ae2711ec2dee1dcd740cd2c0f3834f5ec75aa5be171a8aabfa384705,False,False,False,False,False,,True,1413,1.7460859766387404
stagea__drawer-open__possession-grasped__locus-cabinet-side__support-transverse-low-support__layout-a,v38_factorized_promotion,cabinet,action_intrinsic_pregrasp_bowl_registered_v1,35,696,18,27ac40ae5b0142c7d2dd195b068a73088bc3ab3ec1564e44ffca7f7e715939b7,False,False,False,False,False,,True,1413,1.783448883240062
stagea__drawer-open__possession-grasped__locus-cabinet-side__support-transverse-low-support__layout-a,v38_factorized_promotion,cabinet,action_intrinsic_pregrasp_bowl_registered_v1,36,661,18,79a603a018e5f911a590ae269ad2060c3e7efd307ce515d5e88df99491a895e8,False,False,False,False,False,,True,1414,1.8323273598904186
stagea__drawer-open__possession-grasped__locus-cabinet-side__support-transverse-low-support__layout-a,v38_factorized_promotion,cabinet,action_intrinsic_pregrasp_bowl_registered_v1,37,745,18,aa1a3bff114b4b0887abbac25cd7b26200e2b2d232d51d48484012ca3ac3efce,False,False,False,False,False,,True,1414,1.8616053238847008
stagea__drawer-open__possession-grasped__locus-cabinet-side__support-transverse-low-support__layout-a,v38_factorized_promotion,cabinet,action_intrinsic_pregrasp_bowl_registered_v1,38,767,18,bbf383faef21636081e61ca9fa795f26d897115b2e20fe6c0265b2d8e57172af,False,False,False,False,False,,True,1414,1.7535517133794851
stagea__drawer-open__possession-grasped__locus-cabinet-side__support-transverse-low-support__layout-a,v38_factorized_promotion,cabinet,action_intrinsic_pregrasp_bowl_registered_v1,39,702,18,3fb5394b81ace7223fa4dc390332e7caab954344c8941276b13b63b0de1c2138,False,False,False,False,False,,True,1415,1.8117352543313736
stagea__drawer-open__possession-grasped__locus-cabinet-side__support-transverse-low-support__layout-a,v38_factorized_promotion,cabinet,action_intrinsic_pregrasp_bowl_registered_v1,40,794,18,dcf5210e4570b197e56bdf6a478e82d539aed8c6cdfe5c988d35706a308b1cca,False,False,False,False,False,,True,1417,1.7892111690932428
stagea__drawer-open__possession-grasped__locus-cabinet-side__support-transverse-low-support__layout-a,v38_factorized_promotion,cabinet,action_intrinsic_pregrasp_bowl_registered_v1,41,689,18,aa0ba50ca5b7f2632e0e1a5e2bb54df31c7b6cda867839b03bdd0567c6411689,False,False,False,False,False,,True,1418,1.8170453385301624
stagea__drawer-open__possession-grasped__locus-cabinet-side__support-transverse-low-support__layout-a,v38_factorized_promotion,cabinet,action_intrinsic_pregrasp_bowl_registered_v1,42,402,18,8d680111f934c94908dcb0f1528eef18063eb08cd7ed0c0a56e84debd7464d8c,False,False,False,False,False,,True,1419,1.8638167643397159
stagea__drawer-open__possession-grasped__locus-cabinet-side__support-transverse-low-support__layout-a,v38_factorized_promotion,cabinet,action_intrinsic_pregrasp_bowl_registered_v1,43,731,18,5be6d721a6fca1ef425074e8042fb05a80633e90f73f84091fca7a570ba71c84,False,False,False,False,False,,True,1421,1.8528153847559685
stagea__drawer-open__possession-grasped__locus-cabinet-side__support-transverse-low-support__layout-a,v38_factorized_promotion,cabinet,action_intrinsic_pregrasp_bowl_registered_v1,44,601,18,356b2a75f9d362a1cfb0d6e3fdb65c08269c619643db134c6cedc24fe14feff4,False,False,False,False,False,,True,1429,1.8322545909671495
stagea__drawer-open__possession-grasped__locus-cabinet-side__support-transverse-low-support__layout-a,v38_factorized_promotion,cabinet,action_intrinsic_pregrasp_bowl_registered_v1,45,706,18,239ae28404bef990e918f40b44f2aa59e45059ea0befe4a202d06f573aa4c5fd,False,False,False,False,False,,True,1432,1.8638328908766821
stagea__drawer-open__possession-grasped__locus-cabinet-side__support-transverse-low-support__layout-a,v38_factorized_promotion,drawer,action_intrinsic_pregrasp_bowl_registered_v1,0,576,12,c4dc33e0754f25efdaa87c75195a9e18ba603fd17aa500a5ab8751927234e465,False,False,False,False,False,,False,1310,1.329714631263761
stagea__drawer-open__possession-grasped__locus-cabinet-side__support-transverse-low-support__layout-a,v38_factorized_promotion,drawer,action_intrinsic_pregrasp_bowl_registered_v1,1,694,12,e4d0e6805b6a960d0454858721550b66c578ada98014d5f852301b7bccee4c6e,True,True,True,False,False,158.0,True,1412,2.22705897589118
stagea__drawer-open__possession-grasped__locus-cabinet-side__support-transverse-low-support__layout-a,v38_factorized_promotion,drawer,action_intrinsic_pregrasp_bowl_registered_v1,2,614,12,e61d01ded7ab086478e718b79d5a82f3b03ba2f66dca79962533600239750733,False,False,False,False,False,,False,1310,1.3551604977778853
stagea__drawer-open__possession-grasped__locus-cabinet-side__support-transverse-low-support__layout-a,v38_factorized_promotion,drawer,action_intrinsic_pregrasp_bowl_registered_v1,3,382,12,f26c8e95841a34fdf898d203d26239d6a90e1c07c81f581944655edeb4f60915,False,False,False,False,False,,True,1440,2.0640449319517615
stagea__drawer-open__possession-grasped__locus-cabinet-side__support-transverse-low-support__layout-a,v38_factorized_promotion,drawer,action_intrinsic_pregrasp_bowl_registered_v1,4,526,12,8ebeecff1ddaa357856da5ef867f3055f43a1fe01692dd469542c151b39ea3fc,False,False,False,False,False,,True,1434,2.2137521044238078
stagea__drawer-open__possession-grasped__locus-cabinet-side__support-transverse-low-support__layout-a,v38_factorized_promotion,drawer,action_intrinsic_pregrasp_bowl_registered_v1,5,594,12,d5c8812af2a306355bb71a52c35164f93ef95ab0ec2a57638db05edb030de728,False,False,False,False,False,,True,1433,2.4331068585831668
stagea__drawer-open__possession-grasped__locus-cabinet-side__support-transverse-low-support__layout-a,v38_factorized_promotion,drawer,action_intrinsic_pregrasp_bowl_registered_v1,6,559,12,6338c79a0fb6aadb247d383c82552982be98a0fe67a07210aa6cdbb957870a0e,False,False,False,False,False,,False,1310,1.3539930657102204
stagea__drawer-open__possession-grasped__locus-cabinet-side__support-transverse-low-support__layout-a,v38_factorized_promotion,drawer,action_intrinsic_pregrasp_bowl_registered_v1,7,624,12,adb56e3ec63a390538504dce7dbcfce5bc5f780cf2a323a68559c4952810dca4,False,False,False,False,False,,False,1310,1.3509684020507278
stagea__drawer-open__possession-grasped__locus-cabinet-side__support-transverse-low-support__layout-a,v38_factorized_promotion,drawer,action_intrinsic_pregrasp_bowl_registered_v1,8,560,12,257886fa56c8ca594b7a52c9ba5c2ece42a4910673fe22140ee0be23dedc7fed,True,False,True,False,False,172.0,True,1429,2.3270712129027475
stagea__drawer-open__possession-grasped__locus-cabinet-side__support-transverse-low-support__layout-a,v38_factorized_promotion,drawer,action_intrinsic_pregrasp_bowl_registered_v1,9,627,12,54c3e36183cf5ef2a823d528e9503368965fc007ae422f9ac129decd6be47724,False,False,False,False,False,,True,1420,1.962199861726449
stagea__drawer-open__possession-grasped__locus-cabinet-side__support-transverse-low-support__layout-a,v38_factorized_promotion,drawer,action_intrinsic_pregrasp_bowl_registered_v1,10,684,12,4b41c4e5e61e059c2e83642794a66dcb58b90e9370db1b39755f83c021da75d2,False,False,False,False,False,,True,1438,2.3409308051874658
stagea__drawer-open__possession-grasped__locus-cabinet-side__support-transverse-low-support__layout-a,v38_factorized_promotion,drawer,action_intrinsic_pregrasp_bowl_registered_v1,11,409,12,e8aa2651d0fba6006bbd1ce8844606d4c1e24568d5b42dae3098ea158f05f04f,False,False,False,False,False,,True,1435,2.187700099920318
stagea__drawer-open__possession-grasped__locus-cabinet-side__support-transverse-low-support__layout-a,v38_factorized_promotion,drawer,action_intrinsic_pregrasp_bowl_registered_v1,12,548,12,8039f55efc1d3b2afff01d9544afe9a27c13a9fde71ed489cc1888b03d05d72d,False,False,False,False,False,,False,1310,1.443454436403032
stagea__drawer-open__possession-grasped__locus-cabinet-side__support-transverse-low-support__layout-a,v38_factorized_promotion,drawer,action_intrinsic_pregrasp_bowl_registered_v1,13,742,12,db2e8c6a4ceb523133f51e21d0d31a8320ab88d1c0c7c0b124435499ea21a230,False,False,False,False,False,,False,1310,1.3458295994898024
stagea__drawer-open__possession-grasped__locus-cabinet-side__support-transverse-low-support__layout-a,v38_factorized_promotion,drawer,action_intrinsic_pregrasp_bowl_registered_v1,14,790,12,92034ebae21e287f92cdafcaaf1c4cc9ca7d732c105e28653f41c814086a107c,False,False,False,False,False,,False,1310,1.4200482525865492
stagea__drawer-open__possession-grasped__locus-cabinet-side__support-transverse-low-support__layout-a,v38_factorized_promotion,drawer,action_intrinsic_pregrasp_bowl_registered_v1,15,534,12,47ec06d84d5536c7bc2c903e0f4bc40c38674a2cc7e48d22e791a529d149c23f,False,False,False,False,False,,False,1310,1.4107094764113302
stagea__drawer-open__possession-grasped__locus-cabinet-side__support-transverse-low-support__layout-a,v38_factorized_promotion,drawer,action_intrinsic_pregrasp_bowl_registered_v1,16,498,12,f6ffd6f59a512dc3d6da39d1c991a246f1f6c4fda28c9c6951d1ead81b79d73e,False,False,False,False,False,,True,1430,1.9868292080893717
stagea__drawer-open__possession-grasped__locus-cabinet-side__support-transverse-low-support__layout-a,v38_factorized_promotion,drawer,action_intrinsic_pregrasp_bowl_registered_v1,17,737,12,24d53009f0c5a3917d02b3366eb875314813a60de3081d1bf69f19e04fcfd2ec,True,False,True,False,False,183.0,True,1426,2.3340868767346747
stagea__drawer-open__possession-grasped__locus-cabinet-side__support-transverse-low-support__layout-a,v38_factorized_promotion,drawer,action_intrinsic_pregrasp_bowl_registered_v1,18,489,12,548f110a2e4050299ae8b3a610c9806b51995a65b74f8a79b83dece3b9636a3f,True,False,True,False,False,184.0,True,1425,2.3693376631097776
stagea__drawer-open__possession-grasped__locus-cabinet-side__support-transverse-low-support__layout-a,v38_factorized_promotion,drawer,action_intrinsic_pregrasp_bowl_registered_v1,19,784,12,d61fad8212342e13bc37c975339f3effa6841a3166deace8fa063482deeb95c4,False,False,False,False,False,,False,1310,1.3616072591816175
stagea__drawer-open__possession-grasped__locus-cabinet-side__support-transverse-low-support__layout-a,v38_factorized_promotion,drawer,action_intrinsic_pregrasp_bowl_registered_v1,20,701,12,4b63123279f4f228439254b39a178ae1dc4773dc6dc6d53eb6d453f24e40eda3,False,False,False,False,False,,True,1435,2.1746473303324683
stagea__drawer-open__possession-grasped__locus-cabinet-side__support-transverse-low-support__layout-a,v38_factorized_promotion,drawer,action_intrinsic_pregrasp_bowl_registered_v1,21,416,12,41b4ab3c6eab78d6c7d147d6b7319f520c6dafa8eee44a2166e002b28cb2fdfd,False,False,False,False,False,,True,1434,2.322147692289208
stagea__drawer-open__possession-grasped__locus-cabinet-side__support-transverse-low-support__layout-a,v38_factorized_promotion,drawer,action_intrinsic_pregrasp_bowl_registered_v1,22,462,12,40dafe57a26443dcd16aaaca097715e50661a8f0bc112c64947bc2ee28c75703,False,False,False,False,False,,True,1451,2.2629606484066844
stagea__drawer-open__possession-grasped__locus-cabinet-side__support-transverse-low-support__layout-a,v38_factorized_promotion,drawer,action_intrinsic_pregrasp_bowl_registered_v1,23,494,12,93f39f1498437ddba0efc6eb059cd2b642ab544fab2f3336525878a4763097d4,False,False,False,False,False,,True,1434,1.9825633330971812
stagea__drawer-open__possession-grasped__locus-cabinet-side__support-transverse-low-support__layout-a,v38_factorized_promotion,drawer,action_intrinsic_pregrasp_bowl_registered_v1,24,414,12,9ec592154057d5c791bd6ea65380646ea92cd0d23d38116bae61bcd4d9af6daa,False,False,False,False,False,,True,1440,2.4224094511346284
stagea__drawer-open__possession-grasped__locus-cabinet-side__support-transverse-low-support__layout-a,v38_factorized_promotion,drawer,action_intrinsic_pregrasp_bowl_registered_v1,25,523,12,eff93d2d3123718e86e9f1b41fb58d6a377fbec3687a6300f32204f553b41906,True,False,True,False,False,193.0,True,1436,2.333697048811481
stagea__drawer-open__possession-grasped__locus-cabinet-side__support-transverse-low-support__layout-a,v38_factorized_promotion,drawer,action_intrinsic_pregrasp_bowl_registered_v1,26,762,12,5a6ad00de32247a9c04c1b1ae331ac99f700b26de0552cc1171848d4a8682ec3,False,False,False,False,False,,True,1432,2.0392114273107023
stagea__drawer-open__possession-grasped__locus-cabinet-side__support-transverse-low-support__layout-a,v38_factorized_promotion,drawer,action_intrinsic_pregrasp_bowl_registered_v1,27,758,12,908f23fecbfd35ae5c9dcbedd3858d03ec11dd138bb2dab0f43ee0d4574695b4,False,False,False,False,False,,False,1310,1.4016780668292999
stagea__drawer-open__possession-grasped__locus-cabinet-side__support-transverse-low-support__layout-a,v38_factorized_promotion,drawer,action_intrinsic_pregrasp_bowl_registered_v1,28,782,12,de7cef4f6a636948f4190f834219967d71ea3e72fe0b4f836e50e047f5d757f3,False,False,False,False,False,,True,1446,2.0186269166975825
stagea__drawer-open__possession-grasped__locus-cabinet-side__support-transverse-low-support__layout-a,v38_factorized_promotion,drawer,action_intrinsic_pregrasp_bowl_registered_v1,29,383,12,f598f486a32782cc98bfad505745987af2a8f37f2e9c4aa94b4ec2f8b9fa8ae4,False,False,False,False,False,,True,1447,2.0805270052990847
stagea__drawer-open__possession-grasped__locus-cabinet-side__support-transverse-low-support__layout-a,v38_factorized_promotion,drawer,action_intrinsic_pregrasp_bowl_registered_v1,30,738,12,8eabf11d95595bb7c52a4944a62cc03da44e1f462b7ad8a09519f9c8d10286aa,True,False,True,False,False,209.0,True,1458,2.572437439693604
stagea__drawer-open__possession-grasped__locus-cabinet-side__support-transverse-low-support__layout-a,v38_factorized_promotion,drawer,action_intrinsic_pregrasp_bowl_registered_v1,31,538,12,08ad1772331225b10cf37ff13b272f62c36cb63525e1e766a49b9b0fcb1a42c6,True,False,True,False,False,210.0,True,1455,2.5817758126424093
stagea__drawer-open__possession-grasped__locus-cabinet-side__support-transverse-low-support__layout-a,v38_factorized_promotion,drawer,action_intrinsic_pregrasp_bowl_registered_v1,32,465,12,e0429b5fe21a733c15e4703fae6c590da9aaff3e0b059bfd634952b78272b52f,True,False,True,False,False,218.0,True,1439,2.0929383122194194
stagea__drawer-open__possession-grasped__locus-cabinet-side__support-transverse-low-support__layout-a,v38_factorized_promotion,drawer,action_intrinsic_pregrasp_bowl_registered_v1,33,449,12,f20bb3de976403a90113d79607775b68c63181b9aaba242dc0f356def02dad3e,True,False,True,False,False,234.0,True,1472,2.8368375021254453
stagea__drawer-open__possession-grasped__locus-cabinet-side__support-transverse-low-support__layout-a,v38_factorized_promotion,drawer,action_intrinsic_pregrasp_bowl_registered_v1,34,711,12,5fbc8383f1842247c97b8be8ec4cb5a910eaea56fe8ac6bc4025f658f74279c2,True,False,True,False,False,238.0,True,1457,2.029168103532982
stagea__drawer-open__possession-grasped__locus-cabinet-side__support-transverse-low-support__layout-a,v38_factorized_promotion,drawer,action_intrinsic_pregrasp_bowl_registered_v1,35,387,12,a6b95196dd651f801df5eb0aaac15cabaa4501ebba68b07e61bc42d336c598b2,False,False,False,False,False,,True,1503,2.1322987103636732
stagea__drawer-open__possession-grasped__locus-cabinet-side__support-transverse-low-support__layout-b,v31_open_hard_pair,cabinet,full_trajectory_replay,0,438,18,fc624695eb2d39b20e511c8ac6df4923b6bff3cff56ff389622f45310e9278c2,False,False,False,False,False,,,1056,1.826720924879522
stagea__drawer-open__possession-grasped__locus-cabinet-side__support-transverse-low-support__layout-b,v31_open_hard_pair,cabinet,full_trajectory_replay,1,712,18,9af535ed5943f0efe94c6e6136614fdd45017940a69a8267687e68416905a9d8,False,False,False,False,False,,,1057,1.8633822290309139
stagea__drawer-open__possession-grasped__locus-cabinet-side__support-transverse-low-support__layout-b,v31_open_hard_pair,cabinet,full_trajectory_replay,2,669,18,bb63603def241e17b02c89c5513d1ef93cf75f47c260b5b139f120acf22c26f8,False,False,False,False,False,,,1058,1.7833082689163517
stagea__drawer-open__possession-grasped__locus-cabinet-side__support-transverse-low-support__layout-b,v31_open_hard_pair,cabinet,full_trajectory_replay,3,590,18,0348abe806a47069551301e2e86e25fcca5b8db8fd3f5b128630180e19057a9c,False,False,False,False,False,,,1060,1.8646646586127318
stagea__drawer-open__possession-grasped__locus-cabinet-side__support-transverse-low-support__layout-b,v31_open_hard_pair,cabinet,full_trajectory_replay,4,597,18,3bd590038acfecf91321ca683267c834fb8ebbd4f559e5fd8f89bf1dda561e9f,False,False,False,False,False,,,1060,1.6774416828974357
stagea__drawer-open__possession-grasped__locus-cabinet-side__support-transverse-low-support__layout-b,v31_open_hard_pair,cabinet,full_trajectory_replay,5,660,18,082d8ee4933e7774b752cd6fbf2ea76a20ff927bf4afa8bd09b7ddc47aefba34,False,False,False,False,False,,,1060,1.687642411992634
stagea__drawer-open__possession-grasped__locus-cabinet-side__support-transverse-low-support__layout-b,v31_open_hard_pair,cabinet,full_trajectory_replay,6,458,18,4d4a24b15ada9177614865d055b4dccd354dd4ce8dac9eb391c68984fc50691e,False,False,False,False,False,,,1061,1.874953637022439
stagea__drawer-open__possession-grasped__locus-cabinet-side__support-transverse-low-support__layout-b,v31_open_hard_pair,cabinet,full_trajectory_replay,7,573,18,2e42787c67b5b157b79e3c3b2980a13563d41b4cbf69a9279c710d30a6292e92,False,False,False,False,False,,,1061,1.7185452396233114
stagea__drawer-open__possession-grasped__locus-cabinet-side__support-transverse-low-support__layout-b,v31_open_hard_pair,cabinet,full_trajectory_replay,8,681,18,32bf1db8cfb866d929b97eaf4f6ad55599246fef24edf68fea15ede3b5cf005e,False,False,False,False,False,,,1061,1.8268794880237875
stagea__drawer-open__possession-grasped__locus-cabinet-side__support-transverse-low-support__layout-b,v31_open_hard_pair,cabinet,full_trajectory_replay,9,452,18,016fe7cdd6622e9f77775f108f3cb4e4f836ec330ac07003f39fb7e5dbd594d5,False,False,False,False,False,,,1063,1.7446809726768482
stagea__drawer-open__possession-grasped__locus-cabinet-side__support-transverse-low-support__layout-b,v31_open_hard_pair,cabinet,full_trajectory_replay,10,775,18,b7e8758503c46c2273a688c9d98a5cbf14447ba59301bb326ca3a9078d7ea079,False,False,False,False,False,,,1063,1.9001185368909401
stagea__drawer-open__possession-grasped__locus-cabinet-side__support-transverse-low-support__layout-b,v31_open_hard_pair,cabinet,full_trajectory_replay,11,665,18,a4a985f59f32ec185896dca87996aa455a720e318f579d3c58b2a88d391ef2bd,False,False,False,False,False,,,1065,1.7464229374963534
stagea__drawer-open__possession-grasped__locus-cabinet-side__support-transverse-low-support__layout-b,v31_open_hard_pair,cabinet,full_trajectory_replay,12,444,18,4d00108fccbba095038c80424e863deb2221dea2d50d4f2c5a3442f48d6466a2,False,False,False,False,False,,,1066,1.7431081655413823
stagea__drawer-open__possession-grasped__locus-cabinet-side__support-transverse-low-support__layout-b,v31_open_hard_pair,cabinet,full_trajectory_replay,13,501,18,033327dbdb43b4bfddc6ed286bf6f8e8a6112ffe991905c700c75ec0676b386c,False,False,False,False,False,,,1066,1.8219533549110234
stagea__drawer-open__possession-grasped__locus-cabinet-side__support-transverse-low-support__layout-b,v31_open_hard_pair,cabinet,full_trajectory_replay,14,638,18,a8d81987e6f0f385619548c3982d9078c5c54a76d95ade16b8a982ad08234932,True,True,True,False,False,74.0,,1045,1.7581970052739324
stagea__drawer-open__possession-grasped__locus-cabinet-side__support-transverse-low-support__layout-b,v31_open_hard_pair,cabinet,full_trajectory_replay,15,674,18,9b9937400a6e113f3901f66bf04dbac00fcbef6b9d999843ef0c651c1d76ce93,False,False,False,False,False,,,1066,1.8872001077924216
stagea__drawer-open__possession-grasped__locus-cabinet-side__support-transverse-low-support__layout-b,v31_open_hard_pair,cabinet,full_trajectory_replay,16,493,18,6cd7e138d3e7108f26e5396426d285829d7a3044a5068557110ad529c60f88fb,False,False,False,False,False,,,1067,1.8664730247887888
stagea__drawer-open__possession-grasped__locus-cabinet-side__support-transverse-low-support__layout-b,v31_open_hard_pair,cabinet,full_trajectory_replay,17,636,18,0a4fa289713d5467f4f401adaef6d834685933041fe590343f19ee059e605170,False,False,False,False,False,,,1067,1.750040215677025
stagea__drawer-open__possession-grasped__locus-cabinet-side__support-transverse-low-support__layout-b,v31_open_hard_pair,cabinet,full_trajectory_replay,18,699,18,9504ca4f990d01cd111eed0f44cf9f286704e69d2bef21680ad53de5b6c6e501,False,False,False,False,False,,,1067,1.9680548657100516
stagea__drawer-open__possession-grasped__locus-cabinet-side__support-transverse-low-support__layout-b,v31_open_hard_pair,cabinet,full_trajectory_replay,19,456,18,fe869cc76141d5cbf6d64ee2c3c80a872e3f32bfcb5763bfe38221d3c6f8774f,False,False,False,False,False,,,1068,1.8806222041557468
stagea__drawer-open__possession-grasped__locus-cabinet-side__support-transverse-low-support__layout-b,v31_open_hard_pair,cabinet,full_trajectory_replay,20,570,18,c2d4c5bdce9483b0609598e4bd984122284c5eef5a4d26eac9681c616139a807,False,False,False,False,False,,,1068,1.7923938215955713
stagea__drawer-open__possession-grasped__locus-cabinet-side__support-transverse-low-support__layout-b,v31_open_hard_pair,cabinet,full_trajectory_replay,21,662,18,9b8d4f7149a62a256faa3e7ea0e5c2f3125d95bea41d4c479b86904e2d505dcf,False,False,False,False,False,,,1068,1.8380080247318187
stagea__drawer-open__possession-grasped__locus-cabinet-side__support-transverse-low-support__layout-b,v31_open_hard_pair,cabinet,full_trajectory_replay,22,732,18,c3b4ba9df80cca1c1bc20693376c230d3bc01ba9f981bb21aff3d94f5df62a66,False,False,False,False,False,,,1068,1.7739131648667095
stagea__drawer-open__possession-grasped__locus-cabinet-side__support-transverse-low-support__layout-b,v31_open_hard_pair,cabinet,full_trajectory_replay,23,505,18,69ffa114adff6ac44594f47b51bd23b379470a0da01eb7ed63f3d8a0d4c8775a,False,False,False,False,False,,,1069,1.871477650118646
stagea__drawer-open__possession-grasped__locus-cabinet-side__support-transverse-low-support__layout-b,v31_open_hard_pair,cabinet,full_trajectory_replay,24,630,18,d47820b50d009ef5f221017fa25bcb7f75e7cde874bf13cd4a5f40b7d49fe74f,False,False,False,False,False,,,1069,1.724767752971191
stagea__drawer-open__possession-grasped__locus-cabinet-side__support-transverse-low-support__layout-b,v31_open_hard_pair,cabinet,full_trajectory_replay,25,743,18,1df868b0e126de6c747a3392f2ae0135f2089140e79694115da746d261455e76,False,False,False,False,False,,,1069,1.8449216579336691
stagea__drawer-open__possession-grasped__locus-cabinet-side__support-transverse-low-support__layout-b,v31_open_hard_pair,cabinet,full_trajectory_replay,26,398,18,dddc06067bf84b0019a1cf050048e588df918f7768911fa406ce110da9ad4689,False,False,False,False,False,,,1070,1.7605874549974043
stagea__drawer-open__possession-grasped__locus-cabinet-side__support-transverse-low-support__layout-b,v31_open_hard_pair,cabinet,full_trajectory_replay,27,446,18,171014841f360ccb7f224b68357849b87ebcfb38ea27c23f8309cdfd830c7760,False,False,False,False,False,,,1070,1.917821762662602
stagea__drawer-open__possession-grasped__locus-cabinet-side__support-transverse-low-support__layout-b,v31_open_hard_pair,cabinet,full_trajectory_replay,28,724,18,8bbb07bf3048a11cd3879887766413ad6a041eb78ef54667a0528d0ab13f7c0c,False,False,False,False,False,,,1071,1.768600293920809
stagea__drawer-open__possession-grasped__locus-cabinet-side__support-transverse-low-support__layout-b,v31_open_hard_pair,cabinet,full_trajectory_replay,29,521,18,f404e35757cca7351a7956c0091493689bcae213ebc3f600ad9ca7ec35cc19d8,False,False,False,False,False,,,1072,1.781045828946079
stagea__drawer-open__possession-grasped__locus-cabinet-side__support-transverse-low-support__layout-b,v31_open_hard_pair,cabinet,full_trajectory_replay,30,791,18,ab8bc2c0ead1910b94bd3b22c327af072be2575c2b190a011406f4f7286f5de9,False,False,False,False,False,,,1072,1.7533174154032245
stagea__drawer-open__possession-grasped__locus-cabinet-side__support-transverse-low-support__layout-b,v31_open_hard_pair,cabinet,full_trajectory_replay,31,474,18,5d93ae0bbe8618d7ad32e89a85261166b35dec3bcaa972751dddbaae8f07150c,False,False,False,False,False,,,1073,1.918568318412599
stagea__drawer-open__possession-grasped__locus-cabinet-side__support-transverse-low-support__layout-b,v31_open_hard_pair,cabinet,full_trajectory_replay,32,514,18,f0570adf2e2cdf55ef01180c8cf15f14c96b33219a8bdcfb110accc19eb31f44,False,False,False,False,False,,,1073,2.011370589466951
stagea__drawer-open__possession-grasped__locus-cabinet-side__support-transverse-low-support__layout-b,v31_open_hard_pair,cabinet,full_trajectory_replay,33,793,18,321fba85a693c5b82c8fc5d19d784724998b7ca98e765b826b728c3015762066,False,False,False,False,False,,,1073,1.9353803057595136
stagea__drawer-open__possession-grasped__locus-cabinet-side__support-transverse-low-support__layout-b,v31_open_hard_pair,cabinet,full_trajectory_replay,34,608,18,51b3f339ae2711ec2dee1dcd740cd2c0f3834f5ec75aa5be171a8aabfa384705,False,False,False,False,False,,,1074,1.7690188540272955
stagea__drawer-open__possession-grasped__locus-cabinet-side__support-transverse-low-support__layout-b,v31_open_hard_pair,cabinet,full_trajectory_replay,35,696,18,27ac40ae5b0142c7d2dd195b068a73088bc3ab3ec1564e44ffca7f7e715939b7,False,False,False,False,False,,,1074,1.7889304770932064
stagea__drawer-open__possession-grasped__locus-cabinet-side__support-transverse-low-support__layout-b,v31_open_hard_pair,cabinet,full_trajectory_replay,36,661,18,79a603a018e5f911a590ae269ad2060c3e7efd307ce515d5e88df99491a895e8,False,False,False,False,False,,,1075,1.838444262944096
stagea__drawer-open__possession-grasped__locus-cabinet-side__support-transverse-low-support__layout-b,v31_open_hard_pair,cabinet,full_trajectory_replay,37,745,18,aa1a3bff114b4b0887abbac25cd7b26200e2b2d232d51d48484012ca3ac3efce,False,False,False,False,False,,,1075,1.8883863857654366
stagea__drawer-open__possession-grasped__locus-cabinet-side__support-transverse-low-support__layout-b,v31_open_hard_pair,cabinet,full_trajectory_replay,38,767,18,bbf383faef21636081e61ca9fa795f26d897115b2e20fe6c0265b2d8e57172af,False,False,False,False,False,,,1075,1.783034394743752
stagea__drawer-open__possession-grasped__locus-cabinet-side__support-transverse-low-support__layout-b,v31_open_hard_pair,cabinet,full_trajectory_replay,39,702,18,3fb5394b81ace7223fa4dc390332e7caab954344c8941276b13b63b0de1c2138,False,False,False,False,False,,,1076,1.7763337452363137
stagea__drawer-open__possession-grasped__locus-cabinet-side__support-transverse-low-support__layout-b,v31_open_hard_pair,cabinet,full_trajectory_replay,40,794,18,dcf5210e4570b197e56bdf6a478e82d539aed8c6cdfe5c988d35706a308b1cca,False,False,False,False,False,,,1078,1.7896405179084507
stagea__drawer-open__possession-grasped__locus-cabinet-side__support-transverse-low-support__layout-b,v31_open_hard_pair,cabinet,full_trajectory_replay,41,689,18,aa0ba50ca5b7f2632e0e1a5e2bb54df31c7b6cda867839b03bdd0567c6411689,False,False,False,False,False,,,1079,1.831742661944234
stagea__drawer-open__possession-grasped__locus-cabinet-side__support-transverse-low-support__layout-b,v31_open_hard_pair,cabinet,full_trajectory_replay,42,402,18,8d680111f934c94908dcb0f1528eef18063eb08cd7ed0c0a56e84debd7464d8c,False,False,False,False,False,,,1080,1.8630972368673597
stagea__drawer-open__possession-grasped__locus-cabinet-side__support-transverse-low-support__layout-b,v31_open_hard_pair,cabinet,full_trajectory_replay,43,731,18,5be6d721a6fca1ef425074e8042fb05a80633e90f73f84091fca7a570ba71c84,False,False,False,False,False,,,1082,1.8301541093797313
stagea__drawer-open__possession-grasped__locus-cabinet-side__support-transverse-low-support__layout-b,v31_open_hard_pair,cabinet,full_trajectory_replay,44,601,18,356b2a75f9d362a1cfb0d6e3fdb65c08269c619643db134c6cedc24fe14feff4,False,False,False,False,False,,,1090,1.8968517441866188
stagea__drawer-open__possession-grasped__locus-cabinet-side__support-transverse-low-support__layout-b,v31_open_hard_pair,cabinet,full_trajectory_replay,45,706,18,239ae28404bef990e918f40b44f2aa59e45059ea0befe4a202d06f573aa4c5fd,False,False,False,False,False,,,1093,1.9081814516447997
stagea__drawer-open__possession-grasped__locus-cabinet-side__support-transverse-low-support__layout-b,v31_open_hard_pair,drawer,full_trajectory_replay,0,576,12,c4dc33e0754f25efdaa87c75195a9e18ba603fd17aa500a5ab8751927234e465,False,False,False,False,False,,,1140,2.2689098211512015
stagea__drawer-open__possession-grasped__locus-cabinet-side__support-transverse-low-support__layout-b,v31_open_hard_pair,drawer,full_trajectory_replay,1,694,12,e4d0e6805b6a960d0454858721550b66c578ada98014d5f852301b7bccee4c6e,False,False,False,False,False,,,1143,2.188852630838978
stagea__drawer-open__possession-grasped__locus-cabinet-side__support-transverse-low-support__layout-b,v31_open_hard_pair,drawer,full_trajectory_replay,2,614,12,e61d01ded7ab086478e718b79d5a82f3b03ba2f66dca79962533600239750733,False,False,False,False,False,,,1146,2.198411192798894
stagea__drawer-open__possession-grasped__locus-cabinet-side__support-transverse-low-support__layout-b,v31_open_hard_pair,drawer,full_trajectory_replay,3,382,12,f26c8e95841a34fdf898d203d26239d6a90e1c07c81f581944655edeb4f60915,False,False,False,False,False,,,1147,2.223316080641471
stagea__drawer-open__possession-grasped__locus-cabinet-side__support-transverse-low-support__layout-b,v31_open_hard_pair,drawer,full_trajectory_replay,4,526,12,8ebeecff1ddaa357856da5ef867f3055f43a1fe01692dd469542c151b39ea3fc,True,True,True,False,False,165.0,,1136,2.303357570084894
stagea__drawer-open__possession-grasped__locus-cabinet-side__support-transverse-low-support__layout-b,v31_open_hard_pair,drawer,full_trajectory_replay,5,594,12,d5c8812af2a306355bb71a52c35164f93ef95ab0ec2a57638db05edb030de728,False,False,False,False,False,,,1148,2.1743623115828945
stagea__drawer-open__possession-grasped__locus-cabinet-side__support-transverse-low-support__layout-b,v31_open_hard_pair,drawer,full_trajectory_replay,6,559,12,6338c79a0fb6aadb247d383c82552982be98a0fe67a07210aa6cdbb957870a0e,False,False,False,False,False,,,1152,2.163889972696584
stagea__drawer-open__possession-grasped__locus-cabinet-side__support-transverse-low-support__layout-b,v31_open_hard_pair,drawer,full_trajectory_replay,7,624,12,adb56e3ec63a390538504dce7dbcfce5bc5f780cf2a323a68559c4952810dca4,False,False,False,False,False,,,1153,2.2032262745785074
stagea__drawer-open__possession-grasped__locus-cabinet-side__support-transverse-low-support__layout-b,v31_open_hard_pair,drawer,full_trajectory_replay,8,560,12,257886fa56c8ca594b7a52c9ba5c2ece42a4910673fe22140ee0be23dedc7fed,False,False,False,False,False,,,1154,2.1302195312582066
stagea__drawer-open__possession-grasped__locus-cabinet-side__support-transverse-low-support__layout-b,v31_open_hard_pair,drawer,full_trajectory_replay,9,627,12,54c3e36183cf5ef2a823d528e9503368965fc007ae422f9ac129decd6be47724,False,False,False,False,False,,,1154,2.1873556132008822
stagea__drawer-open__possession-grasped__locus-cabinet-side__support-transverse-low-support__layout-b,v31_open_hard_pair,drawer,full_trajectory_replay,10,684,12,4b41c4e5e61e059c2e83642794a66dcb58b90e9370db1b39755f83c021da75d2,False,False,False,False,False,,,1154,2.167594625673784
stagea__drawer-open__possession-grasped__locus-cabinet-side__support-transverse-low-support__layout-b,v31_open_hard_pair,drawer,full_trajectory_replay,11,409,12,e8aa2651d0fba6006bbd1ce8844606d4c1e24568d5b42dae3098ea158f05f04f,False,False,False,False,False,,,1155,2.164628965361972
stagea__drawer-open__possession-grasped__locus-cabinet-side__support-transverse-low-support__layout-b,v31_open_hard_pair,drawer,full_trajectory_replay,12,548,12,8039f55efc1d3b2afff01d9544afe9a27c13a9fde71ed489cc1888b03d05d72d,False,False,False,False,False,,,1156,2.1640423672285936
stagea__drawer-open__possession-grasped__locus-cabinet-side__support-transverse-low-support__layout-b,v31_open_hard_pair,drawer,full_trajectory_replay,13,742,12,db2e8c6a4ceb523133f51e21d0d31a8320ab88d1c0c7c0b124435499ea21a230,False,False,False,False,False,,,1157,2.2425601506214297
stagea__drawer-open__possession-grasped__locus-cabinet-side__support-transverse-low-support__layout-b,v31_open_hard_pair,drawer,full_trajectory_replay,14,790,12,92034ebae21e287f92cdafcaaf1c4cc9ca7d732c105e28653f41c814086a107c,False,False,False,False,False,,,1157,2.16849261249874
stagea__drawer-open__possession-grasped__locus-cabinet-side__support-transverse-low-support__layout-b,v31_open_hard_pair,drawer,full_trajectory_replay,15,534,12,47ec06d84d5536c7bc2c903e0f4bc40c38674a2cc7e48d22e791a529d149c23f,False,False,False,False,False,,,1158,2.1444718182898987
stagea__drawer-open__possession-grasped__locus-cabinet-side__support-transverse-low-support__layout-b,v31_open_hard_pair,drawer,full_trajectory_replay,16,498,12,f6ffd6f59a512dc3d6da39d1c991a246f1f6c4fda28c9c6951d1ead81b79d73e,False,False,False,False,False,,,1160,2.3447938831871276
stagea__drawer-open__possession-grasped__locus-cabinet-side__support-transverse-low-support__layout-b,v31_open_hard_pair,drawer,full_trajectory_replay,17,737,12,24d53009f0c5a3917d02b3366eb875314813a60de3081d1bf69f19e04fcfd2ec,False,False,False,False,False,,,1164,2.3045334189820403
stagea__drawer-open__possession-grasped__locus-cabinet-side__support-transverse-low-support__layout-b,v31_open_hard_pair,drawer,full_trajectory_replay,18,489,12,548f110a2e4050299ae8b3a610c9806b51995a65b74f8a79b83dece3b9636a3f,False,False,False,False,False,,,1165,2.474157658664166
stagea__drawer-open__possession-grasped__locus-cabinet-side__support-transverse-low-support__layout-b,v31_open_hard_pair,drawer,full_trajectory_replay,19,784,12,d61fad8212342e13bc37c975339f3effa6841a3166deace8fa063482deeb95c4,False,False,False,False,False,,,1166,2.4307437832895653
stagea__drawer-open__possession-grasped__locus-cabinet-side__support-transverse-low-support__layout-b,v31_open_hard_pair,drawer,full_trajectory_replay,20,701,12,4b63123279f4f228439254b39a178ae1dc4773dc6dc6d53eb6d453f24e40eda3,False,False,False,False,False,,,1168,2.237237826023416
stagea__drawer-open__possession-grasped__locus-cabinet-side__support-transverse-low-support__layout-b,v31_open_hard_pair,drawer,full_trajectory_replay,21,416,12,41b4ab3c6eab78d6c7d147d6b7319f520c6dafa8eee44a2166e002b28cb2fdfd,False,False,False,False,False,,,1169,2.160162977321183
stagea__drawer-open__possession-grasped__locus-cabinet-side__support-transverse-low-support__layout-b,v31_open_hard_pair,drawer,full_trajectory_replay,22,462,12,40dafe57a26443dcd16aaaca097715e50661a8f0bc112c64947bc2ee28c75703,False,False,False,False,False,,,1169,2.3429382748197902
stagea__drawer-open__possession-grasped__locus-cabinet-side__support-transverse-low-support__layout-b,v31_open_hard_pair,drawer,full_trajectory_replay,23,494,12,93f39f1498437ddba0efc6eb059cd2b642ab544fab2f3336525878a4763097d4,False,False,False,False,False,,,1169,2.1848853407017295
stagea__drawer-open__possession-grasped__locus-cabinet-side__support-transverse-low-support__layout-b,v31_open_hard_pair,drawer,full_trajectory_replay,24,414,12,9ec592154057d5c791bd6ea65380646ea92cd0d23d38116bae61bcd4d9af6daa,False,False,False,False,False,,,1172,2.45178680723462
stagea__drawer-open__possession-grasped__locus-cabinet-side__support-transverse-low-support__layout-b,v31_open_hard_pair,drawer,full_trajectory_replay,25,523,12,eff93d2d3123718e86e9f1b41fb58d6a377fbec3687a6300f32204f553b41906,False,False,False,False,False,,,1172,2.4374069719423406
stagea__drawer-open__possession-grasped__locus-cabinet-side__support-transverse-low-support__layout-b,v31_open_hard_pair,drawer,full_trajectory_replay,26,762,12,5a6ad00de32247a9c04c1b1ae331ac99f700b26de0552cc1171848d4a8682ec3,False,False,False,False,False,,,1172,2.334530961737948
stagea__drawer-open__possession-grasped__locus-cabinet-side__support-transverse-low-support__layout-b,v31_open_hard_pair,drawer,full_trajectory_replay,27,758,12,908f23fecbfd35ae5c9dcbedd3858d03ec11dd138bb2dab0f43ee0d4574695b4,False,False,False,False,False,,,1179,2.273691237784811
stagea__drawer-open__possession-grasped__locus-cabinet-side__support-transverse-low-support__layout-b,v31_open_hard_pair,drawer,full_trajectory_replay,28,782,12,de7cef4f6a636948f4190f834219967d71ea3e72fe0b4f836e50e047f5d757f3,False,False,False,False,False,,,1185,2.2124250640368928
stagea__drawer-open__possession-grasped__locus-cabinet-side__support-transverse-low-support__layout-b,v31_open_hard_pair,drawer,full_trajectory_replay,29,383,12,f598f486a32782cc98bfad505745987af2a8f37f2e9c4aa94b4ec2f8b9fa8ae4,False,False,False,False,False,,,1188,2.2025099557826646
stagea__drawer-open__possession-grasped__locus-cabinet-side__support-transverse-low-support__layout-b,v31_open_hard_pair,drawer,full_trajectory_replay,30,738,12,8eabf11d95595bb7c52a4944a62cc03da44e1f462b7ad8a09519f9c8d10286aa,False,False,False,False,False,,,1189,2.5249696576288203
stagea__drawer-open__possession-grasped__locus-cabinet-side__support-transverse-low-support__layout-b,v31_open_hard_pair,drawer,full_trajectory_replay,31,538,12,08ad1772331225b10cf37ff13b272f62c36cb63525e1e766a49b9b0fcb1a42c6,False,False,False,False,False,,,1191,2.5962369836827746
stagea__drawer-open__possession-grasped__locus-cabinet-side__support-transverse-low-support__layout-b,v31_open_hard_pair,drawer,full_trajectory_replay,32,465,12,e0429b5fe21a733c15e4703fae6c590da9aaff3e0b059bfd634952b78272b52f,False,False,False,False,False,,,1197,2.264531908525984
stagea__drawer-open__possession-grasped__locus-cabinet-side__support-transverse-low-support__layout-b,v31_open_hard_pair,drawer,full_trajectory_replay,33,449,12,f20bb3de976403a90113d79607775b68c63181b9aaba242dc0f356def02dad3e,False,False,False,False,False,,,1219,2.798601850150336
stagea__drawer-open__possession-grasped__locus-cabinet-side__support-transverse-low-support__layout-b,v31_open_hard_pair,drawer,full_trajectory_replay,34,711,12,5fbc8383f1842247c97b8be8ec4cb5a910eaea56fe8ac6bc4025f658f74279c2,False,False,False,False,False,,,1221,2.3550382472726943
stagea__drawer-open__possession-grasped__locus-cabinet-side__support-transverse-low-support__layout-b,v31_open_hard_pair,drawer,full_trajectory_replay,35,387,12,a6b95196dd651f801df5eb0aaac15cabaa4501ebba68b07e61bc42d336c598b2,False,False,False,False,False,,,1240,2.609606677017296
stagea__drawer-open__possession-grasped__locus-drawer-side__support-demonstration-near__layout-a,v37_open_grasped_completion,cabinet,action_intrinsic_pregrasp_bowl_registered_v1,0,438,18,fc624695eb2d39b20e511c8ac6df4923b6bff3cff56ff389622f45310e9278c2,False,False,False,False,False,,True,1395,1.7302758642695855
stagea__drawer-open__possession-grasped__locus-drawer-side__support-demonstration-near__layout-a,v37_open_grasped_completion,cabinet,action_intrinsic_pregrasp_bowl_registered_v1,1,712,18,9af535ed5943f0efe94c6e6136614fdd45017940a69a8267687e68416905a9d8,False,False,False,False,False,,True,1396,1.6140557329726113
stagea__drawer-open__possession-grasped__locus-drawer-side__support-demonstration-near__layout-a,v37_open_grasped_completion,cabinet,action_intrinsic_pregrasp_bowl_registered_v1,2,669,18,bb63603def241e17b02c89c5513d1ef93cf75f47c260b5b139f120acf22c26f8,False,False,False,False,False,,True,1397,1.6804220590413235
stagea__drawer-open__possession-grasped__locus-drawer-side__support-demonstration-near__layout-a,v37_open_grasped_completion,cabinet,action_intrinsic_pregrasp_bowl_registered_v1,3,590,18,0348abe806a47069551301e2e86e25fcca5b8db8fd3f5b128630180e19057a9c,False,False,False,False,False,,True,1399,1.6656124795947962
stagea__drawer-open__possession-grasped__locus-drawer-side__support-demonstration-near__layout-a,v37_open_grasped_completion,cabinet,action_intrinsic_pregrasp_bowl_registered_v1,4,597,18,3bd590038acfecf91321ca683267c834fb8ebbd4f559e5fd8f89bf1dda561e9f,False,False,False,False,False,,True,1399,1.5873292851678977
stagea__drawer-open__possession-grasped__locus-drawer-side__support-demonstration-near__layout-a,v37_open_grasped_completion,cabinet,action_intrinsic_pregrasp_bowl_registered_v1,5,660,18,082d8ee4933e7774b752cd6fbf2ea76a20ff927bf4afa8bd09b7ddc47aefba34,False,False,False,False,False,,True,1399,1.587179952038456
stagea__drawer-open__possession-grasped__locus-drawer-side__support-demonstration-near__layout-a,v37_open_grasped_completion,cabinet,action_intrinsic_pregrasp_bowl_registered_v1,6,458,18,4d4a24b15ada9177614865d055b4dccd354dd4ce8dac9eb391c68984fc50691e,False,False,False,False,False,,True,1400,1.6395752149022353
stagea__drawer-open__possession-grasped__locus-drawer-side__support-demonstration-near__layout-a,v37_open_grasped_completion,cabinet,action_intrinsic_pregrasp_bowl_registered_v1,7,573,18,2e42787c67b5b157b79e3c3b2980a13563d41b4cbf69a9279c710d30a6292e92,False,False,False,False,False,,True,1400,1.6317889381834574
stagea__drawer-open__possession-grasped__locus-drawer-side__support-demonstration-near__layout-a,v37_open_grasped_completion,cabinet,action_intrinsic_pregrasp_bowl_registered_v1,8,681,18,32bf1db8cfb866d929b97eaf4f6ad55599246fef24edf68fea15ede3b5cf005e,False,False,False,False,False,,True,1400,1.6010658557875244
stagea__drawer-open__possession-grasped__locus-drawer-side__support-demonstration-near__layout-a,v37_open_grasped_completion,cabinet,action_intrinsic_pregrasp_bowl_registered_v1,9,452,18,016fe7cdd6622e9f77775f108f3cb4e4f836ec330ac07003f39fb7e5dbd594d5,False,False,False,False,False,,True,1402,1.6310294523104523
stagea__drawer-open__possession-grasped__locus-drawer-side__support-demonstration-near__layout-a,v37_open_grasped_completion,cabinet,action_intrinsic_pregrasp_bowl_registered_v1,10,775,18,b7e8758503c46c2273a688c9d98a5cbf14447ba59301bb326ca3a9078d7ea079,False,False,False,False,False,,True,1402,1.6952988435741423
stagea__drawer-open__possession-grasped__locus-drawer-side__support-demonstration-near__layout-a,v37_open_grasped_completion,cabinet,action_intrinsic_pregrasp_bowl_registered_v1,11,665,18,a4a985f59f32ec185896dca87996aa455a720e318f579d3c58b2a88d391ef2bd,False,False,False,False,False,,True,1404,1.6085818745754334
stagea__drawer-open__possession-grasped__locus-drawer-side__support-demonstration-near__layout-a,v37_open_grasped_completion,cabinet,action_intrinsic_pregrasp_bowl_registered_v1,12,444,18,4d00108fccbba095038c80424e863deb2221dea2d50d4f2c5a3442f48d6466a2,False,False,False,False,False,,True,1405,1.6135371873727824
stagea__drawer-open__possession-grasped__locus-drawer-side__support-demonstration-near__layout-a,v37_open_grasped_completion,cabinet,action_intrinsic_pregrasp_bowl_registered_v1,13,501,18,033327dbdb43b4bfddc6ed286bf6f8e8a6112ffe991905c700c75ec0676b386c,False,False,False,False,False,,True,1405,1.795774634135385
stagea__drawer-open__possession-grasped__locus-drawer-side__support-demonstration-near__layout-a,v37_open_grasped_completion,cabinet,action_intrinsic_pregrasp_bowl_registered_v1,14,638,18,a8d81987e6f0f385619548c3982d9078c5c54a76d95ade16b8a982ad08234932,False,False,False,False,False,,True,1405,1.839619077087581
stagea__drawer-open__possession-grasped__locus-drawer-side__support-demonstration-near__layout-a,v37_open_grasped_completion,cabinet,action_intrinsic_pregrasp_bowl_registered_v1,15,674,18,9b9937400a6e113f3901f66bf04dbac00fcbef6b9d999843ef0c651c1d76ce93,False,False,False,False,False,,True,1405,1.6444760303071915
stagea__drawer-open__possession-grasped__locus-drawer-side__support-demonstration-near__layout-a,v37_open_grasped_completion,cabinet,action_intrinsic_pregrasp_bowl_registered_v1,16,493,18,6cd7e138d3e7108f26e5396426d285829d7a3044a5068557110ad529c60f88fb,False,False,False,False,False,,True,1406,1.6898190332352963
stagea__drawer-open__possession-grasped__locus-drawer-side__support-demonstration-near__layout-a,v37_open_grasped_completion,cabinet,action_intrinsic_pregrasp_bowl_registered_v1,17,636,18,0a4fa289713d5467f4f401adaef6d834685933041fe590343f19ee059e605170,False,False,False,False,False,,True,1406,1.659357540536498
stagea__drawer-open__possession-grasped__locus-drawer-side__support-demonstration-near__layout-a,v37_open_grasped_completion,cabinet,action_intrinsic_pregrasp_bowl_registered_v1,18,699,18,9504ca4f990d01cd111eed0f44cf9f286704e69d2bef21680ad53de5b6c6e501,False,False,False,False,False,,True,1406,1.8457970048782961
stagea__drawer-open__possession-grasped__locus-drawer-side__support-demonstration-near__layout-a,v37_open_grasped_completion,cabinet,action_intrinsic_pregrasp_bowl_registered_v1,19,456,18,fe869cc76141d5cbf6d64ee2c3c80a872e3f32bfcb5763bfe38221d3c6f8774f,False,False,False,False,False,,True,1407,1.792447634020252
stagea__drawer-open__possession-grasped__locus-drawer-side__support-demonstration-near__layout-a,v37_open_grasped_completion,cabinet,action_intrinsic_pregrasp_bowl_registered_v1,20,570,18,c2d4c5bdce9483b0609598e4bd984122284c5eef5a4d26eac9681c616139a807,False,False,False,False,False,,True,1407,1.6821824206224678
stagea__drawer-open__possession-grasped__locus-drawer-side__support-demonstration-near__layout-a,v37_open_grasped_completion,cabinet,action_intrinsic_pregrasp_bowl_registered_v1,21,662,18,9b8d4f7149a62a256faa3e7ea0e5c2f3125d95bea41d4c479b86904e2d505dcf,False,False,False,False,False,,True,1407,1.6345726576369026
stagea__drawer-open__possession-grasped__locus-drawer-side__support-demonstration-near__layout-a,v37_open_grasped_completion,cabinet,action_intrinsic_pregrasp_bowl_registered_v1,22,732,18,c3b4ba9df80cca1c1bc20693376c230d3bc01ba9f981bb21aff3d94f5df62a66,False,False,False,False,False,,True,1407,1.6772990771149692
stagea__drawer-open__possession-grasped__locus-drawer-side__support-demonstration-near__layout-a,v37_open_grasped_completion,cabinet,action_intrinsic_pregrasp_bowl_registered_v1,23,505,18,69ffa114adff6ac44594f47b51bd23b379470a0da01eb7ed63f3d8a0d4c8775a,False,False,False,False,False,,True,1408,1.664388952088522
stagea__drawer-open__possession-grasped__locus-drawer-side__support-demonstration-near__layout-a,v37_open_grasped_completion,cabinet,action_intrinsic_pregrasp_bowl_registered_v1,24,630,18,d47820b50d009ef5f221017fa25bcb7f75e7cde874bf13cd4a5f40b7d49fe74f,False,False,False,False,False,,True,1408,1.6088502669353828
stagea__drawer-open__possession-grasped__locus-drawer-side__support-demonstration-near__layout-a,v37_open_grasped_completion,cabinet,action_intrinsic_pregrasp_bowl_registered_v1,25,743,18,1df868b0e126de6c747a3392f2ae0135f2089140e79694115da746d261455e76,False,False,False,False,False,,True,1408,1.5719908256221857
stagea__drawer-open__possession-grasped__locus-drawer-side__support-demonstration-near__layout-a,v37_open_grasped_completion,cabinet,action_intrinsic_pregrasp_bowl_registered_v1,26,398,18,dddc06067bf84b0019a1cf050048e588df918f7768911fa406ce110da9ad4689,False,False,False,False,False,,True,1409,1.6469816718336743
stagea__drawer-open__possession-grasped__locus-drawer-side__support-demonstration-near__layout-a,v37_open_grasped_completion,cabinet,action_intrinsic_pregrasp_bowl_registered_v1,27,446,18,171014841f360ccb7f224b68357849b87ebcfb38ea27c23f8309cdfd830c7760,False,False,False,False,False,,True,1409,1.7042174517869029
stagea__drawer-open__possession-grasped__locus-drawer-side__support-demonstration-near__layout-a,v37_open_grasped_completion,cabinet,action_intrinsic_pregrasp_bowl_registered_v1,28,724,18,8bbb07bf3048a11cd3879887766413ad6a041eb78ef54667a0528d0ab13f7c0c,False,False,False,False,False,,True,1410,1.6597886398698363
stagea__drawer-open__possession-grasped__locus-drawer-side__support-demonstration-near__layout-a,v37_open_grasped_completion,cabinet,action_intrinsic_pregrasp_bowl_registered_v1,29,521,18,f404e35757cca7351a7956c0091493689bcae213ebc3f600ad9ca7ec35cc19d8,False,False,False,False,False,,True,1411,1.6786978640493944
stagea__drawer-open__possession-grasped__locus-drawer-side__support-demonstration-near__layout-a,v37_open_grasped_completion,cabinet,action_intrinsic_pregrasp_bowl_registered_v1,30,791,18,ab8bc2c0ead1910b94bd3b22c327af072be2575c2b190a011406f4f7286f5de9,False,False,False,False,False,,True,1411,1.7817340365333703
stagea__drawer-open__possession-grasped__locus-drawer-side__support-demonstration-near__layout-a,v37_open_grasped_completion,cabinet,action_intrinsic_pregrasp_bowl_registered_v1,31,474,18,5d93ae0bbe8618d7ad32e89a85261166b35dec3bcaa972751dddbaae8f07150c,True,True,True,False,False,84.0,True,1394,1.7721288554183663
stagea__drawer-open__possession-grasped__locus-drawer-side__support-demonstration-near__layout-a,v37_open_grasped_completion,cabinet,action_intrinsic_pregrasp_bowl_registered_v1,32,514,18,f0570adf2e2cdf55ef01180c8cf15f14c96b33219a8bdcfb110accc19eb31f44,False,False,False,False,False,,True,1412,1.7811668123866513
stagea__drawer-open__possession-grasped__locus-drawer-side__support-demonstration-near__layout-a,v37_open_grasped_completion,cabinet,action_intrinsic_pregrasp_bowl_registered_v1,33,793,18,321fba85a693c5b82c8fc5d19d784724998b7ca98e765b826b728c3015762066,False,False,False,False,False,,True,1412,1.6017524908408198
stagea__drawer-open__possession-grasped__locus-drawer-side__support-demonstration-near__layout-a,v37_open_grasped_completion,cabinet,action_intrinsic_pregrasp_bowl_registered_v1,34,608,18,51b3f339ae2711ec2dee1dcd740cd2c0f3834f5ec75aa5be171a8aabfa384705,False,False,False,False,False,,True,1413,1.6382506116719733
stagea__drawer-open__possession-grasped__locus-drawer-side__support-demonstration-near__layout-a,v37_open_grasped_completion,cabinet,action_intrinsic_pregrasp_bowl_registered_v1,35,696,18,27ac40ae5b0142c7d2dd195b068a73088bc3ab3ec1564e44ffca7f7e715939b7,False,False,False,False,False,,True,1413,1.675158976045266
stagea__drawer-open__possession-grasped__locus-drawer-side__support-demonstration-near__layout-a,v37_open_grasped_completion,cabinet,action_intrinsic_pregrasp_bowl_registered_v1,36,661,18,79a603a018e5f911a590ae269ad2060c3e7efd307ce515d5e88df99491a895e8,False,False,False,False,False,,True,1414,1.7224936606839658
stagea__drawer-open__possession-grasped__locus-drawer-side__support-demonstration-near__layout-a,v37_open_grasped_completion,cabinet,action_intrinsic_pregrasp_bowl_registered_v1,37,745,18,aa1a3bff114b4b0887abbac25cd7b26200e2b2d232d51d48484012ca3ac3efce,False,False,False,False,False,,True,1414,1.7523029104995875
stagea__drawer-open__possession-grasped__locus-drawer-side__support-demonstration-near__layout-a,v37_open_grasped_completion,cabinet,action_intrinsic_pregrasp_bowl_registered_v1,38,767,18,bbf383faef21636081e61ca9fa795f26d897115b2e20fe6c0265b2d8e57172af,False,False,False,False,False,,True,1414,1.645138036070641
stagea__drawer-open__possession-grasped__locus-drawer-side__support-demonstration-near__layout-a,v37_open_grasped_completion,cabinet,action_intrinsic_pregrasp_bowl_registered_v1,39,702,18,3fb5394b81ace7223fa4dc390332e7caab954344c8941276b13b63b0de1c2138,False,False,False,False,False,,True,1415,1.7003696430777877
stagea__drawer-open__possession-grasped__locus-drawer-side__support-demonstration-near__layout-a,v37_open_grasped_completion,cabinet,action_intrinsic_pregrasp_bowl_registered_v1,40,794,18,dcf5210e4570b197e56bdf6a478e82d539aed8c6cdfe5c988d35706a308b1cca,False,False,False,False,False,,True,1417,1.6890227272839933
stagea__drawer-open__possession-grasped__locus-drawer-side__support-demonstration-near__layout-a,v37_open_grasped_completion,cabinet,action_intrinsic_pregrasp_bowl_registered_v1,41,689,18,aa0ba50ca5b7f2632e0e1a5e2bb54df31c7b6cda867839b03bdd0567c6411689,False,False,False,False,False,,True,1418,1.709896138260734
stagea__drawer-open__possession-grasped__locus-drawer-side__support-demonstration-near__layout-a,v37_open_grasped_completion,cabinet,action_intrinsic_pregrasp_bowl_registered_v1,42,402,18,8d680111f934c94908dcb0f1528eef18063eb08cd7ed0c0a56e84debd7464d8c,False,False,False,False,False,,True,1419,1.7547631813849431
stagea__drawer-open__possession-grasped__locus-drawer-side__support-demonstration-near__layout-a,v37_open_grasped_completion,cabinet,action_intrinsic_pregrasp_bowl_registered_v1,43,731,18,5be6d721a6fca1ef425074e8042fb05a80633e90f73f84091fca7a570ba71c84,False,False,False,False,False,,True,1421,1.744871935423899
stagea__drawer-open__possession-grasped__locus-drawer-side__support-demonstration-near__layout-a,v37_open_grasped_completion,cabinet,action_intrinsic_pregrasp_bowl_registered_v1,44,601,18,356b2a75f9d362a1cfb0d6e3fdb65c08269c619643db134c6cedc24fe14feff4,False,False,False,False,False,,True,1429,1.7191617744129704
stagea__drawer-open__possession-grasped__locus-drawer-side__support-demonstration-near__layout-a,v37_open_grasped_completion,cabinet,action_intrinsic_pregrasp_bowl_registered_v1,45,706,18,239ae28404bef990e918f40b44f2aa59e45059ea0befe4a202d06f573aa4c5fd,False,False,False,False,False,,True,1432,1.7551903045834123
stagea__drawer-open__possession-grasped__locus-drawer-side__support-demonstration-near__layout-a,v37_open_grasped_completion,drawer,action_intrinsic_pregrasp_bowl_registered_v1,0,576,12,c4dc33e0754f25efdaa87c75195a9e18ba603fd17aa500a5ab8751927234e465,False,False,False,False,False,,False,1310,1.222153329626636
stagea__drawer-open__possession-grasped__locus-drawer-side__support-demonstration-near__layout-a,v37_open_grasped_completion,drawer,action_intrinsic_pregrasp_bowl_registered_v1,1,694,12,e4d0e6805b6a960d0454858721550b66c578ada98014d5f852301b7bccee4c6e,True,True,True,False,False,163.0,True,1417,2.160133426872236
stagea__drawer-open__possession-grasped__locus-drawer-side__support-demonstration-near__layout-a,v37_open_grasped_completion,drawer,action_intrinsic_pregrasp_bowl_registered_v1,2,614,12,e61d01ded7ab086478e718b79d5a82f3b03ba2f66dca79962533600239750733,False,False,False,False,False,,False,1310,1.2470585814762012
stagea__drawer-open__possession-grasped__locus-drawer-side__support-demonstration-near__layout-a,v37_open_grasped_completion,drawer,action_intrinsic_pregrasp_bowl_registered_v1,3,382,12,f26c8e95841a34fdf898d203d26239d6a90e1c07c81f581944655edeb4f60915,False,False,False,False,False,,True,1440,1.9574981366704722
stagea__drawer-open__possession-grasped__locus-drawer-side__support-demonstration-near__layout-a,v37_open_grasped_completion,drawer,action_intrinsic_pregrasp_bowl_registered_v1,4,526,12,8ebeecff1ddaa357856da5ef867f3055f43a1fe01692dd469542c151b39ea3fc,False,False,False,False,False,,True,1434,2.2424216394963423
stagea__drawer-open__possession-grasped__locus-drawer-side__support-demonstration-near__layout-a,v37_open_grasped_completion,drawer,action_intrinsic_pregrasp_bowl_registered_v1,5,594,12,d5c8812af2a306355bb71a52c35164f93ef95ab0ec2a57638db05edb030de728,False,False,False,False,False,,True,1433,2.3260911354407563
stagea__drawer-open__possession-grasped__locus-drawer-side__support-demonstration-near__layout-a,v37_open_grasped_completion,drawer,action_intrinsic_pregrasp_bowl_registered_v1,6,559,12,6338c79a0fb6aadb247d383c82552982be98a0fe67a07210aa6cdbb957870a0e,False,False,False,False,False,,False,1310,1.2463549733963775
stagea__drawer-open__possession-grasped__locus-drawer-side__support-demonstration-near__layout-a,v37_open_grasped_completion,drawer,action_intrinsic_pregrasp_bowl_registered_v1,7,624,12,adb56e3ec63a390538504dce7dbcfce5bc5f780cf2a323a68559c4952810dca4,False,False,False,False,False,,False,1310,1.2429438238888528
stagea__drawer-open__possession-grasped__locus-drawer-side__support-demonstration-near__layout-a,v37_open_grasped_completion,drawer,action_intrinsic_pregrasp_bowl_registered_v1,8,560,12,257886fa56c8ca594b7a52c9ba5c2ece42a4910673fe22140ee0be23dedc7fed,True,False,True,False,False,172.0,True,1429,2.2200705209962157
stagea__drawer-open__possession-grasped__locus-drawer-side__support-demonstration-near__layout-a,v37_open_grasped_completion,drawer,action_intrinsic_pregrasp_bowl_registered_v1,9,627,12,54c3e36183cf5ef2a823d528e9503368965fc007ae422f9ac129decd6be47724,False,False,False,False,False,,True,1420,1.8548810861059315
stagea__drawer-open__possession-grasped__locus-drawer-side__support-demonstration-near__layout-a,v37_open_grasped_completion,drawer,action_intrinsic_pregrasp_bowl_registered_v1,10,684,12,4b41c4e5e61e059c2e83642794a66dcb58b90e9370db1b39755f83c021da75d2,False,False,False,False,False,,True,1438,2.2310714430806655
stagea__drawer-open__possession-grasped__locus-drawer-side__support-demonstration-near__layout-a,v37_open_grasped_completion,drawer,action_intrinsic_pregrasp_bowl_registered_v1,11,409,12,e8aa2651d0fba6006bbd1ce8844606d4c1e24568d5b42dae3098ea158f05f04f,False,False,False,False,False,,True,1435,2.0784186215505898
stagea__drawer-open__possession-grasped__locus-drawer-side__support-demonstration-near__layout-a,v37_open_grasped_completion,drawer,action_intrinsic_pregrasp_bowl_registered_v1,12,548,12,8039f55efc1d3b2afff01d9544afe9a27c13a9fde71ed489cc1888b03d05d72d,False,False,False,False,False,,False,1310,1.335752729259463
stagea__drawer-open__possession-grasped__locus-drawer-side__support-demonstration-near__layout-a,v37_open_grasped_completion,drawer,action_intrinsic_pregrasp_bowl_registered_v1,13,742,12,db2e8c6a4ceb523133f51e21d0d31a8320ab88d1c0c7c0b124435499ea21a230,False,False,False,False,False,,False,1310,1.2382175445176253
stagea__drawer-open__possession-grasped__locus-drawer-side__support-demonstration-near__layout-a,v37_open_grasped_completion,drawer,action_intrinsic_pregrasp_bowl_registered_v1,14,790,12,92034ebae21e287f92cdafcaaf1c4cc9ca7d732c105e28653f41c814086a107c,False,False,False,False,False,,False,1310,1.3161683666481223
stagea__drawer-open__possession-grasped__locus-drawer-side__support-demonstration-near__layout-a,v37_open_grasped_completion,drawer,action_intrinsic_pregrasp_bowl_registered_v1,15,534,12,47ec06d84d5536c7bc2c903e0f4bc40c38674a2cc7e48d22e791a529d149c23f,False,False,False,False,False,,False,1310,1.3031237360851369
stagea__drawer-open__possession-grasped__locus-drawer-side__support-demonstration-near__layout-a,v37_open_grasped_completion,drawer,action_intrinsic_pregrasp_bowl_registered_v1,16,498,12,f6ffd6f59a512dc3d6da39d1c991a246f1f6c4fda28c9c6951d1ead81b79d73e,False,False,False,False,False,,True,1430,1.8799304131120131
stagea__drawer-open__possession-grasped__locus-drawer-side__support-demonstration-near__layout-a,v37_open_grasped_completion,drawer,action_intrinsic_pregrasp_bowl_registered_v1,17,737,12,24d53009f0c5a3917d02b3366eb875314813a60de3081d1bf69f19e04fcfd2ec,True,False,True,False,False,183.0,True,1426,2.2263086112815254
stagea__drawer-open__possession-grasped__locus-drawer-side__support-demonstration-near__layout-a,v37_open_grasped_completion,drawer,action_intrinsic_pregrasp_bowl_registered_v1,18,489,12,548f110a2e4050299ae8b3a610c9806b51995a65b74f8a79b83dece3b9636a3f,True,False,True,False,False,183.0,True,1424,2.2634975093072227
stagea__drawer-open__possession-grasped__locus-drawer-side__support-demonstration-near__layout-a,v37_open_grasped_completion,drawer,action_intrinsic_pregrasp_bowl_registered_v1,19,784,12,d61fad8212342e13bc37c975339f3effa6841a3166deace8fa063482deeb95c4,True,False,True,False,False,183.0,True,1431,2.2647493114904274
stagea__drawer-open__possession-grasped__locus-drawer-side__support-demonstration-near__layout-a,v37_open_grasped_completion,drawer,action_intrinsic_pregrasp_bowl_registered_v1,20,701,12,4b63123279f4f228439254b39a178ae1dc4773dc6dc6d53eb6d453f24e40eda3,False,False,False,False,False,,True,1435,2.194374926143978
stagea__drawer-open__possession-grasped__locus-drawer-side__support-demonstration-near__layout-a,v37_open_grasped_completion,drawer,action_intrinsic_pregrasp_bowl_registered_v1,21,416,12,41b4ab3c6eab78d6c7d147d6b7319f520c6dafa8eee44a2166e002b28cb2fdfd,False,False,False,False,False,,True,1434,2.21357569328731
stagea__drawer-open__possession-grasped__locus-drawer-side__support-demonstration-near__layout-a,v37_open_grasped_completion,drawer,action_intrinsic_pregrasp_bowl_registered_v1,22,462,12,40dafe57a26443dcd16aaaca097715e50661a8f0bc112c64947bc2ee28c75703,True,False,True,False,False,186.0,True,1439,2.290084645905638
stagea__drawer-open__possession-grasped__locus-drawer-side__support-demonstration-near__layout-a,v37_open_grasped_completion,drawer,action_intrinsic_pregrasp_bowl_registered_v1,23,494,12,93f39f1498437ddba0efc6eb059cd2b642ab544fab2f3336525878a4763097d4,False,False,False,False,False,,True,1434,1.8733924604557242
stagea__drawer-open__possession-grasped__locus-drawer-side__support-demonstration-near__layout-a,v37_open_grasped_completion,drawer,action_intrinsic_pregrasp_bowl_registered_v1,24,414,12,9ec592154057d5c791bd6ea65380646ea92cd0d23d38116bae61bcd4d9af6daa,True,False,True,False,False,189.0,True,1428,2.277961065316629
stagea__drawer-open__possession-grasped__locus-drawer-side__support-demonstration-near__layout-a,v37_open_grasped_completion,drawer,action_intrinsic_pregrasp_bowl_registered_v1,25,523,12,eff93d2d3123718e86e9f1b41fb58d6a377fbec3687a6300f32204f553b41906,True,False,True,False,False,194.0,True,1437,2.2263704900989767
stagea__drawer-open__possession-grasped__locus-drawer-side__support-demonstration-near__layout-a,v37_open_grasped_completion,drawer,action_intrinsic_pregrasp_bowl_registered_v1,26,762,12,5a6ad00de32247a9c04c1b1ae331ac99f700b26de0552cc1171848d4a8682ec3,False,False,False,False,False,,True,1432,1.931805006663902
stagea__drawer-open__possession-grasped__locus-drawer-side__support-demonstration-near__layout-a,v37_open_grasped_completion,drawer,action_intrinsic_pregrasp_bowl_registered_v1,27,758,12,908f23fecbfd35ae5c9dcbedd3858d03ec11dd138bb2dab0f43ee0d4574695b4,False,False,False,False,False,,False,1310,1.293686353747297
stagea__drawer-open__possession-grasped__locus-drawer-side__support-demonstration-near__layout-a,v37_open_grasped_completion,drawer,action_intrinsic_pregrasp_bowl_registered_v1,28,782,12,de7cef4f6a636948f4190f834219967d71ea3e72fe0b4f836e50e047f5d757f3,False,False,False,False,False,,True,1446,1.9121693612810169
stagea__drawer-open__possession-grasped__locus-drawer-side__support-demonstration-near__layout-a,v37_open_grasped_completion,drawer,action_intrinsic_pregrasp_bowl_registered_v1,29,383,12,f598f486a32782cc98bfad505745987af2a8f37f2e9c4aa94b4ec2f8b9fa8ae4,False,False,False,False,False,,True,1447,1.9735386081379873
stagea__drawer-open__possession-grasped__locus-drawer-side__support-demonstration-near__layout-a,v37_open_grasped_completion,drawer,action_intrinsic_pregrasp_bowl_registered_v1,30,738,12,8eabf11d95595bb7c52a4944a62cc03da44e1f462b7ad8a09519f9c8d10286aa,True,False,True,False,False,209.0,True,1458,2.463394898157627
stagea__drawer-open__possession-grasped__locus-drawer-side__support-demonstration-near__layout-a,v37_open_grasped_completion,drawer,action_intrinsic_pregrasp_bowl_registered_v1,31,538,12,08ad1772331225b10cf37ff13b272f62c36cb63525e1e766a49b9b0fcb1a42c6,True,False,True,False,False,209.0,True,1454,2.471121303729878
stagea__drawer-open__possession-grasped__locus-drawer-side__support-demonstration-near__layout-a,v37_open_grasped_completion,drawer,action_intrinsic_pregrasp_bowl_registered_v1,32,465,12,e0429b5fe21a733c15e4703fae6c590da9aaff3e0b059bfd634952b78272b52f,True,False,True,False,False,218.0,True,1439,1.9848837790427214
stagea__drawer-open__possession-grasped__locus-drawer-side__support-demonstration-near__layout-a,v37_open_grasped_completion,drawer,action_intrinsic_pregrasp_bowl_registered_v1,33,449,12,f20bb3de976403a90113d79607775b68c63181b9aaba242dc0f356def02dad3e,True,False,True,False,False,234.0,True,1472,2.728665862940904
stagea__drawer-open__possession-grasped__locus-drawer-side__support-demonstration-near__layout-a,v37_open_grasped_completion,drawer,action_intrinsic_pregrasp_bowl_registered_v1,34,711,12,5fbc8383f1842247c97b8be8ec4cb5a910eaea56fe8ac6bc4025f658f74279c2,False,False,False,False,False,,True,1469,1.6369457530531961
stagea__drawer-open__possession-grasped__locus-drawer-side__support-demonstration-near__layout-a,v37_open_grasped_completion,drawer,action_intrinsic_pregrasp_bowl_registered_v1,35,387,12,a6b95196dd651f801df5eb0aaac15cabaa4501ebba68b07e61bc42d336c598b2,False,False,False,False,False,,True,1503,2.0281611782998814
stagea__drawer-open__possession-grasped__locus-drawer-side__support-demonstration-near__layout-b,v37_open_grasped_completion,cabinet,action_intrinsic_pregrasp_bowl_registered_v1,0,438,18,fc624695eb2d39b20e511c8ac6df4923b6bff3cff56ff389622f45310e9278c2,False,False,False,False,False,,True,1395,1.7829196885796361
stagea__drawer-open__possession-grasped__locus-drawer-side__support-demonstration-near__layout-b,v37_open_grasped_completion,cabinet,action_intrinsic_pregrasp_bowl_registered_v1,1,712,18,9af535ed5943f0efe94c6e6136614fdd45017940a69a8267687e68416905a9d8,False,False,False,False,False,,True,1396,1.822728279466515
stagea__drawer-open__possession-grasped__locus-drawer-side__support-demonstration-near__layout-b,v37_open_grasped_completion,cabinet,action_intrinsic_pregrasp_bowl_registered_v1,2,669,18,bb63603def241e17b02c89c5513d1ef93cf75f47c260b5b139f120acf22c26f8,False,False,False,False,False,,True,1397,1.7187299716687103
stagea__drawer-open__possession-grasped__locus-drawer-side__support-demonstration-near__layout-b,v37_open_grasped_completion,cabinet,action_intrinsic_pregrasp_bowl_registered_v1,3,590,18,0348abe806a47069551301e2e86e25fcca5b8db8fd3f5b128630180e19057a9c,False,False,False,False,False,,True,1399,1.8102279003250032
stagea__drawer-open__possession-grasped__locus-drawer-side__support-demonstration-near__layout-b,v37_open_grasped_completion,cabinet,action_intrinsic_pregrasp_bowl_registered_v1,4,597,18,3bd590038acfecf91321ca683267c834fb8ebbd4f559e5fd8f89bf1dda561e9f,False,False,False,False,False,,True,1399,1.7821104728066997
stagea__drawer-open__possession-grasped__locus-drawer-side__support-demonstration-near__layout-b,v37_open_grasped_completion,cabinet,action_intrinsic_pregrasp_bowl_registered_v1,5,660,18,082d8ee4933e7774b752cd6fbf2ea76a20ff927bf4afa8bd09b7ddc47aefba34,False,False,False,False,False,,True,1399,1.6325832708546284
stagea__drawer-open__possession-grasped__locus-drawer-side__support-demonstration-near__layout-b,v37_open_grasped_completion,cabinet,action_intrinsic_pregrasp_bowl_registered_v1,6,458,18,4d4a24b15ada9177614865d055b4dccd354dd4ce8dac9eb391c68984fc50691e,False,False,False,False,False,,True,1400,1.8445817663184316
stagea__drawer-open__possession-grasped__locus-drawer-side__support-demonstration-near__layout-b,v37_open_grasped_completion,cabinet,action_intrinsic_pregrasp_bowl_registered_v1,7,573,18,2e42787c67b5b157b79e3c3b2980a13563d41b4cbf69a9279c710d30a6292e92,False,False,False,False,False,,True,1400,1.6785076590932126
stagea__drawer-open__possession-grasped__locus-drawer-side__support-demonstration-near__layout-b,v37_open_grasped_completion,cabinet,action_intrinsic_pregrasp_bowl_registered_v1,8,681,18,32bf1db8cfb866d929b97eaf4f6ad55599246fef24edf68fea15ede3b5cf005e,False,False,False,False,False,,True,1400,1.7808585341803163
stagea__drawer-open__possession-grasped__locus-drawer-side__support-demonstration-near__layout-b,v37_open_grasped_completion,cabinet,action_intrinsic_pregrasp_bowl_registered_v1,9,452,18,016fe7cdd6622e9f77775f108f3cb4e4f836ec330ac07003f39fb7e5dbd594d5,False,False,False,False,False,,True,1402,1.6936271048276652
stagea__drawer-open__possession-grasped__locus-drawer-side__support-demonstration-near__layout-b,v37_open_grasped_completion,cabinet,action_intrinsic_pregrasp_bowl_registered_v1,10,775,18,b7e8758503c46c2273a688c9d98a5cbf14447ba59301bb326ca3a9078d7ea079,False,False,False,False,False,,True,1402,1.8297139691220443
stagea__drawer-open__possession-grasped__locus-drawer-side__support-demonstration-near__layout-b,v37_open_grasped_completion,cabinet,action_intrinsic_pregrasp_bowl_registered_v1,11,665,18,a4a985f59f32ec185896dca87996aa455a720e318f579d3c58b2a88d391ef2bd,False,False,False,False,False,,True,1404,1.684639783416551
stagea__drawer-open__possession-grasped__locus-drawer-side__support-demonstration-near__layout-b,v37_open_grasped_completion,cabinet,action_intrinsic_pregrasp_bowl_registered_v1,12,444,18,4d00108fccbba095038c80424e863deb2221dea2d50d4f2c5a3442f48d6466a2,False,False,False,False,False,,True,1405,1.6866870723146548
stagea__drawer-open__possession-grasped__locus-drawer-side__support-demonstration-near__layout-b,v37_open_grasped_completion,cabinet,action_intrinsic_pregrasp_bowl_registered_v1,13,501,18,033327dbdb43b4bfddc6ed286bf6f8e8a6112ffe991905c700c75ec0676b386c,False,False,False,False,False,,True,1405,1.8013298122869452
stagea__drawer-open__possession-grasped__locus-drawer-side__support-demonstration-near__layout-b,v37_open_grasped_completion,cabinet,action_intrinsic_pregrasp_bowl_registered_v1,14,638,18,a8d81987e6f0f385619548c3982d9078c5c54a76d95ade16b8a982ad08234932,False,False,False,False,False,,True,1405,1.8646017136061754
stagea__drawer-open__possession-grasped__locus-drawer-side__support-demonstration-near__layout-b,v37_open_grasped_completion,cabinet,action_intrinsic_pregrasp_bowl_registered_v1,15,674,18,9b9937400a6e113f3901f66bf04dbac00fcbef6b9d999843ef0c651c1d76ce93,False,False,False,False,False,,True,1405,1.840730700994897
stagea__drawer-open__possession-grasped__locus-drawer-side__support-demonstration-near__layout-b,v37_open_grasped_completion,cabinet,action_intrinsic_pregrasp_bowl_registered_v1,16,493,18,6cd7e138d3e7108f26e5396426d285829d7a3044a5068557110ad529c60f88fb,False,False,False,False,False,,True,1406,1.8320933858673651
stagea__drawer-open__possession-grasped__locus-drawer-side__support-demonstration-near__layout-b,v37_open_grasped_completion,cabinet,action_intrinsic_pregrasp_bowl_registered_v1,17,636,18,0a4fa289713d5467f4f401adaef6d834685933041fe590343f19ee059e605170,False,False,False,False,False,,True,1406,1.7060942973625028
stagea__drawer-open__possession-grasped__locus-drawer-side__support-demonstration-near__layout-b,v37_open_grasped_completion,cabinet,action_intrinsic_pregrasp_bowl_registered_v1,18,699,18,9504ca4f990d01cd111eed0f44cf9f286704e69d2bef21680ad53de5b6c6e501,True,True,True,False,False,80.0,True,1390,1.843439808561554
stagea__drawer-open__possession-grasped__locus-drawer-side__support-demonstration-near__layout-b,v37_open_grasped_completion,cabinet,action_intrinsic_pregrasp_bowl_registered_v1,19,456,18,fe869cc76141d5cbf6d64ee2c3c80a872e3f32bfcb5763bfe38221d3c6f8774f,False,False,False,False,False,,True,1407,1.8808482554235852
stagea__drawer-open__possession-grasped__locus-drawer-side__support-demonstration-near__layout-b,v37_open_grasped_completion,cabinet,action_intrinsic_pregrasp_bowl_registered_v1,20,570,18,c2d4c5bdce9483b0609598e4bd984122284c5eef5a4d26eac9681c616139a807,False,False,False,False,False,,True,1407,1.8637663219140812
stagea__drawer-open__possession-grasped__locus-drawer-side__support-demonstration-near__layout-b,v37_open_grasped_completion,cabinet,action_intrinsic_pregrasp_bowl_registered_v1,21,662,18,9b8d4f7149a62a256faa3e7ea0e5c2f3125d95bea41d4c479b86904e2d505dcf,False,False,False,False,False,,True,1407,1.7932793773582734
stagea__drawer-open__possession-grasped__locus-drawer-side__support-demonstration-near__layout-b,v37_open_grasped_completion,cabinet,action_intrinsic_pregrasp_bowl_registered_v1,22,732,18,c3b4ba9df80cca1c1bc20693376c230d3bc01ba9f981bb21aff3d94f5df62a66,False,False,False,False,False,,True,1407,1.7218282912644272
stagea__drawer-open__possession-grasped__locus-drawer-side__support-demonstration-near__layout-b,v37_open_grasped_completion,cabinet,action_intrinsic_pregrasp_bowl_registered_v1,23,505,18,69ffa114adff6ac44594f47b51bd23b379470a0da01eb7ed63f3d8a0d4c8775a,False,False,False,False,False,,True,1408,1.8347033313192151
stagea__drawer-open__possession-grasped__locus-drawer-side__support-demonstration-near__layout-b,v37_open_grasped_completion,cabinet,action_intrinsic_pregrasp_bowl_registered_v1,24,630,18,d47820b50d009ef5f221017fa25bcb7f75e7cde874bf13cd4a5f40b7d49fe74f,False,False,False,False,False,,True,1408,1.6753059487808957
stagea__drawer-open__possession-grasped__locus-drawer-side__support-demonstration-near__layout-b,v37_open_grasped_completion,cabinet,action_intrinsic_pregrasp_bowl_registered_v1,25,743,18,1df868b0e126de6c747a3392f2ae0135f2089140e79694115da746d261455e76,False,False,False,False,False,,True,1408,1.7944951326948244
stagea__drawer-open__possession-grasped__locus-drawer-side__support-demonstration-near__layout-b,v37_open_grasped_completion,cabinet,action_intrinsic_pregrasp_bowl_registered_v1,26,398,18,dddc06067bf84b0019a1cf050048e588df918f7768911fa406ce110da9ad4689,False,False,False,False,False,,True,1409,1.7146430220225297
stagea__drawer-open__possession-grasped__locus-drawer-side__support-demonstration-near__layout-b,v37_open_grasped_completion,cabinet,action_intrinsic_pregrasp_bowl_registered_v1,27,446,18,171014841f360ccb7f224b68357849b87ebcfb38ea27c23f8309cdfd830c7760,False,False,False,False,False,,True,1409,1.8331537334954566
stagea__drawer-open__possession-grasped__locus-drawer-side__support-demonstration-near__layout-b,v37_open_grasped_completion,cabinet,action_intrinsic_pregrasp_bowl_registered_v1,28,724,18,8bbb07bf3048a11cd3879887766413ad6a041eb78ef54667a0528d0ab13f7c0c,False,False,False,False,False,,True,1410,1.7284706816531936
stagea__drawer-open__possession-grasped__locus-drawer-side__support-demonstration-near__layout-b,v37_open_grasped_completion,cabinet,action_intrinsic_pregrasp_bowl_registered_v1,29,521,18,f404e35757cca7351a7956c0091493689bcae213ebc3f600ad9ca7ec35cc19d8,False,False,False,False,False,,True,1411,1.7394882505271525
stagea__drawer-open__possession-grasped__locus-drawer-side__support-demonstration-near__layout-b,v37_open_grasped_completion,cabinet,action_intrinsic_pregrasp_bowl_registered_v1,30,791,18,ab8bc2c0ead1910b94bd3b22c327af072be2575c2b190a011406f4f7286f5de9,False,False,False,False,False,,True,1411,1.798114111554855
stagea__drawer-open__possession-grasped__locus-drawer-side__support-demonstration-near__layout-b,v37_open_grasped_completion,cabinet,action_intrinsic_pregrasp_bowl_registered_v1,31,474,18,5d93ae0bbe8618d7ad32e89a85261166b35dec3bcaa972751dddbaae8f07150c,True,False,True,False,False,85.0,True,1395,1.801067806460659
stagea__drawer-open__possession-grasped__locus-drawer-side__support-demonstration-near__layout-b,v37_open_grasped_completion,cabinet,action_intrinsic_pregrasp_bowl_registered_v1,32,514,18,f0570adf2e2cdf55ef01180c8cf15f14c96b33219a8bdcfb110accc19eb31f44,False,False,False,False,False,,True,1412,1.9747580222661376
stagea__drawer-open__possession-grasped__locus-drawer-side__support-demonstration-near__layout-b,v37_open_grasped_completion,cabinet,action_intrinsic_pregrasp_bowl_registered_v1,33,793,18,321fba85a693c5b82c8fc5d19d784724998b7ca98e765b826b728c3015762066,False,False,False,False,False,,True,1412,1.8714891672670193
stagea__drawer-open__possession-grasped__locus-drawer-side__support-demonstration-near__layout-b,v37_open_grasped_completion,cabinet,action_intrinsic_pregrasp_bowl_registered_v1,34,608,18,51b3f339ae2711ec2dee1dcd740cd2c0f3834f5ec75aa5be171a8aabfa384705,False,False,False,False,False,,True,1413,1.71323972126282
stagea__drawer-open__possession-grasped__locus-drawer-side__support-demonstration-near__layout-b,v37_open_grasped_completion,cabinet,action_intrinsic_pregrasp_bowl_registered_v1,35,696,18,27ac40ae5b0142c7d2dd195b068a73088bc3ab3ec1564e44ffca7f7e715939b7,False,False,False,False,False,,True,1413,1.7619953010587968
stagea__drawer-open__possession-grasped__locus-drawer-side__support-demonstration-near__layout-b,v37_open_grasped_completion,cabinet,action_intrinsic_pregrasp_bowl_registered_v1,36,661,18,79a603a018e5f911a590ae269ad2060c3e7efd307ce515d5e88df99491a895e8,False,False,False,False,False,,True,1414,1.7951861616229525
stagea__drawer-open__possession-grasped__locus-drawer-side__support-demonstration-near__layout-b,v37_open_grasped_completion,cabinet,action_intrinsic_pregrasp_bowl_registered_v1,37,745,18,aa1a3bff114b4b0887abbac25cd7b26200e2b2d232d51d48484012ca3ac3efce,False,False,False,False,False,,True,1414,1.8293889185309233
stagea__drawer-open__possession-grasped__locus-drawer-side__support-demonstration-near__layout-b,v37_open_grasped_completion,cabinet,action_intrinsic_pregrasp_bowl_registered_v1,38,767,18,bbf383faef21636081e61ca9fa795f26d897115b2e20fe6c0265b2d8e57172af,False,False,False,False,False,,True,1414,1.7102440234309273
stagea__drawer-open__possession-grasped__locus-drawer-side__support-demonstration-near__layout-b,v37_open_grasped_completion,cabinet,action_intrinsic_pregrasp_bowl_registered_v1,39,702,18,3fb5394b81ace7223fa4dc390332e7caab954344c8941276b13b63b0de1c2138,False,False,False,False,False,,True,1415,1.7422357876812384
stagea__drawer-open__possession-grasped__locus-drawer-side__support-demonstration-near__layout-b,v37_open_grasped_completion,cabinet,action_intrinsic_pregrasp_bowl_registered_v1,40,794,18,dcf5210e4570b197e56bdf6a478e82d539aed8c6cdfe5c988d35706a308b1cca,False,False,False,False,False,,True,1417,1.7491975129485673
stagea__drawer-open__possession-grasped__locus-drawer-side__support-demonstration-near__layout-b,v37_open_grasped_completion,cabinet,action_intrinsic_pregrasp_bowl_registered_v1,41,689,18,aa0ba50ca5b7f2632e0e1a5e2bb54df31c7b6cda867839b03bdd0567c6411689,False,False,False,False,False,,True,1418,1.7809688090525007
stagea__drawer-open__possession-grasped__locus-drawer-side__support-demonstration-near__layout-b,v37_open_grasped_completion,cabinet,action_intrinsic_pregrasp_bowl_registered_v1,42,402,18,8d680111f934c94908dcb0f1528eef18063eb08cd7ed0c0a56e84debd7464d8c,False,False,False,False,False,,True,1419,1.8299150869310057
stagea__drawer-open__possession-grasped__locus-drawer-side__support-demonstration-near__layout-b,v37_open_grasped_completion,cabinet,action_intrinsic_pregrasp_bowl_registered_v1,43,731,18,5be6d721a6fca1ef425074e8042fb05a80633e90f73f84091fca7a570ba71c84,False,False,False,False,False,,True,1421,1.9213460510106706
stagea__drawer-open__possession-grasped__locus-drawer-side__support-demonstration-near__layout-b,v37_open_grasped_completion,cabinet,action_intrinsic_pregrasp_bowl_registered_v1,44,601,18,356b2a75f9d362a1cfb0d6e3fdb65c08269c619643db134c6cedc24fe14feff4,False,False,False,False,False,,True,1429,1.8518729484316134
stagea__drawer-open__possession-grasped__locus-drawer-side__support-demonstration-near__layout-b,v37_open_grasped_completion,cabinet,action_intrinsic_pregrasp_bowl_registered_v1,45,706,18,239ae28404bef990e918f40b44f2aa59e45059ea0befe4a202d06f573aa4c5fd,False,False,False,False,False,,True,1432,1.8179367677839158
stagea__drawer-open__possession-grasped__locus-drawer-side__support-demonstration-near__layout-b,v37_open_grasped_completion,drawer,action_intrinsic_pregrasp_bowl_registered_v1,0,576,12,c4dc33e0754f25efdaa87c75195a9e18ba603fd17aa500a5ab8751927234e465,False,False,False,False,False,,True,1430,2.140621677412047
stagea__drawer-open__possession-grasped__locus-drawer-side__support-demonstration-near__layout-b,v37_open_grasped_completion,drawer,action_intrinsic_pregrasp_bowl_registered_v1,1,694,12,e4d0e6805b6a960d0454858721550b66c578ada98014d5f852301b7bccee4c6e,True,True,True,False,False,163.0,True,1417,2.1420691539725913
stagea__drawer-open__possession-grasped__locus-drawer-side__support-demonstration-near__layout-b,v37_open_grasped_completion,drawer,action_intrinsic_pregrasp_bowl_registered_v1,2,614,12,e61d01ded7ab086478e718b79d5a82f3b03ba2f66dca79962533600239750733,False,False,False,False,False,,False,1310,1.269335882195868
stagea__drawer-open__possession-grasped__locus-drawer-side__support-demonstration-near__layout-b,v37_open_grasped_completion,drawer,action_intrinsic_pregrasp_bowl_registered_v1,3,382,12,f26c8e95841a34fdf898d203d26239d6a90e1c07c81f581944655edeb4f60915,False,False,False,False,False,,True,1440,1.951009903933729
stagea__drawer-open__possession-grasped__locus-drawer-side__support-demonstration-near__layout-b,v37_open_grasped_completion,drawer,action_intrinsic_pregrasp_bowl_registered_v1,4,526,12,8ebeecff1ddaa357856da5ef867f3055f43a1fe01692dd469542c151b39ea3fc,False,False,False,False,False,,True,1434,2.232138144090389
stagea__drawer-open__possession-grasped__locus-drawer-side__support-demonstration-near__layout-b,v37_open_grasped_completion,drawer,action_intrinsic_pregrasp_bowl_registered_v1,5,594,12,d5c8812af2a306355bb71a52c35164f93ef95ab0ec2a57638db05edb030de728,False,False,False,False,False,,True,1433,2.3028360315853984
stagea__drawer-open__possession-grasped__locus-drawer-side__support-demonstration-near__layout-b,v37_open_grasped_completion,drawer,action_intrinsic_pregrasp_bowl_registered_v1,6,559,12,6338c79a0fb6aadb247d383c82552982be98a0fe67a07210aa6cdbb957870a0e,False,False,False,False,False,,False,1310,1.2504944165905854
stagea__drawer-open__possession-grasped__locus-drawer-side__support-demonstration-near__layout-b,v37_open_grasped_completion,drawer,action_intrinsic_pregrasp_bowl_registered_v1,7,624,12,adb56e3ec63a390538504dce7dbcfce5bc5f780cf2a323a68559c4952810dca4,False,False,False,False,False,,False,1310,1.2657684026952671
stagea__drawer-open__possession-grasped__locus-drawer-side__support-demonstration-near__layout-b,v37_open_grasped_completion,drawer,action_intrinsic_pregrasp_bowl_registered_v1,8,560,12,257886fa56c8ca594b7a52c9ba5c2ece42a4910673fe22140ee0be23dedc7fed,True,False,True,False,False,173.0,True,1430,2.230581360587589
stagea__drawer-open__possession-grasped__locus-drawer-side__support-demonstration-near__layout-b,v37_open_grasped_completion,drawer,action_intrinsic_pregrasp_bowl_registered_v1,9,627,12,54c3e36183cf5ef2a823d528e9503368965fc007ae422f9ac129decd6be47724,False,False,False,False,False,,True,1420,1.8324147092936784
stagea__drawer-open__possession-grasped__locus-drawer-side__support-demonstration-near__layout-b,v37_open_grasped_completion,drawer,action_intrinsic_pregrasp_bowl_registered_v1,10,684,12,4b41c4e5e61e059c2e83642794a66dcb58b90e9370db1b39755f83c021da75d2,False,False,False,False,False,,True,1438,2.2497500920624605
stagea__drawer-open__possession-grasped__locus-drawer-side__support-demonstration-near__layout-b,v37_open_grasped_completion,drawer,action_intrinsic_pregrasp_bowl_registered_v1,11,409,12,e8aa2651d0fba6006bbd1ce8844606d4c1e24568d5b42dae3098ea158f05f04f,False,False,False,False,False,,True,1435,2.059718847482733
stagea__drawer-open__possession-grasped__locus-drawer-side__support-demonstration-near__layout-b,v37_open_grasped_completion,drawer,action_intrinsic_pregrasp_bowl_registered_v1,12,548,12,8039f55efc1d3b2afff01d9544afe9a27c13a9fde71ed489cc1888b03d05d72d,False,False,False,False,False,,False,1310,1.2991420222728434
stagea__drawer-open__possession-grasped__locus-drawer-side__support-demonstration-near__layout-b,v37_open_grasped_completion,drawer,action_intrinsic_pregrasp_bowl_registered_v1,13,742,12,db2e8c6a4ceb523133f51e21d0d31a8320ab88d1c0c7c0b124435499ea21a230,False,False,False,False,False,,False,1310,1.241925729378627
stagea__drawer-open__possession-grasped__locus-drawer-side__support-demonstration-near__layout-b,v37_open_grasped_completion,drawer,action_intrinsic_pregrasp_bowl_registered_v1,14,790,12,92034ebae21e287f92cdafcaaf1c4cc9ca7d732c105e28653f41c814086a107c,False,False,False,False,False,,False,1310,1.3011184259884523
stagea__drawer-open__possession-grasped__locus-drawer-side__support-demonstration-near__layout-b,v37_open_grasped_completion,drawer,action_intrinsic_pregrasp_bowl_registered_v1,15,534,12,47ec06d84d5536c7bc2c903e0f4bc40c38674a2cc7e48d22e791a529d149c23f,False,False,False,False,False,,False,1310,1.271732368120087
stagea__drawer-open__possession-grasped__locus-drawer-side__support-demonstration-near__layout-b,v37_open_grasped_completion,drawer,action_intrinsic_pregrasp_bowl_registered_v1,16,498,12,f6ffd6f59a512dc3d6da39d1c991a246f1f6c4fda28c9c6951d1ead81b79d73e,False,False,False,False,False,,True,1430,2.16788531490511
stagea__drawer-open__possession-grasped__locus-drawer-side__support-demonstration-near__layout-b,v37_open_grasped_completion,drawer,action_intrinsic_pregrasp_bowl_registered_v1,17,737,12,24d53009f0c5a3917d02b3366eb875314813a60de3081d1bf69f19e04fcfd2ec,True,False,True,False,False,183.0,True,1426,2.2158262293001645
stagea__drawer-open__possession-grasped__locus-drawer-side__support-demonstration-near__layout-b,v37_open_grasped_completion,drawer,action_intrinsic_pregrasp_bowl_registered_v1,18,489,12,548f110a2e4050299ae8b3a610c9806b51995a65b74f8a79b83dece3b9636a3f,True,False,True,False,False,183.0,True,1424,2.2495280964706503
stagea__drawer-open__possession-grasped__locus-drawer-side__support-demonstration-near__layout-b,v37_open_grasped_completion,drawer,action_intrinsic_pregrasp_bowl_registered_v1,19,784,12,d61fad8212342e13bc37c975339f3effa6841a3166deace8fa063482deeb95c4,False,False,False,False,False,,False,1310,1.2419152250897625
stagea__drawer-open__possession-grasped__locus-drawer-side__support-demonstration-near__layout-b,v37_open_grasped_completion,drawer,action_intrinsic_pregrasp_bowl_registered_v1,20,701,12,4b63123279f4f228439254b39a178ae1dc4773dc6dc6d53eb6d453f24e40eda3,False,False,False,False,False,,True,1435,2.038451174929396
stagea__drawer-open__possession-grasped__locus-drawer-side__support-demonstration-near__layout-b,v37_open_grasped_completion,drawer,action_intrinsic_pregrasp_bowl_registered_v1,21,416,12,41b4ab3c6eab78d6c7d147d6b7319f520c6dafa8eee44a2166e002b28cb2fdfd,False,False,False,False,False,,True,1434,2.201591886663646
stagea__drawer-open__possession-grasped__locus-drawer-side__support-demonstration-near__layout-b,v37_open_grasped_completion,drawer,action_intrinsic_pregrasp_bowl_registered_v1,22,462,12,40dafe57a26443dcd16aaaca097715e50661a8f0bc112c64947bc2ee28c75703,True,False,True,False,False,189.0,True,1442,2.288040077924239
stagea__drawer-open__possession-grasped__locus-drawer-side__support-demonstration-near__layout-b,v37_open_grasped_completion,drawer,action_intrinsic_pregrasp_bowl_registered_v1,23,494,12,93f39f1498437ddba0efc6eb059cd2b642ab544fab2f3336525878a4763097d4,False,False,False,False,False,,True,1434,2.031496927673409
stagea__drawer-open__possession-grasped__locus-drawer-side__support-demonstration-near__layout-b,v37_open_grasped_completion,drawer,action_intrinsic_pregrasp_bowl_registered_v1,24,414,12,9ec592154057d5c791bd6ea65380646ea92cd0d23d38116bae61bcd4d9af6daa,True,False,True,False,False,182.0,True,1421,2.205200562162087
stagea__drawer-open__possession-grasped__locus-drawer-side__support-demonstration-near__layout-b,v37_open_grasped_completion,drawer,action_intrinsic_pregrasp_bowl_registered_v1,25,523,12,eff93d2d3123718e86e9f1b41fb58d6a377fbec3687a6300f32204f553b41906,True,False,True,False,False,193.0,True,1436,2.213336243280885
stagea__drawer-open__possession-grasped__locus-drawer-side__support-demonstration-near__layout-b,v37_open_grasped_completion,drawer,action_intrinsic_pregrasp_bowl_registered_v1,26,762,12,5a6ad00de32247a9c04c1b1ae331ac99f700b26de0552cc1171848d4a8682ec3,False,False,False,False,False,,True,1432,1.9713737474725523
stagea__drawer-open__possession-grasped__locus-drawer-side__support-demonstration-near__layout-b,v37_open_grasped_completion,drawer,action_intrinsic_pregrasp_bowl_registered_v1,27,758,12,908f23fecbfd35ae5c9dcbedd3858d03ec11dd138bb2dab0f43ee0d4574695b4,False,False,False,False,False,,False,1310,1.2773781531931347
stagea__drawer-open__possession-grasped__locus-drawer-side__support-demonstration-near__layout-b,v37_open_grasped_completion,drawer,action_intrinsic_pregrasp_bowl_registered_v1,28,782,12,de7cef4f6a636948f4190f834219967d71ea3e72fe0b4f836e50e047f5d757f3,False,False,False,False,False,,True,1446,1.872638030844696
stagea__drawer-open__possession-grasped__locus-drawer-side__support-demonstration-near__layout-b,v37_open_grasped_completion,drawer,action_intrinsic_pregrasp_bowl_registered_v1,29,383,12,f598f486a32782cc98bfad505745987af2a8f37f2e9c4aa94b4ec2f8b9fa8ae4,False,False,False,False,False,,True,1447,1.9951683475835849
stagea__drawer-open__possession-grasped__locus-drawer-side__support-demonstration-near__layout-b,v37_open_grasped_completion,drawer,action_intrinsic_pregrasp_bowl_registered_v1,30,738,12,8eabf11d95595bb7c52a4944a62cc03da44e1f462b7ad8a09519f9c8d10286aa,False,False,False,False,False,,True,1467,2.4266546659384574
stagea__drawer-open__possession-grasped__locus-drawer-side__support-demonstration-near__layout-b,v37_open_grasped_completion,drawer,action_intrinsic_pregrasp_bowl_registered_v1,31,538,12,08ad1772331225b10cf37ff13b272f62c36cb63525e1e766a49b9b0fcb1a42c6,False,False,False,False,False,,True,1465,2.418245634263558
stagea__drawer-open__possession-grasped__locus-drawer-side__support-demonstration-near__layout-b,v37_open_grasped_completion,drawer,action_intrinsic_pregrasp_bowl_registered_v1,32,465,12,e0429b5fe21a733c15e4703fae6c590da9aaff3e0b059bfd634952b78272b52f,False,False,False,False,False,,True,1447,1.9857316937586653
stagea__drawer-open__possession-grasped__locus-drawer-side__support-demonstration-near__layout-b,v37_open_grasped_completion,drawer,action_intrinsic_pregrasp_bowl_registered_v1,33,449,12,f20bb3de976403a90113d79607775b68c63181b9aaba242dc0f356def02dad3e,False,False,False,False,False,,True,1486,2.764149423906722
stagea__drawer-open__possession-grasped__locus-drawer-side__support-demonstration-near__layout-b,v37_open_grasped_completion,drawer,action_intrinsic_pregrasp_bowl_registered_v1,34,711,12,5fbc8383f1842247c97b8be8ec4cb5a910eaea56fe8ac6bc4025f658f74279c2,False,False,False,False,False,,False,1310,1.1672032881188321
stagea__drawer-open__possession-grasped__locus-drawer-side__support-demonstration-near__layout-b,v37_open_grasped_completion,drawer,action_intrinsic_pregrasp_bowl_registered_v1,35,387,12,a6b95196dd651f801df5eb0aaac15cabaa4501ebba68b07e61bc42d336c598b2,False,False,False,False,False,,True,1503,2.1097388290096726
stagea__drawer-open__possession-grasped__locus-drawer-side__support-transverse-low-support__layout-a,v37_open_grasped_completion,cabinet,action_intrinsic_pregrasp_bowl_registered_v1,0,438,18,fc624695eb2d39b20e511c8ac6df4923b6bff3cff56ff389622f45310e9278c2,False,False,False,False,False,,True,1395,1.6971400679192872
stagea__drawer-open__possession-grasped__locus-drawer-side__support-transverse-low-support__layout-a,v37_open_grasped_completion,cabinet,action_intrinsic_pregrasp_bowl_registered_v1,1,712,18,9af535ed5943f0efe94c6e6136614fdd45017940a69a8267687e68416905a9d8,False,False,False,False,False,,True,1396,1.579268145551473
stagea__drawer-open__possession-grasped__locus-drawer-side__support-transverse-low-support__layout-a,v37_open_grasped_completion,cabinet,action_intrinsic_pregrasp_bowl_registered_v1,2,669,18,bb63603def241e17b02c89c5513d1ef93cf75f47c260b5b139f120acf22c26f8,False,False,False,False,False,,True,1397,1.6440788563704398
stagea__drawer-open__possession-grasped__locus-drawer-side__support-transverse-low-support__layout-a,v37_open_grasped_completion,cabinet,action_intrinsic_pregrasp_bowl_registered_v1,3,590,18,0348abe806a47069551301e2e86e25fcca5b8db8fd3f5b128630180e19057a9c,False,False,False,False,False,,True,1399,1.6334729467896856
stagea__drawer-open__possession-grasped__locus-drawer-side__support-transverse-low-support__layout-a,v37_open_grasped_completion,cabinet,action_intrinsic_pregrasp_bowl_registered_v1,4,597,18,3bd590038acfecf91321ca683267c834fb8ebbd4f559e5fd8f89bf1dda561e9f,False,False,False,False,False,,True,1399,1.5543309087565922
stagea__drawer-open__possession-grasped__locus-drawer-side__support-transverse-low-support__layout-a,v37_open_grasped_completion,cabinet,action_intrinsic_pregrasp_bowl_registered_v1,5,660,18,082d8ee4933e7774b752cd6fbf2ea76a20ff927bf4afa8bd09b7ddc47aefba34,False,False,False,False,False,,True,1399,1.5542292309986476
stagea__drawer-open__possession-grasped__locus-drawer-side__support-transverse-low-support__layout-a,v37_open_grasped_completion,cabinet,action_intrinsic_pregrasp_bowl_registered_v1,6,458,18,4d4a24b15ada9177614865d055b4dccd354dd4ce8dac9eb391c68984fc50691e,False,False,False,False,False,,True,1400,1.6060368075937266
stagea__drawer-open__possession-grasped__locus-drawer-side__support-transverse-low-support__layout-a,v37_open_grasped_completion,cabinet,action_intrinsic_pregrasp_bowl_registered_v1,7,573,18,2e42787c67b5b157b79e3c3b2980a13563d41b4cbf69a9279c710d30a6292e92,False,False,False,False,False,,True,1400,1.597731694009259
stagea__drawer-open__possession-grasped__locus-drawer-side__support-transverse-low-support__layout-a,v37_open_grasped_completion,cabinet,action_intrinsic_pregrasp_bowl_registered_v1,8,681,18,32bf1db8cfb866d929b97eaf4f6ad55599246fef24edf68fea15ede3b5cf005e,False,False,False,False,False,,True,1400,1.5668987986173557
stagea__drawer-open__possession-grasped__locus-drawer-side__support-transverse-low-support__layout-a,v37_open_grasped_completion,cabinet,action_intrinsic_pregrasp_bowl_registered_v1,9,452,18,016fe7cdd6622e9f77775f108f3cb4e4f836ec330ac07003f39fb7e5dbd594d5,False,False,False,False,False,,True,1402,1.5970923019644112
stagea__drawer-open__possession-grasped__locus-drawer-side__support-transverse-low-support__layout-a,v37_open_grasped_completion,cabinet,action_intrinsic_pregrasp_bowl_registered_v1,10,775,18,b7e8758503c46c2273a688c9d98a5cbf14447ba59301bb326ca3a9078d7ea079,False,False,False,False,False,,True,1402,1.6616558525274963
stagea__drawer-open__possession-grasped__locus-drawer-side__support-transverse-low-support__layout-a,v37_open_grasped_completion,cabinet,action_intrinsic_pregrasp_bowl_registered_v1,11,665,18,a4a985f59f32ec185896dca87996aa455a720e318f579d3c58b2a88d391ef2bd,False,False,False,False,False,,True,1404,1.5766013472129872
stagea__drawer-open__possession-grasped__locus-drawer-side__support-transverse-low-support__layout-a,v37_open_grasped_completion,cabinet,action_intrinsic_pregrasp_bowl_registered_v1,12,444,18,4d00108fccbba095038c80424e863deb2221dea2d50d4f2c5a3442f48d6466a2,False,False,False,False,False,,True,1405,1.5806835378992625
stagea__drawer-open__possession-grasped__locus-drawer-side__support-transverse-low-support__layout-a,v37_open_grasped_completion,cabinet,action_intrinsic_pregrasp_bowl_registered_v1,13,501,18,033327dbdb43b4bfddc6ed286bf6f8e8a6112ffe991905c700c75ec0676b386c,False,False,False,False,False,,True,1405,1.7634644954060263
stagea__drawer-open__possession-grasped__locus-drawer-side__support-transverse-low-support__layout-a,v37_open_grasped_completion,cabinet,action_intrinsic_pregrasp_bowl_registered_v1,14,638,18,a8d81987e6f0f385619548c3982d9078c5c54a76d95ade16b8a982ad08234932,False,False,False,False,False,,True,1405,1.8054746463656328
stagea__drawer-open__possession-grasped__locus-drawer-side__support-transverse-low-support__layout-a,v37_open_grasped_completion,cabinet,action_intrinsic_pregrasp_bowl_registered_v1,15,674,18,9b9937400a6e113f3901f66bf04dbac00fcbef6b9d999843ef0c651c1d76ce93,False,False,False,False,False,,True,1405,1.7131279171245077
stagea__drawer-open__possession-grasped__locus-drawer-side__support-transverse-low-support__layout-a,v37_open_grasped_completion,cabinet,action_intrinsic_pregrasp_bowl_registered_v1,16,493,18,6cd7e138d3e7108f26e5396426d285829d7a3044a5068557110ad529c60f88fb,False,False,False,False,False,,True,1406,1.655535616651294
stagea__drawer-open__possession-grasped__locus-drawer-side__support-transverse-low-support__layout-a,v37_open_grasped_completion,cabinet,action_intrinsic_pregrasp_bowl_registered_v1,17,636,18,0a4fa289713d5467f4f401adaef6d834685933041fe590343f19ee059e605170,False,False,False,False,False,,True,1406,1.62618714223614
stagea__drawer-open__possession-grasped__locus-drawer-side__support-transverse-low-support__layout-a,v37_open_grasped_completion,cabinet,action_intrinsic_pregrasp_bowl_registered_v1,18,699,18,9504ca4f990d01cd111eed0f44cf9f286704e69d2bef21680ad53de5b6c6e501,False,False,False,False,False,,True,1406,1.8134956066898242
stagea__drawer-open__possession-grasped__locus-drawer-side__support-transverse-low-support__layout-a,v37_open_grasped_completion,cabinet,action_intrinsic_pregrasp_bowl_registered_v1,19,456,18,fe869cc76141d5cbf6d64ee2c3c80a872e3f32bfcb5763bfe38221d3c6f8774f,False,False,False,False,False,,True,1407,1.7654277070967785
stagea__drawer-open__possession-grasped__locus-drawer-side__support-transverse-low-support__layout-a,v37_open_grasped_completion,cabinet,action_intrinsic_pregrasp_bowl_registered_v1,20,570,18,c2d4c5bdce9483b0609598e4bd984122284c5eef5a4d26eac9681c616139a807,False,False,False,False,False,,True,1407,1.6480154943331813
stagea__drawer-open__possession-grasped__locus-drawer-side__support-transverse-low-support__layout-a,v37_open_grasped_completion,cabinet,action_intrinsic_pregrasp_bowl_registered_v1,21,662,18,9b8d4f7149a62a256faa3e7ea0e5c2f3125d95bea41d4c479b86904e2d505dcf,False,False,False,False,False,,True,1407,1.6088023065181745
stagea__drawer-open__possession-grasped__locus-drawer-side__support-transverse-low-support__layout-a,v37_open_grasped_completion,cabinet,action_intrinsic_pregrasp_bowl_registered_v1,22,732,18,c3b4ba9df80cca1c1bc20693376c230d3bc01ba9f981bb21aff3d94f5df62a66,False,False,False,False,False,,True,1407,1.6343018018973916
stagea__drawer-open__possession-grasped__locus-drawer-side__support-transverse-low-support__layout-a,v37_open_grasped_completion,cabinet,action_intrinsic_pregrasp_bowl_registered_v1,23,505,18,69ffa114adff6ac44594f47b51bd23b379470a0da01eb7ed63f3d8a0d4c8775a,False,False,False,False,False,,True,1408,1.6304166446605823
stagea__drawer-open__possession-grasped__locus-drawer-side__support-transverse-low-support__layout-a,v37_open_grasped_completion,cabinet,action_intrinsic_pregrasp_bowl_registered_v1,24,630,18,d47820b50d009ef5f221017fa25bcb7f75e7cde874bf13cd4a5f40b7d49fe74f,False,False,False,False,False,,True,1408,1.5749611980837797
stagea__drawer-open__possession-grasped__locus-drawer-side__support-transverse-low-support__layout-a,v37_open_grasped_completion,cabinet,action_intrinsic_pregrasp_bowl_registered_v1,25,743,18,1df868b0e126de6c747a3392f2ae0135f2089140e79694115da746d261455e76,False,False,False,False,False,,True,1408,1.536085748768893
stagea__drawer-open__possession-grasped__locus-drawer-side__support-transverse-low-support__layout-a,v37_open_grasped_completion,cabinet,action_intrinsic_pregrasp_bowl_registered_v1,26,398,18,dddc06067bf84b0019a1cf050048e588df918f7768911fa406ce110da9ad4689,False,False,False,False,False,,True,1409,1.6144669033612427
stagea__drawer-open__possession-grasped__locus-drawer-side__support-transverse-low-support__layout-a,v37_open_grasped_completion,cabinet,action_intrinsic_pregrasp_bowl_registered_v1,27,446,18,171014841f360ccb7f224b68357849b87ebcfb38ea27c23f8309cdfd830c7760,False,False,False,False,False,,True,1409,1.6730173781041273
stagea__drawer-open__possession-grasped__locus-drawer-side__support-transverse-low-support__layout-a,v37_open_grasped_completion,cabinet,action_intrinsic_pregrasp_bowl_registered_v1,28,724,18,8bbb07bf3048a11cd3879887766413ad6a041eb78ef54667a0528d0ab13f7c0c,False,False,False,False,False,,True,1410,1.6270165422671923
stagea__drawer-open__possession-grasped__locus-drawer-side__support-transverse-low-support__layout-a,v37_open_grasped_completion,cabinet,action_intrinsic_pregrasp_bowl_registered_v1,29,521,18,f404e35757cca7351a7956c0091493689bcae213ebc3f600ad9ca7ec35cc19d8,False,False,False,False,False,,True,1411,1.6448572088240025
stagea__drawer-open__possession-grasped__locus-drawer-side__support-transverse-low-support__layout-a,v37_open_grasped_completion,cabinet,action_intrinsic_pregrasp_bowl_registered_v1,30,791,18,ab8bc2c0ead1910b94bd3b22c327af072be2575c2b190a011406f4f7286f5de9,False,False,False,False,False,,True,1411,1.7468820483150886
stagea__drawer-open__possession-grasped__locus-drawer-side__support-transverse-low-support__layout-a,v37_open_grasped_completion,cabinet,action_intrinsic_pregrasp_bowl_registered_v1,31,474,18,5d93ae0bbe8618d7ad32e89a85261166b35dec3bcaa972751dddbaae8f07150c,True,True,True,False,False,83.0,True,1393,1.7359527384806708
stagea__drawer-open__possession-grasped__locus-drawer-side__support-transverse-low-support__layout-a,v37_open_grasped_completion,cabinet,action_intrinsic_pregrasp_bowl_registered_v1,32,514,18,f0570adf2e2cdf55ef01180c8cf15f14c96b33219a8bdcfb110accc19eb31f44,False,False,False,False,False,,True,1412,1.747082034572537
stagea__drawer-open__possession-grasped__locus-drawer-side__support-transverse-low-support__layout-a,v37_open_grasped_completion,cabinet,action_intrinsic_pregrasp_bowl_registered_v1,33,793,18,321fba85a693c5b82c8fc5d19d784724998b7ca98e765b826b728c3015762066,False,False,False,False,False,,True,1412,1.5914631159478942
stagea__drawer-open__possession-grasped__locus-drawer-side__support-transverse-low-support__layout-a,v37_open_grasped_completion,cabinet,action_intrinsic_pregrasp_bowl_registered_v1,34,608,18,51b3f339ae2711ec2dee1dcd740cd2c0f3834f5ec75aa5be171a8aabfa384705,False,False,False,False,False,,True,1413,1.6041977362472573
stagea__drawer-open__possession-grasped__locus-drawer-side__support-transverse-low-support__layout-a,v37_open_grasped_completion,cabinet,action_intrinsic_pregrasp_bowl_registered_v1,35,696,18,27ac40ae5b0142c7d2dd195b068a73088bc3ab3ec1564e44ffca7f7e715939b7,False,False,False,False,False,,True,1413,1.641553589830602
stagea__drawer-open__possession-grasped__locus-drawer-side__support-transverse-low-support__layout-a,v37_open_grasped_completion,cabinet,action_intrinsic_pregrasp_bowl_registered_v1,36,661,18,79a603a018e5f911a590ae269ad2060c3e7efd307ce515d5e88df99491a895e8,False,False,False,False,False,,True,1414,1.6904210538389224
stagea__drawer-open__possession-grasped__locus-drawer-side__support-transverse-low-support__layout-a,v37_open_grasped_completion,cabinet,action_intrinsic_pregrasp_bowl_registered_v1,37,745,18,aa1a3bff114b4b0887abbac25cd7b26200e2b2d232d51d48484012ca3ac3efce,False,False,False,False,False,,True,1414,1.7194607321703848
stagea__drawer-open__possession-grasped__locus-drawer-side__support-transverse-low-support__layout-a,v37_open_grasped_completion,cabinet,action_intrinsic_pregrasp_bowl_registered_v1,38,767,18,bbf383faef21636081e61ca9fa795f26d897115b2e20fe6c0265b2d8e57172af,False,False,False,False,False,,True,1414,1.6117137492578268
stagea__drawer-open__possession-grasped__locus-drawer-side__support-transverse-low-support__layout-a,v37_open_grasped_completion,cabinet,action_intrinsic_pregrasp_bowl_registered_v1,39,702,18,3fb5394b81ace7223fa4dc390332e7caab954344c8941276b13b63b0de1c2138,False,False,False,False,False,,True,1415,1.6696003086257576
stagea__drawer-open__possession-grasped__locus-drawer-side__support-transverse-low-support__layout-a,v37_open_grasped_completion,cabinet,action_intrinsic_pregrasp_bowl_registered_v1,40,794,18,dcf5210e4570b197e56bdf6a478e82d539aed8c6cdfe5c988d35706a308b1cca,False,False,False,False,False,,True,1417,1.6477658600916918
stagea__drawer-open__possession-grasped__locus-drawer-side__support-transverse-low-support__layout-a,v37_open_grasped_completion,cabinet,action_intrinsic_pregrasp_bowl_registered_v1,41,689,18,aa0ba50ca5b7f2632e0e1a5e2bb54df31c7b6cda867839b03bdd0567c6411689,False,False,False,False,False,,True,1418,1.6747446892328905
stagea__drawer-open__possession-grasped__locus-drawer-side__support-transverse-low-support__layout-a,v37_open_grasped_completion,cabinet,action_intrinsic_pregrasp_bowl_registered_v1,42,402,18,8d680111f934c94908dcb0f1528eef18063eb08cd7ed0c0a56e84debd7464d8c,False,False,False,False,False,,True,1419,1.7225166636135514
stagea__drawer-open__possession-grasped__locus-drawer-side__support-transverse-low-support__layout-a,v37_open_grasped_completion,cabinet,action_intrinsic_pregrasp_bowl_registered_v1,43,731,18,5be6d721a6fca1ef425074e8042fb05a80633e90f73f84091fca7a570ba71c84,False,False,False,False,False,,True,1421,1.7108298023706676
stagea__drawer-open__possession-grasped__locus-drawer-side__support-transverse-low-support__layout-a,v37_open_grasped_completion,cabinet,action_intrinsic_pregrasp_bowl_registered_v1,44,601,18,356b2a75f9d362a1cfb0d6e3fdb65c08269c619643db134c6cedc24fe14feff4,False,False,False,False,False,,True,1429,1.6907989011425317
stagea__drawer-open__possession-grasped__locus-drawer-side__support-transverse-low-support__layout-a,v37_open_grasped_completion,cabinet,action_intrinsic_pregrasp_bowl_registered_v1,45,706,18,239ae28404bef990e918f40b44f2aa59e45059ea0befe4a202d06f573aa4c5fd,False,False,False,False,False,,True,1432,1.721980010631714
stagea__drawer-open__possession-grasped__locus-drawer-side__support-transverse-low-support__layout-a,v37_open_grasped_completion,drawer,action_intrinsic_pregrasp_bowl_registered_v1,0,576,12,c4dc33e0754f25efdaa87c75195a9e18ba603fd17aa500a5ab8751927234e465,False,False,False,False,False,,False,1310,1.1878625475008047
stagea__drawer-open__possession-grasped__locus-drawer-side__support-transverse-low-support__layout-a,v37_open_grasped_completion,drawer,action_intrinsic_pregrasp_bowl_registered_v1,1,694,12,e4d0e6805b6a960d0454858721550b66c578ada98014d5f852301b7bccee4c6e,True,True,True,False,False,163.0,True,1417,2.121928858393744
stagea__drawer-open__possession-grasped__locus-drawer-side__support-transverse-low-support__layout-a,v37_open_grasped_completion,drawer,action_intrinsic_pregrasp_bowl_registered_v1,2,614,12,e61d01ded7ab086478e718b79d5a82f3b03ba2f66dca79962533600239750733,False,False,False,False,False,,False,1310,1.2133440097610064
stagea__drawer-open__possession-grasped__locus-drawer-side__support-transverse-low-support__layout-a,v37_open_grasped_completion,drawer,action_intrinsic_pregrasp_bowl_registered_v1,3,382,12,f26c8e95841a34fdf898d203d26239d6a90e1c07c81f581944655edeb4f60915,False,False,False,False,False,,True,1440,1.9223154304543413
stagea__drawer-open__possession-grasped__locus-drawer-side__support-transverse-low-support__layout-a,v37_open_grasped_completion,drawer,action_intrinsic_pregrasp_bowl_registered_v1,4,526,12,8ebeecff1ddaa357856da5ef867f3055f43a1fe01692dd469542c151b39ea3fc,True,False,True,False,False,166.0,True,1423,2.1958558737172305
stagea__drawer-open__possession-grasped__locus-drawer-side__support-transverse-low-support__layout-a,v37_open_grasped_completion,drawer,action_intrinsic_pregrasp_bowl_registered_v1,5,594,12,d5c8812af2a306355bb71a52c35164f93ef95ab0ec2a57638db05edb030de728,False,False,False,False,False,,True,1433,2.291291712170713
stagea__drawer-open__possession-grasped__locus-drawer-side__support-transverse-low-support__layout-a,v37_open_grasped_completion,drawer,action_intrinsic_pregrasp_bowl_registered_v1,6,559,12,6338c79a0fb6aadb247d383c82552982be98a0fe67a07210aa6cdbb957870a0e,False,False,False,False,False,,False,1310,1.2120399267887476
stagea__drawer-open__possession-grasped__locus-drawer-side__support-transverse-low-support__layout-a,v37_open_grasped_completion,drawer,action_intrinsic_pregrasp_bowl_registered_v1,7,624,12,adb56e3ec63a390538504dce7dbcfce5bc5f780cf2a323a68559c4952810dca4,False,False,False,False,False,,False,1310,1.2091541684652665
stagea__drawer-open__possession-grasped__locus-drawer-side__support-transverse-low-support__layout-a,v37_open_grasped_completion,drawer,action_intrinsic_pregrasp_bowl_registered_v1,8,560,12,257886fa56c8ca594b7a52c9ba5c2ece42a4910673fe22140ee0be23dedc7fed,True,False,True,False,False,172.0,True,1429,2.1857716285391953
stagea__drawer-open__possession-grasped__locus-drawer-side__support-transverse-low-support__layout-a,v37_open_grasped_completion,drawer,action_intrinsic_pregrasp_bowl_registered_v1,9,627,12,54c3e36183cf5ef2a823d528e9503368965fc007ae422f9ac129decd6be47724,False,False,False,False,False,,True,1420,1.8210609354386682
stagea__drawer-open__possession-grasped__locus-drawer-side__support-transverse-low-support__layout-a,v37_open_grasped_completion,drawer,action_intrinsic_pregrasp_bowl_registered_v1,10,684,12,4b41c4e5e61e059c2e83642794a66dcb58b90e9370db1b39755f83c021da75d2,False,False,False,False,False,,True,1438,2.1985972810132837
stagea__drawer-open__possession-grasped__locus-drawer-side__support-transverse-low-support__layout-a,v37_open_grasped_completion,drawer,action_intrinsic_pregrasp_bowl_registered_v1,11,409,12,e8aa2651d0fba6006bbd1ce8844606d4c1e24568d5b42dae3098ea158f05f04f,False,False,False,False,False,,True,1435,2.044866192674505
stagea__drawer-open__possession-grasped__locus-drawer-side__support-transverse-low-support__layout-a,v37_open_grasped_completion,drawer,action_intrinsic_pregrasp_bowl_registered_v1,12,548,12,8039f55efc1d3b2afff01d9544afe9a27c13a9fde71ed489cc1888b03d05d72d,False,False,False,False,False,,False,1310,1.3014829010401683
stagea__drawer-open__possession-grasped__locus-drawer-side__support-transverse-low-support__layout-a,v37_open_grasped_completion,drawer,action_intrinsic_pregrasp_bowl_registered_v1,13,742,12,db2e8c6a4ceb523133f51e21d0d31a8320ab88d1c0c7c0b124435499ea21a230,False,False,False,False,False,,False,1310,1.2039788906659106
stagea__drawer-open__possession-grasped__locus-drawer-side__support-transverse-low-support__layout-a,v37_open_grasped_completion,drawer,action_intrinsic_pregrasp_bowl_registered_v1,14,790,12,92034ebae21e287f92cdafcaaf1c4cc9ca7d732c105e28653f41c814086a107c,False,False,False,False,False,,False,1310,1.278202302338871
stagea__drawer-open__possession-grasped__locus-drawer-side__support-transverse-low-support__layout-a,v37_open_grasped_completion,drawer,action_intrinsic_pregrasp_bowl_registered_v1,15,534,12,47ec06d84d5536c7bc2c903e0f4bc40c38674a2cc7e48d22e791a529d149c23f,False,False,False,False,False,,False,1310,1.2688591874252755
stagea__drawer-open__possession-grasped__locus-drawer-side__support-transverse-low-support__layout-a,v37_open_grasped_completion,drawer,action_intrinsic_pregrasp_bowl_registered_v1,16,498,12,f6ffd6f59a512dc3d6da39d1c991a246f1f6c4fda28c9c6951d1ead81b79d73e,False,False,False,False,False,,True,1430,1.8467955337230482
stagea__drawer-open__possession-grasped__locus-drawer-side__support-transverse-low-support__layout-a,v37_open_grasped_completion,drawer,action_intrinsic_pregrasp_bowl_registered_v1,17,737,12,24d53009f0c5a3917d02b3366eb875314813a60de3081d1bf69f19e04fcfd2ec,True,False,True,False,False,183.0,True,1426,2.192315852297142
stagea__drawer-open__possession-grasped__locus-drawer-side__support-transverse-low-support__layout-a,v37_open_grasped_completion,drawer,action_intrinsic_pregrasp_bowl_registered_v1,18,489,12,548f110a2e4050299ae8b3a610c9806b51995a65b74f8a79b83dece3b9636a3f,True,False,True,False,False,184.0,True,1425,2.227484172388709
stagea__drawer-open__possession-grasped__locus-drawer-side__support-transverse-low-support__layout-a,v37_open_grasped_completion,drawer,action_intrinsic_pregrasp_bowl_registered_v1,19,784,12,d61fad8212342e13bc37c975339f3effa6841a3166deace8fa063482deeb95c4,False,False,False,False,False,,False,1310,1.2197708084845507
stagea__drawer-open__possession-grasped__locus-drawer-side__support-transverse-low-support__layout-a,v37_open_grasped_completion,drawer,action_intrinsic_pregrasp_bowl_registered_v1,20,701,12,4b63123279f4f228439254b39a178ae1dc4773dc6dc6d53eb6d453f24e40eda3,False,False,False,False,False,,True,1435,2.15834073274342
stagea__drawer-open__possession-grasped__locus-drawer-side__support-transverse-low-support__layout-a,v37_open_grasped_completion,drawer,action_intrinsic_pregrasp_bowl_registered_v1,21,416,12,41b4ab3c6eab78d6c7d147d6b7319f520c6dafa8eee44a2166e002b28cb2fdfd,False,False,False,False,False,,True,1434,2.1802435422937254
stagea__drawer-open__possession-grasped__locus-drawer-side__support-transverse-low-support__layout-a,v37_open_grasped_completion,drawer,action_intrinsic_pregrasp_bowl_registered_v1,22,462,12,40dafe57a26443dcd16aaaca097715e50661a8f0bc112c64947bc2ee28c75703,True,False,True,False,False,187.0,True,1440,2.2610716554422825
stagea__drawer-open__possession-grasped__locus-drawer-side__support-transverse-low-support__layout-a,v37_open_grasped_completion,drawer,action_intrinsic_pregrasp_bowl_registered_v1,23,494,12,93f39f1498437ddba0efc6eb059cd2b642ab544fab2f3336525878a4763097d4,False,False,False,False,False,,True,1434,1.8406877667199275
stagea__drawer-open__possession-grasped__locus-drawer-side__support-transverse-low-support__layout-a,v37_open_grasped_completion,drawer,action_intrinsic_pregrasp_bowl_registered_v1,24,414,12,9ec592154057d5c791bd6ea65380646ea92cd0d23d38116bae61bcd4d9af6daa,False,False,False,False,False,,True,1440,2.280526348953034
stagea__drawer-open__possession-grasped__locus-drawer-side__support-transverse-low-support__layout-a,v37_open_grasped_completion,drawer,action_intrinsic_pregrasp_bowl_registered_v1,25,523,12,eff93d2d3123718e86e9f1b41fb58d6a377fbec3687a6300f32204f553b41906,True,False,True,False,False,193.0,True,1436,2.191718343737892
stagea__drawer-open__possession-grasped__locus-drawer-side__support-transverse-low-support__layout-a,v37_open_grasped_completion,drawer,action_intrinsic_pregrasp_bowl_registered_v1,26,762,12,5a6ad00de32247a9c04c1b1ae331ac99f700b26de0552cc1171848d4a8682ec3,False,False,False,False,False,,True,1432,1.896862437955967
stagea__drawer-open__possession-grasped__locus-drawer-side__support-transverse-low-support__layout-a,v37_open_grasped_completion,drawer,action_intrinsic_pregrasp_bowl_registered_v1,27,758,12,908f23fecbfd35ae5c9dcbedd3858d03ec11dd138bb2dab0f43ee0d4574695b4,False,False,False,False,False,,False,1310,1.2598700485992755
stagea__drawer-open__possession-grasped__locus-drawer-side__support-transverse-low-support__layout-a,v37_open_grasped_completion,drawer,action_intrinsic_pregrasp_bowl_registered_v1,28,782,12,de7cef4f6a636948f4190f834219967d71ea3e72fe0b4f836e50e047f5d757f3,False,False,False,False,False,,True,1446,1.8797686094355575
stagea__drawer-open__possession-grasped__locus-drawer-side__support-transverse-low-support__layout-a,v37_open_grasped_completion,drawer,action_intrinsic_pregrasp_bowl_registered_v1,29,383,12,f598f486a32782cc98bfad505745987af2a8f37f2e9c4aa94b4ec2f8b9fa8ae4,False,False,False,False,False,,True,1447,1.9394562482508895
stagea__drawer-open__possession-grasped__locus-drawer-side__support-transverse-low-support__layout-a,v37_open_grasped_completion,drawer,action_intrinsic_pregrasp_bowl_registered_v1,30,738,12,8eabf11d95595bb7c52a4944a62cc03da44e1f462b7ad8a09519f9c8d10286aa,True,False,True,False,False,209.0,True,1458,2.430586090810655
stagea__drawer-open__possession-grasped__locus-drawer-side__support-transverse-low-support__layout-a,v37_open_grasped_completion,drawer,action_intrinsic_pregrasp_bowl_registered_v1,31,538,12,08ad1772331225b10cf37ff13b272f62c36cb63525e1e766a49b9b0fcb1a42c6,True,False,True,False,False,209.0,True,1454,2.4365982691294716
stagea__drawer-open__possession-grasped__locus-drawer-side__support-transverse-low-support__layout-a,v37_open_grasped_completion,drawer,action_intrinsic_pregrasp_bowl_registered_v1,32,465,12,e0429b5fe21a733c15e4703fae6c590da9aaff3e0b059bfd634952b78272b52f,True,False,True,False,False,218.0,True,1439,1.95110657312889
stagea__drawer-open__possession-grasped__locus-drawer-side__support-transverse-low-support__layout-a,v37_open_grasped_completion,drawer,action_intrinsic_pregrasp_bowl_registered_v1,33,449,12,f20bb3de976403a90113d79607775b68c63181b9aaba242dc0f356def02dad3e,False,False,False,False,False,,True,1486,2.7473466921610084
stagea__drawer-open__possession-grasped__locus-drawer-side__support-transverse-low-support__layout-a,v37_open_grasped_completion,drawer,action_intrinsic_pregrasp_bowl_registered_v1,34,711,12,5fbc8383f1842247c97b8be8ec4cb5a910eaea56fe8ac6bc4025f658f74279c2,False,False,False,False,False,,True,1469,1.925786637939944
stagea__drawer-open__possession-grasped__locus-drawer-side__support-transverse-low-support__layout-a,v37_open_grasped_completion,drawer,action_intrinsic_pregrasp_bowl_registered_v1,35,387,12,a6b95196dd651f801df5eb0aaac15cabaa4501ebba68b07e61bc42d336c598b2,False,False,False,False,False,,True,1503,1.9914906233805114
stagea__drawer-open__possession-grasped__locus-drawer-side__support-transverse-low-support__layout-b,v37_open_grasped_completion,cabinet,action_intrinsic_pregrasp_bowl_registered_v1,0,438,18,fc624695eb2d39b20e511c8ac6df4923b6bff3cff56ff389622f45310e9278c2,False,False,False,False,False,,True,1395,1.743992432484935
stagea__drawer-open__possession-grasped__locus-drawer-side__support-transverse-low-support__layout-b,v37_open_grasped_completion,cabinet,action_intrinsic_pregrasp_bowl_registered_v1,1,712,18,9af535ed5943f0efe94c6e6136614fdd45017940a69a8267687e68416905a9d8,False,False,False,False,False,,True,1396,1.7840879555726858
stagea__drawer-open__possession-grasped__locus-drawer-side__support-transverse-low-support__layout-b,v37_open_grasped_completion,cabinet,action_intrinsic_pregrasp_bowl_registered_v1,2,669,18,bb63603def241e17b02c89c5513d1ef93cf75f47c260b5b139f120acf22c26f8,False,False,False,False,False,,True,1397,1.7010215933005102
stagea__drawer-open__possession-grasped__locus-drawer-side__support-transverse-low-support__layout-b,v37_open_grasped_completion,cabinet,action_intrinsic_pregrasp_bowl_registered_v1,3,590,18,0348abe806a47069551301e2e86e25fcca5b8db8fd3f5b128630180e19057a9c,False,False,False,False,False,,True,1399,1.7715105795251547
stagea__drawer-open__possession-grasped__locus-drawer-side__support-transverse-low-support__layout-b,v37_open_grasped_completion,cabinet,action_intrinsic_pregrasp_bowl_registered_v1,4,597,18,3bd590038acfecf91321ca683267c834fb8ebbd4f559e5fd8f89bf1dda561e9f,False,False,False,False,False,,True,1399,1.743280608852225
stagea__drawer-open__possession-grasped__locus-drawer-side__support-transverse-low-support__layout-b,v37_open_grasped_completion,cabinet,action_intrinsic_pregrasp_bowl_registered_v1,5,660,18,082d8ee4933e7774b752cd6fbf2ea76a20ff927bf4afa8bd09b7ddc47aefba34,False,False,False,False,False,,True,1399,1.594048199955098
stagea__drawer-open__possession-grasped__locus-drawer-side__support-transverse-low-support__layout-b,v37_open_grasped_completion,cabinet,action_intrinsic_pregrasp_bowl_registered_v1,6,458,18,4d4a24b15ada9177614865d055b4dccd354dd4ce8dac9eb391c68984fc50691e,False,False,False,False,False,,True,1400,1.8064514457189542
stagea__drawer-open__possession-grasped__locus-drawer-side__support-transverse-low-support__layout-b,v37_open_grasped_completion,cabinet,action_intrinsic_pregrasp_bowl_registered_v1,7,573,18,2e42787c67b5b157b79e3c3b2980a13563d41b4cbf69a9279c710d30a6292e92,False,False,False,False,False,,True,1400,1.639645876288777
stagea__drawer-open__possession-grasped__locus-drawer-side__support-transverse-low-support__layout-b,v37_open_grasped_completion,cabinet,action_intrinsic_pregrasp_bowl_registered_v1,8,681,18,32bf1db8cfb866d929b97eaf4f6ad55599246fef24edf68fea15ede3b5cf005e,False,False,False,False,False,,True,1400,1.7423156549067893
stagea__drawer-open__possession-grasped__locus-drawer-side__support-transverse-low-support__layout-b,v37_open_grasped_completion,cabinet,action_intrinsic_pregrasp_bowl_registered_v1,9,452,18,016fe7cdd6622e9f77775f108f3cb4e4f836ec330ac07003f39fb7e5dbd594d5,False,False,False,False,False,,True,1402,1.6546486216072434
stagea__drawer-open__possession-grasped__locus-drawer-side__support-transverse-low-support__layout-b,v37_open_grasped_completion,cabinet,action_intrinsic_pregrasp_bowl_registered_v1,10,775,18,b7e8758503c46c2273a688c9d98a5cbf14447ba59301bb326ca3a9078d7ea079,False,False,False,False,False,,True,1402,1.7913224724664463
stagea__drawer-open__possession-grasped__locus-drawer-side__support-transverse-low-support__layout-b,v37_open_grasped_completion,cabinet,action_intrinsic_pregrasp_bowl_registered_v1,11,665,18,a4a985f59f32ec185896dca87996aa455a720e318f579d3c58b2a88d391ef2bd,False,False,False,False,False,,True,1404,1.6457134082819314
stagea__drawer-open__possession-grasped__locus-drawer-side__support-transverse-low-support__layout-b,v37_open_grasped_completion,cabinet,action_intrinsic_pregrasp_bowl_registered_v1,12,444,18,4d00108fccbba095038c80424e863deb2221dea2d50d4f2c5a3442f48d6466a2,False,False,False,False,False,,True,1405,1.6479554587610963
stagea__drawer-open__possession-grasped__locus-drawer-side__support-transverse-low-support__layout-b,v37_open_grasped_completion,cabinet,action_intrinsic_pregrasp_bowl_registered_v1,13,501,18,033327dbdb43b4bfddc6ed286bf6f8e8a6112ffe991905c700c75ec0676b386c,False,False,False,False,False,,True,1405,1.7595728041709489
stagea__drawer-open__possession-grasped__locus-drawer-side__support-transverse-low-support__layout-b,v37_open_grasped_completion,cabinet,action_intrinsic_pregrasp_bowl_registered_v1,14,638,18,a8d81987e6f0f385619548c3982d9078c5c54a76d95ade16b8a982ad08234932,False,False,False,False,False,,True,1405,1.825997232450416
stagea__drawer-open__possession-grasped__locus-drawer-side__support-transverse-low-support__layout-b,v37_open_grasped_completion,cabinet,action_intrinsic_pregrasp_bowl_registered_v1,15,674,18,9b9937400a6e113f3901f66bf04dbac00fcbef6b9d999843ef0c651c1d76ce93,False,False,False,False,False,,True,1405,1.8008916616223365
stagea__drawer-open__possession-grasped__locus-drawer-side__support-transverse-low-support__layout-b,v37_open_grasped_completion,cabinet,action_intrinsic_pregrasp_bowl_registered_v1,16,493,18,6cd7e138d3e7108f26e5396426d285829d7a3044a5068557110ad529c60f88fb,False,False,False,False,False,,True,1406,1.7950041999104323
stagea__drawer-open__possession-grasped__locus-drawer-side__support-transverse-low-support__layout-b,v37_open_grasped_completion,cabinet,action_intrinsic_pregrasp_bowl_registered_v1,17,636,18,0a4fa289713d5467f4f401adaef6d834685933041fe590343f19ee059e605170,False,False,False,False,False,,True,1406,1.6676228672299325
stagea__drawer-open__possession-grasped__locus-drawer-side__support-transverse-low-support__layout-b,v37_open_grasped_completion,cabinet,action_intrinsic_pregrasp_bowl_registered_v1,18,699,18,9504ca4f990d01cd111eed0f44cf9f286704e69d2bef21680ad53de5b6c6e501,True,True,True,False,False,80.0,True,1390,1.8046219041912241
stagea__drawer-open__possession-grasped__locus-drawer-side__support-transverse-low-support__layout-b,v37_open_grasped_completion,cabinet,action_intrinsic_pregrasp_bowl_registered_v1,19,456,18,fe869cc76141d5cbf6d64ee2c3c80a872e3f32bfcb5763bfe38221d3c6f8774f,False,False,False,False,False,,True,1407,1.841971950583907
stagea__drawer-open__possession-grasped__locus-drawer-side__support-transverse-low-support__layout-b,v37_open_grasped_completion,cabinet,action_intrinsic_pregrasp_bowl_registered_v1,20,570,18,c2d4c5bdce9483b0609598e4bd984122284c5eef5a4d26eac9681c616139a807,False,False,False,False,False,,True,1407,1.8261517802545875
stagea__drawer-open__possession-grasped__locus-drawer-side__support-transverse-low-support__layout-b,v37_open_grasped_completion,cabinet,action_intrinsic_pregrasp_bowl_registered_v1,21,662,18,9b8d4f7149a62a256faa3e7ea0e5c2f3125d95bea41d4c479b86904e2d505dcf,False,False,False,False,False,,True,1407,1.7633369147313243
stagea__drawer-open__possession-grasped__locus-drawer-side__support-transverse-low-support__layout-b,v37_open_grasped_completion,cabinet,action_intrinsic_pregrasp_bowl_registered_v1,22,732,18,c3b4ba9df80cca1c1bc20693376c230d3bc01ba9f981bb21aff3d94f5df62a66,False,False,False,False,False,,True,1407,1.6832619317124198
stagea__drawer-open__possession-grasped__locus-drawer-side__support-transverse-low-support__layout-b,v37_open_grasped_completion,cabinet,action_intrinsic_pregrasp_bowl_registered_v1,23,505,18,69ffa114adff6ac44594f47b51bd23b379470a0da01eb7ed63f3d8a0d4c8775a,False,False,False,False,False,,True,1408,1.7953594184622976
stagea__drawer-open__possession-grasped__locus-drawer-side__support-transverse-low-support__layout-b,v37_open_grasped_completion,cabinet,action_intrinsic_pregrasp_bowl_registered_v1,24,630,18,d47820b50d009ef5f221017fa25bcb7f75e7cde874bf13cd4a5f40b7d49fe74f,False,False,False,False,False,,True,1408,1.6364563054761532
stagea__drawer-open__possession-grasped__locus-drawer-side__support-transverse-low-support__layout-b,v37_open_grasped_completion,cabinet,action_intrinsic_pregrasp_bowl_registered_v1,25,743,18,1df868b0e126de6c747a3392f2ae0135f2089140e79694115da746d261455e76,False,False,False,False,False,,True,1408,1.7559334309569077
stagea__drawer-open__possession-grasped__locus-drawer-side__support-transverse-low-support__layout-b,v37_open_grasped_completion,cabinet,action_intrinsic_pregrasp_bowl_registered_v1,26,398,18,dddc06067bf84b0019a1cf050048e588df918f7768911fa406ce110da9ad4689,False,False,False,False,False,,True,1409,1.6758521764794656
stagea__drawer-open__possession-grasped__locus-drawer-side__support-transverse-low-support__layout-b,v37_open_grasped_completion,cabinet,action_intrinsic_pregrasp_bowl_registered_v1,27,446,18,171014841f360ccb7f224b68357849b87ebcfb38ea27c23f8309cdfd830c7760,False,False,False,False,False,,True,1409,1.7947071268877437
stagea__drawer-open__possession-grasped__locus-drawer-side__support-transverse-low-support__layout-b,v37_open_grasped_completion,cabinet,action_intrinsic_pregrasp_bowl_registered_v1,28,724,18,8bbb07bf3048a11cd3879887766413ad6a041eb78ef54667a0528d0ab13f7c0c,False,False,False,False,False,,True,1410,1.6897267449901543
stagea__drawer-open__possession-grasped__locus-drawer-side__support-transverse-low-support__layout-b,v37_open_grasped_completion,cabinet,action_intrinsic_pregrasp_bowl_registered_v1,29,521,18,f404e35757cca7351a7956c0091493689bcae213ebc3f600ad9ca7ec35cc19d8,False,False,False,False,False,,True,1411,1.7005775471135731
stagea__drawer-open__possession-grasped__locus-drawer-side__support-transverse-low-support__layout-b,v37_open_grasped_completion,cabinet,action_intrinsic_pregrasp_bowl_registered_v1,30,791,18,ab8bc2c0ead1910b94bd3b22c327af072be2575c2b190a011406f4f7286f5de9,False,False,False,False,False,,True,1411,1.7600723925771313
stagea__drawer-open__possession-grasped__locus-drawer-side__support-transverse-low-support__layout-b,v37_open_grasped_completion,cabinet,action_intrinsic_pregrasp_bowl_registered_v1,31,474,18,5d93ae0bbe8618d7ad32e89a85261166b35dec3bcaa972751dddbaae8f07150c,True,False,True,False,False,93.0,True,1403,1.7800713962795274
stagea__drawer-open__possession-grasped__locus-drawer-side__support-transverse-low-support__layout-b,v37_open_grasped_completion,cabinet,action_intrinsic_pregrasp_bowl_registered_v1,32,514,18,f0570adf2e2cdf55ef01180c8cf15f14c96b33219a8bdcfb110accc19eb31f44,False,False,False,False,False,,True,1412,1.9359922707547992
stagea__drawer-open__possession-grasped__locus-drawer-side__support-transverse-low-support__layout-b,v37_open_grasped_completion,cabinet,action_intrinsic_pregrasp_bowl_registered_v1,33,793,18,321fba85a693c5b82c8fc5d19d784724998b7ca98e765b826b728c3015762066,False,False,False,False,False,,True,1412,1.8264702647035125
stagea__drawer-open__possession-grasped__locus-drawer-side__support-transverse-low-support__layout-b,v37_open_grasped_completion,cabinet,action_intrinsic_pregrasp_bowl_registered_v1,34,608,18,51b3f339ae2711ec2dee1dcd740cd2c0f3834f5ec75aa5be171a8aabfa384705,False,False,False,False,False,,True,1413,1.6749287333099305
stagea__drawer-open__possession-grasped__locus-drawer-side__support-transverse-low-support__layout-b,v37_open_grasped_completion,cabinet,action_intrinsic_pregrasp_bowl_registered_v1,35,696,18,27ac40ae5b0142c7d2dd195b068a73088bc3ab3ec1564e44ffca7f7e715939b7,False,False,False,False,False,,True,1413,1.723665939558303
stagea__drawer-open__possession-grasped__locus-drawer-side__support-transverse-low-support__layout-b,v37_open_grasped_completion,cabinet,action_intrinsic_pregrasp_bowl_registered_v1,36,661,18,79a603a018e5f911a590ae269ad2060c3e7efd307ce515d5e88df99491a895e8,False,False,False,False,False,,True,1414,1.756627236652498
stagea__drawer-open__possession-grasped__locus-drawer-side__support-transverse-low-support__layout-b,v37_open_grasped_completion,cabinet,action_intrinsic_pregrasp_bowl_registered_v1,37,745,18,aa1a3bff114b4b0887abbac25cd7b26200e2b2d232d51d48484012ca3ac3efce,False,False,False,False,False,,True,1414,1.7907021581991396
stagea__drawer-open__possession-grasped__locus-drawer-side__support-transverse-low-support__layout-b,v37_open_grasped_completion,cabinet,action_intrinsic_pregrasp_bowl_registered_v1,38,767,18,bbf383faef21636081e61ca9fa795f26d897115b2e20fe6c0265b2d8e57172af,False,False,False,False,False,,True,1414,1.670635382939638
stagea__drawer-open__possession-grasped__locus-drawer-side__support-transverse-low-support__layout-b,v37_open_grasped_completion,cabinet,action_intrinsic_pregrasp_bowl_registered_v1,39,702,18,3fb5394b81ace7223fa4dc390332e7caab954344c8941276b13b63b0de1c2138,False,False,False,False,False,,True,1415,1.7039121318006285
stagea__drawer-open__possession-grasped__locus-drawer-side__support-transverse-low-support__layout-b,v37_open_grasped_completion,cabinet,action_intrinsic_pregrasp_bowl_registered_v1,40,794,18,dcf5210e4570b197e56bdf6a478e82d539aed8c6cdfe5c988d35706a308b1cca,False,False,False,False,False,,True,1417,1.7119120064927784
stagea__drawer-open__possession-grasped__locus-drawer-side__support-transverse-low-support__layout-b,v37_open_grasped_completion,cabinet,action_intrinsic_pregrasp_bowl_registered_v1,41,689,18,aa0ba50ca5b7f2632e0e1a5e2bb54df31c7b6cda867839b03bdd0567c6411689,False,False,False,False,False,,True,1418,1.7419384118294665
stagea__drawer-open__possession-grasped__locus-drawer-side__support-transverse-low-support__layout-b,v37_open_grasped_completion,cabinet,action_intrinsic_pregrasp_bowl_registered_v1,42,402,18,8d680111f934c94908dcb0f1528eef18063eb08cd7ed0c0a56e84debd7464d8c,False,False,False,False,False,,True,1419,1.7915402566056597
stagea__drawer-open__possession-grasped__locus-drawer-side__support-transverse-low-support__layout-b,v37_open_grasped_completion,cabinet,action_intrinsic_pregrasp_bowl_registered_v1,43,731,18,5be6d721a6fca1ef425074e8042fb05a80633e90f73f84091fca7a570ba71c84,False,False,False,False,False,,True,1421,1.8848386552210095
stagea__drawer-open__possession-grasped__locus-drawer-side__support-transverse-low-support__layout-b,v37_open_grasped_completion,cabinet,action_intrinsic_pregrasp_bowl_registered_v1,44,601,18,356b2a75f9d362a1cfb0d6e3fdb65c08269c619643db134c6cedc24fe14feff4,False,False,False,False,False,,True,1429,1.812523994713145
stagea__drawer-open__possession-grasped__locus-drawer-side__support-transverse-low-support__layout-b,v37_open_grasped_completion,cabinet,action_intrinsic_pregrasp_bowl_registered_v1,45,706,18,239ae28404bef990e918f40b44f2aa59e45059ea0befe4a202d06f573aa4c5fd,False,False,False,False,False,,True,1432,1.7792707487572506
stagea__drawer-open__possession-grasped__locus-drawer-side__support-transverse-low-support__layout-b,v37_open_grasped_completion,drawer,action_intrinsic_pregrasp_bowl_registered_v1,0,576,12,c4dc33e0754f25efdaa87c75195a9e18ba603fd17aa500a5ab8751927234e465,False,False,False,False,False,,True,1430,2.092629670361355
stagea__drawer-open__possession-grasped__locus-drawer-side__support-transverse-low-support__layout-b,v37_open_grasped_completion,drawer,action_intrinsic_pregrasp_bowl_registered_v1,1,694,12,e4d0e6805b6a960d0454858721550b66c578ada98014d5f852301b7bccee4c6e,True,True,True,False,False,163.0,True,1417,2.0941823019798074
stagea__drawer-open__possession-grasped__locus-drawer-side__support-transverse-low-support__layout-b,v37_open_grasped_completion,drawer,action_intrinsic_pregrasp_bowl_registered_v1,2,614,12,e61d01ded7ab086478e718b79d5a82f3b03ba2f66dca79962533600239750733,False,False,False,False,False,,False,1310,1.2211523258906802
stagea__drawer-open__possession-grasped__locus-drawer-side__support-transverse-low-support__layout-b,v37_open_grasped_completion,drawer,action_intrinsic_pregrasp_bowl_registered_v1,3,382,12,f26c8e95841a34fdf898d203d26239d6a90e1c07c81f581944655edeb4f60915,False,False,False,False,False,,True,1440,1.9031473373651966
stagea__drawer-open__possession-grasped__locus-drawer-side__support-transverse-low-support__layout-b,v37_open_grasped_completion,drawer,action_intrinsic_pregrasp_bowl_registered_v1,4,526,12,8ebeecff1ddaa357856da5ef867f3055f43a1fe01692dd469542c151b39ea3fc,False,False,False,False,False,,True,1434,2.1839572695345506
stagea__drawer-open__possession-grasped__locus-drawer-side__support-transverse-low-support__layout-b,v37_open_grasped_completion,drawer,action_intrinsic_pregrasp_bowl_registered_v1,5,594,12,d5c8812af2a306355bb71a52c35164f93ef95ab0ec2a57638db05edb030de728,False,False,False,False,False,,True,1433,2.254271388386994
stagea__drawer-open__possession-grasped__locus-drawer-side__support-transverse-low-support__layout-b,v37_open_grasped_completion,drawer,action_intrinsic_pregrasp_bowl_registered_v1,6,559,12,6338c79a0fb6aadb247d383c82552982be98a0fe67a07210aa6cdbb957870a0e,False,False,False,False,False,,False,1310,1.2025076235584125
stagea__drawer-open__possession-grasped__locus-drawer-side__support-transverse-low-support__layout-b,v37_open_grasped_completion,drawer,action_intrinsic_pregrasp_bowl_registered_v1,7,624,12,adb56e3ec63a390538504dce7dbcfce5bc5f780cf2a323a68559c4952810dca4,False,False,False,False,False,,False,1310,1.2176175899466102
stagea__drawer-open__possession-grasped__locus-drawer-side__support-transverse-low-support__layout-b,v37_open_grasped_completion,drawer,action_intrinsic_pregrasp_bowl_registered_v1,8,560,12,257886fa56c8ca594b7a52c9ba5c2ece42a4910673fe22140ee0be23dedc7fed,True,False,True,False,False,173.0,True,1430,2.1825219978793555
stagea__drawer-open__possession-grasped__locus-drawer-side__support-transverse-low-support__layout-b,v37_open_grasped_completion,drawer,action_intrinsic_pregrasp_bowl_registered_v1,9,627,12,54c3e36183cf5ef2a823d528e9503368965fc007ae422f9ac129decd6be47724,False,False,False,False,False,,True,1420,1.784713800678491
stagea__drawer-open__possession-grasped__locus-drawer-side__support-transverse-low-support__layout-b,v37_open_grasped_completion,drawer,action_intrinsic_pregrasp_bowl_registered_v1,10,684,12,4b41c4e5e61e059c2e83642794a66dcb58b90e9370db1b39755f83c021da75d2,False,False,False,False,False,,True,1438,2.2004444342670197
stagea__drawer-open__possession-grasped__locus-drawer-side__support-transverse-low-support__layout-b,v37_open_grasped_completion,drawer,action_intrinsic_pregrasp_bowl_registered_v1,11,409,12,e8aa2651d0fba6006bbd1ce8844606d4c1e24568d5b42dae3098ea158f05f04f,False,False,False,False,False,,True,1435,2.0121672201805643
stagea__drawer-open__possession-grasped__locus-drawer-side__support-transverse-low-support__layout-b,v37_open_grasped_completion,drawer,action_intrinsic_pregrasp_bowl_registered_v1,12,548,12,8039f55efc1d3b2afff01d9544afe9a27c13a9fde71ed489cc1888b03d05d72d,False,False,False,False,False,,False,1310,1.251107055962809
stagea__drawer-open__possession-grasped__locus-drawer-side__support-transverse-low-support__layout-b,v37_open_grasped_completion,drawer,action_intrinsic_pregrasp_bowl_registered_v1,13,742,12,db2e8c6a4ceb523133f51e21d0d31a8320ab88d1c0c7c0b124435499ea21a230,False,False,False,False,False,,False,1310,1.1938260546843418
stagea__drawer-open__possession-grasped__locus-drawer-side__support-transverse-low-support__layout-b,v37_open_grasped_completion,drawer,action_intrinsic_pregrasp_bowl_registered_v1,14,790,12,92034ebae21e287f92cdafcaaf1c4cc9ca7d732c105e28653f41c814086a107c,False,False,False,False,False,,False,1310,1.2528912446534777
stagea__drawer-open__possession-grasped__locus-drawer-side__support-transverse-low-support__layout-b,v37_open_grasped_completion,drawer,action_intrinsic_pregrasp_bowl_registered_v1,15,534,12,47ec06d84d5536c7bc2c903e0f4bc40c38674a2cc7e48d22e791a529d149c23f,False,False,False,False,False,,False,1310,1.223606500039681
stagea__drawer-open__possession-grasped__locus-drawer-side__support-transverse-low-support__layout-b,v37_open_grasped_completion,drawer,action_intrinsic_pregrasp_bowl_registered_v1,16,498,12,f6ffd6f59a512dc3d6da39d1c991a246f1f6c4fda28c9c6951d1ead81b79d73e,False,False,False,False,False,,True,1430,2.119482697152784
stagea__drawer-open__possession-grasped__locus-drawer-side__support-transverse-low-support__layout-b,v37_open_grasped_completion,drawer,action_intrinsic_pregrasp_bowl_registered_v1,17,737,12,24d53009f0c5a3917d02b3366eb875314813a60de3081d1bf69f19e04fcfd2ec,True,False,True,False,False,183.0,True,1426,2.1677545221971304
stagea__drawer-open__possession-grasped__locus-drawer-side__support-transverse-low-support__layout-b,v37_open_grasped_completion,drawer,action_intrinsic_pregrasp_bowl_registered_v1,18,489,12,548f110a2e4050299ae8b3a610c9806b51995a65b74f8a79b83dece3b9636a3f,True,False,True,False,False,183.0,True,1424,2.2011875851859086
stagea__drawer-open__possession-grasped__locus-drawer-side__support-transverse-low-support__layout-b,v37_open_grasped_completion,drawer,action_intrinsic_pregrasp_bowl_registered_v1,19,784,12,d61fad8212342e13bc37c975339f3effa6841a3166deace8fa063482deeb95c4,False,False,False,False,False,,False,1310,1.1937322484121435
stagea__drawer-open__possession-grasped__locus-drawer-side__support-transverse-low-support__layout-b,v37_open_grasped_completion,drawer,action_intrinsic_pregrasp_bowl_registered_v1,20,701,12,4b63123279f4f228439254b39a178ae1dc4773dc6dc6d53eb6d453f24e40eda3,False,False,False,False,False,,True,1435,1.990727060731966
stagea__drawer-open__possession-grasped__locus-drawer-side__support-transverse-low-support__layout-b,v37_open_grasped_completion,drawer,action_intrinsic_pregrasp_bowl_registered_v1,21,416,12,41b4ab3c6eab78d6c7d147d6b7319f520c6dafa8eee44a2166e002b28cb2fdfd,False,False,False,False,False,,True,1434,2.1534763397234347
stagea__drawer-open__possession-grasped__locus-drawer-side__support-transverse-low-support__layout-b,v37_open_grasped_completion,drawer,action_intrinsic_pregrasp_bowl_registered_v1,22,462,12,40dafe57a26443dcd16aaaca097715e50661a8f0bc112c64947bc2ee28c75703,True,False,True,False,False,189.0,True,1442,2.2397209513397773
stagea__drawer-open__possession-grasped__locus-drawer-side__support-transverse-low-support__layout-b,v37_open_grasped_completion,drawer,action_intrinsic_pregrasp_bowl_registered_v1,23,494,12,93f39f1498437ddba0efc6eb059cd2b642ab544fab2f3336525878a4763097d4,False,False,False,False,False,,True,1434,1.9884713391377244
stagea__drawer-open__possession-grasped__locus-drawer-side__support-transverse-low-support__layout-b,v37_open_grasped_completion,drawer,action_intrinsic_pregrasp_bowl_registered_v1,24,414,12,9ec592154057d5c791bd6ea65380646ea92cd0d23d38116bae61bcd4d9af6daa,True,False,True,False,False,182.0,True,1421,2.156863454277339
stagea__drawer-open__possession-grasped__locus-drawer-side__support-transverse-low-support__layout-b,v37_open_grasped_completion,drawer,action_intrinsic_pregrasp_bowl_registered_v1,25,523,12,eff93d2d3123718e86e9f1b41fb58d6a377fbec3687a6300f32204f553b41906,True,False,True,False,False,192.0,True,1435,2.164205163404758
stagea__drawer-open__possession-grasped__locus-drawer-side__support-transverse-low-support__layout-b,v37_open_grasped_completion,drawer,action_intrinsic_pregrasp_bowl_registered_v1,26,762,12,5a6ad00de32247a9c04c1b1ae331ac99f700b26de0552cc1171848d4a8682ec3,False,False,False,False,False,,True,1432,1.9873512509087208
stagea__drawer-open__possession-grasped__locus-drawer-side__support-transverse-low-support__layout-b,v37_open_grasped_completion,drawer,action_intrinsic_pregrasp_bowl_registered_v1,27,758,12,908f23fecbfd35ae5c9dcbedd3858d03ec11dd138bb2dab0f43ee0d4574695b4,False,False,False,False,False,,False,1310,1.2291531895742969
stagea__drawer-open__possession-grasped__locus-drawer-side__support-transverse-low-support__layout-b,v37_open_grasped_completion,drawer,action_intrinsic_pregrasp_bowl_registered_v1,28,782,12,de7cef4f6a636948f4190f834219967d71ea3e72fe0b4f836e50e047f5d757f3,False,False,False,False,False,,True,1446,1.8258213800596526
stagea__drawer-open__possession-grasped__locus-drawer-side__support-transverse-low-support__layout-b,v37_open_grasped_completion,drawer,action_intrinsic_pregrasp_bowl_registered_v1,29,383,12,f598f486a32782cc98bfad505745987af2a8f37f2e9c4aa94b4ec2f8b9fa8ae4,False,False,False,False,False,,True,1447,1.94702035864609
stagea__drawer-open__possession-grasped__locus-drawer-side__support-transverse-low-support__layout-b,v37_open_grasped_completion,drawer,action_intrinsic_pregrasp_bowl_registered_v1,30,738,12,8eabf11d95595bb7c52a4944a62cc03da44e1f462b7ad8a09519f9c8d10286aa,False,False,False,False,False,,True,1467,2.378588699784909
stagea__drawer-open__possession-grasped__locus-drawer-side__support-transverse-low-support__layout-b,v37_open_grasped_completion,drawer,action_intrinsic_pregrasp_bowl_registered_v1,31,538,12,08ad1772331225b10cf37ff13b272f62c36cb63525e1e766a49b9b0fcb1a42c6,False,False,False,False,False,,True,1465,2.3693771842308395
stagea__drawer-open__possession-grasped__locus-drawer-side__support-transverse-low-support__layout-b,v37_open_grasped_completion,drawer,action_intrinsic_pregrasp_bowl_registered_v1,32,465,12,e0429b5fe21a733c15e4703fae6c590da9aaff3e0b059bfd634952b78272b52f,False,False,False,False,False,,True,1447,1.9395271740479052
stagea__drawer-open__possession-grasped__locus-drawer-side__support-transverse-low-support__layout-b,v37_open_grasped_completion,drawer,action_intrinsic_pregrasp_bowl_registered_v1,33,449,12,f20bb3de976403a90113d79607775b68c63181b9aaba242dc0f356def02dad3e,True,False,True,False,False,235.0,True,1473,2.670552026510328
stagea__drawer-open__possession-grasped__locus-drawer-side__support-transverse-low-support__layout-b,v37_open_grasped_completion,drawer,action_intrinsic_pregrasp_bowl_registered_v1,34,711,12,5fbc8383f1842247c97b8be8ec4cb5a910eaea56fe8ac6bc4025f658f74279c2,False,False,False,False,False,,False,1310,1.1191240057196765
stagea__drawer-open__possession-grasped__locus-drawer-side__support-transverse-low-support__layout-b,v37_open_grasped_completion,drawer,action_intrinsic_pregrasp_bowl_registered_v1,35,387,12,a6b95196dd651f801df5eb0aaac15cabaa4501ebba68b07e61bc42d336c598b2,False,False,False,False,False,,True,1503,2.1516320943675873
stagea__drawer-open__possession-on-table__locus-cabinet-side__support-demonstration-near__layout-a,v35_open_completion,cabinet,action_intrinsic_pregrasp_bowl_registered_v1,0,438,18,fc624695eb2d39b20e511c8ac6df4923b6bff3cff56ff389622f45310e9278c2,False,False,False,False,False,,True,625,1.189039567357821
stagea__drawer-open__possession-on-table__locus-cabinet-side__support-demonstration-near__layout-a,v35_open_completion,cabinet,action_intrinsic_pregrasp_bowl_registered_v1,1,712,18,9af535ed5943f0efe94c6e6136614fdd45017940a69a8267687e68416905a9d8,False,False,False,False,False,,True,626,1.061345204335676
stagea__drawer-open__possession-on-table__locus-cabinet-side__support-demonstration-near__layout-a,v35_open_completion,cabinet,action_intrinsic_pregrasp_bowl_registered_v1,2,669,18,bb63603def241e17b02c89c5513d1ef93cf75f47c260b5b139f120acf22c26f8,False,False,False,False,False,,True,627,1.125511490833094
stagea__drawer-open__possession-on-table__locus-cabinet-side__support-demonstration-near__layout-a,v35_open_completion,cabinet,action_intrinsic_pregrasp_bowl_registered_v1,3,590,18,0348abe806a47069551301e2e86e25fcca5b8db8fd3f5b128630180e19057a9c,False,False,False,False,False,,True,629,1.1307242017456396
stagea__drawer-open__possession-on-table__locus-cabinet-side__support-demonstration-near__layout-a,v35_open_completion,cabinet,action_intrinsic_pregrasp_bowl_registered_v1,4,597,18,3bd590038acfecf91321ca683267c834fb8ebbd4f559e5fd8f89bf1dda561e9f,False,False,False,False,False,,True,629,1.0326487002225213
stagea__drawer-open__possession-on-table__locus-cabinet-side__support-demonstration-near__layout-a,v35_open_completion,cabinet,action_intrinsic_pregrasp_bowl_registered_v1,5,660,18,082d8ee4933e7774b752cd6fbf2ea76a20ff927bf4afa8bd09b7ddc47aefba34,False,False,False,False,False,,True,629,1.0219212735316825
stagea__drawer-open__possession-on-table__locus-cabinet-side__support-demonstration-near__layout-a,v35_open_completion,cabinet,action_intrinsic_pregrasp_bowl_registered_v1,6,458,18,4d4a24b15ada9177614865d055b4dccd354dd4ce8dac9eb391c68984fc50691e,False,False,False,False,False,,True,630,1.0880680198338508
stagea__drawer-open__possession-on-table__locus-cabinet-side__support-demonstration-near__layout-a,v35_open_completion,cabinet,action_intrinsic_pregrasp_bowl_registered_v1,7,573,18,2e42787c67b5b157b79e3c3b2980a13563d41b4cbf69a9279c710d30a6292e92,False,False,False,False,False,,True,630,1.0810500896571438
stagea__drawer-open__possession-on-table__locus-cabinet-side__support-demonstration-near__layout-a,v35_open_completion,cabinet,action_intrinsic_pregrasp_bowl_registered_v1,8,681,18,32bf1db8cfb866d929b97eaf4f6ad55599246fef24edf68fea15ede3b5cf005e,False,False,False,False,False,,True,630,1.1566295075495558
stagea__drawer-open__possession-on-table__locus-cabinet-side__support-demonstration-near__layout-a,v35_open_completion,cabinet,action_intrinsic_pregrasp_bowl_registered_v1,9,452,18,016fe7cdd6622e9f77775f108f3cb4e4f836ec330ac07003f39fb7e5dbd594d5,False,False,False,False,False,,True,632,1.0836624009005242
stagea__drawer-open__possession-on-table__locus-cabinet-side__support-demonstration-near__layout-a,v35_open_completion,cabinet,action_intrinsic_pregrasp_bowl_registered_v1,10,775,18,b7e8758503c46c2273a688c9d98a5cbf14447ba59301bb326ca3a9078d7ea079,False,False,False,False,False,,True,632,1.1786114458963741
stagea__drawer-open__possession-on-table__locus-cabinet-side__support-demonstration-near__layout-a,v35_open_completion,cabinet,action_intrinsic_pregrasp_bowl_registered_v1,11,665,18,a4a985f59f32ec185896dca87996aa455a720e318f579d3c58b2a88d391ef2bd,False,False,False,False,False,,True,634,1.0660206878085292
stagea__drawer-open__possession-on-table__locus-cabinet-side__support-demonstration-near__layout-a,v35_open_completion,cabinet,action_intrinsic_pregrasp_bowl_registered_v1,12,444,18,4d00108fccbba095038c80424e863deb2221dea2d50d4f2c5a3442f48d6466a2,False,False,False,False,False,,True,635,1.0992402311755871
stagea__drawer-open__possession-on-table__locus-cabinet-side__support-demonstration-near__layout-a,v35_open_completion,cabinet,action_intrinsic_pregrasp_bowl_registered_v1,13,501,18,033327dbdb43b4bfddc6ed286bf6f8e8a6112ffe991905c700c75ec0676b386c,False,False,False,False,False,,True,635,1.2567386107248568
stagea__drawer-open__possession-on-table__locus-cabinet-side__support-demonstration-near__layout-a,v35_open_completion,cabinet,action_intrinsic_pregrasp_bowl_registered_v1,14,638,18,a8d81987e6f0f385619548c3982d9078c5c54a76d95ade16b8a982ad08234932,False,False,False,False,False,,True,635,1.2867247186630726
stagea__drawer-open__possession-on-table__locus-cabinet-side__support-demonstration-near__layout-a,v35_open_completion,cabinet,action_intrinsic_pregrasp_bowl_registered_v1,15,674,18,9b9937400a6e113f3901f66bf04dbac00fcbef6b9d999843ef0c651c1d76ce93,False,False,False,False,False,,True,635,1.2247370100544783
stagea__drawer-open__possession-on-table__locus-cabinet-side__support-demonstration-near__layout-a,v35_open_completion,cabinet,action_intrinsic_pregrasp_bowl_registered_v1,16,493,18,6cd7e138d3e7108f26e5396426d285829d7a3044a5068557110ad529c60f88fb,False,False,False,False,False,,True,636,1.146869646774182
stagea__drawer-open__possession-on-table__locus-cabinet-side__support-demonstration-near__layout-a,v35_open_completion,cabinet,action_intrinsic_pregrasp_bowl_registered_v1,17,636,18,0a4fa289713d5467f4f401adaef6d834685933041fe590343f19ee059e605170,False,False,False,False,False,,True,636,1.1120353896174437
stagea__drawer-open__possession-on-table__locus-cabinet-side__support-demonstration-near__layout-a,v35_open_completion,cabinet,action_intrinsic_pregrasp_bowl_registered_v1,18,699,18,9504ca4f990d01cd111eed0f44cf9f286704e69d2bef21680ad53de5b6c6e501,False,False,False,False,False,,True,636,1.3095071788819954
stagea__drawer-open__possession-on-table__locus-cabinet-side__support-demonstration-near__layout-a,v35_open_completion,cabinet,action_intrinsic_pregrasp_bowl_registered_v1,19,456,18,fe869cc76141d5cbf6d64ee2c3c80a872e3f32bfcb5763bfe38221d3c6f8774f,False,False,False,False,False,,True,637,1.2604491787102108
stagea__drawer-open__possession-on-table__locus-cabinet-side__support-demonstration-near__layout-a,v35_open_completion,cabinet,action_intrinsic_pregrasp_bowl_registered_v1,20,570,18,c2d4c5bdce9483b0609598e4bd984122284c5eef5a4d26eac9681c616139a807,False,False,False,False,False,,True,637,1.1314271757667074
stagea__drawer-open__possession-on-table__locus-cabinet-side__support-demonstration-near__layout-a,v35_open_completion,cabinet,action_intrinsic_pregrasp_bowl_registered_v1,21,662,18,9b8d4f7149a62a256faa3e7ea0e5c2f3125d95bea41d4c479b86904e2d505dcf,False,False,False,False,False,,True,637,1.0811366686902628
stagea__drawer-open__possession-on-table__locus-cabinet-side__support-demonstration-near__layout-a,v35_open_completion,cabinet,action_intrinsic_pregrasp_bowl_registered_v1,22,732,18,c3b4ba9df80cca1c1bc20693376c230d3bc01ba9f981bb21aff3d94f5df62a66,False,False,False,False,False,,True,637,1.1219205119188396
stagea__drawer-open__possession-on-table__locus-cabinet-side__support-demonstration-near__layout-a,v35_open_completion,cabinet,action_intrinsic_pregrasp_bowl_registered_v1,23,505,18,69ffa114adff6ac44594f47b51bd23b379470a0da01eb7ed63f3d8a0d4c8775a,False,False,False,False,False,,True,638,1.1135429935576666
stagea__drawer-open__possession-on-table__locus-cabinet-side__support-demonstration-near__layout-a,v35_open_completion,cabinet,action_intrinsic_pregrasp_bowl_registered_v1,24,630,18,d47820b50d009ef5f221017fa25bcb7f75e7cde874bf13cd4a5f40b7d49fe74f,False,False,False,False,False,,True,638,1.0587803655141725
stagea__drawer-open__possession-on-table__locus-cabinet-side__support-demonstration-near__layout-a,v35_open_completion,cabinet,action_intrinsic_pregrasp_bowl_registered_v1,25,743,18,1df868b0e126de6c747a3392f2ae0135f2089140e79694115da746d261455e76,False,False,False,False,False,,True,638,1.0192321584332218
stagea__drawer-open__possession-on-table__locus-cabinet-side__support-demonstration-near__layout-a,v35_open_completion,cabinet,action_intrinsic_pregrasp_bowl_registered_v1,26,398,18,dddc06067bf84b0019a1cf050048e588df918f7768911fa406ce110da9ad4689,False,False,False,False,False,,True,639,1.1221382049595499
stagea__drawer-open__possession-on-table__locus-cabinet-side__support-demonstration-near__layout-a,v35_open_completion,cabinet,action_intrinsic_pregrasp_bowl_registered_v1,27,446,18,171014841f360ccb7f224b68357849b87ebcfb38ea27c23f8309cdfd830c7760,False,False,False,False,False,,True,639,1.189192057844707
stagea__drawer-open__possession-on-table__locus-cabinet-side__support-demonstration-near__layout-a,v35_open_completion,cabinet,action_intrinsic_pregrasp_bowl_registered_v1,28,724,18,8bbb07bf3048a11cd3879887766413ad6a041eb78ef54667a0528d0ab13f7c0c,False,False,False,False,False,,True,640,1.129262353773273
stagea__drawer-open__possession-on-table__locus-cabinet-side__support-demonstration-near__layout-a,v35_open_completion,cabinet,action_intrinsic_pregrasp_bowl_registered_v1,29,521,18,f404e35757cca7351a7956c0091493689bcae213ebc3f600ad9ca7ec35cc19d8,False,False,False,False,False,,True,641,1.1156322816514472
stagea__drawer-open__possession-on-table__locus-cabinet-side__support-demonstration-near__layout-a,v35_open_completion,cabinet,action_intrinsic_pregrasp_bowl_registered_v1,30,791,18,ab8bc2c0ead1910b94bd3b22c327af072be2575c2b190a011406f4f7286f5de9,False,False,False,False,False,,True,641,1.2293233425078012
stagea__drawer-open__possession-on-table__locus-cabinet-side__support-demonstration-near__layout-a,v35_open_completion,cabinet,action_intrinsic_pregrasp_bowl_registered_v1,31,474,18,5d93ae0bbe8618d7ad32e89a85261166b35dec3bcaa972751dddbaae8f07150c,True,True,True,False,False,84.0,True,624,1.210390506683944
stagea__drawer-open__possession-on-table__locus-cabinet-side__support-demonstration-near__layout-a,v35_open_completion,cabinet,action_intrinsic_pregrasp_bowl_registered_v1,32,514,18,f0570adf2e2cdf55ef01180c8cf15f14c96b33219a8bdcfb110accc19eb31f44,False,False,False,False,False,,True,642,1.2909729767942753
stagea__drawer-open__possession-on-table__locus-cabinet-side__support-demonstration-near__layout-a,v35_open_completion,cabinet,action_intrinsic_pregrasp_bowl_registered_v1,33,793,18,321fba85a693c5b82c8fc5d19d784724998b7ca98e765b826b728c3015762066,False,False,False,False,False,,True,642,1.1012311402742592
stagea__drawer-open__possession-on-table__locus-cabinet-side__support-demonstration-near__layout-a,v35_open_completion,cabinet,action_intrinsic_pregrasp_bowl_registered_v1,34,608,18,51b3f339ae2711ec2dee1dcd740cd2c0f3834f5ec75aa5be171a8aabfa384705,False,False,False,False,False,,True,643,1.1175977708058866
stagea__drawer-open__possession-on-table__locus-cabinet-side__support-demonstration-near__layout-a,v35_open_completion,cabinet,action_intrinsic_pregrasp_bowl_registered_v1,35,696,18,27ac40ae5b0142c7d2dd195b068a73088bc3ab3ec1564e44ffca7f7e715939b7,False,False,False,False,False,,True,643,1.1387395610274744
stagea__drawer-open__possession-on-table__locus-cabinet-side__support-demonstration-near__layout-a,v35_open_completion,cabinet,action_intrinsic_pregrasp_bowl_registered_v1,36,661,18,79a603a018e5f911a590ae269ad2060c3e7efd307ce515d5e88df99491a895e8,False,False,False,False,False,,True,644,1.293482049305718
stagea__drawer-open__possession-on-table__locus-cabinet-side__support-demonstration-near__layout-a,v35_open_completion,cabinet,action_intrinsic_pregrasp_bowl_registered_v1,37,745,18,aa1a3bff114b4b0887abbac25cd7b26200e2b2d232d51d48484012ca3ac3efce,False,False,False,False,False,,True,644,1.1971072682552957
stagea__drawer-open__possession-on-table__locus-cabinet-side__support-demonstration-near__layout-a,v35_open_completion,cabinet,action_intrinsic_pregrasp_bowl_registered_v1,38,767,18,bbf383faef21636081e61ca9fa795f26d897115b2e20fe6c0265b2d8e57172af,False,False,False,False,False,,True,644,1.1362534109935358
stagea__drawer-open__possession-on-table__locus-cabinet-side__support-demonstration-near__layout-a,v35_open_completion,cabinet,action_intrinsic_pregrasp_bowl_registered_v1,39,702,18,3fb5394b81ace7223fa4dc390332e7caab954344c8941276b13b63b0de1c2138,False,False,False,False,False,,True,645,1.1483726598850112
stagea__drawer-open__possession-on-table__locus-cabinet-side__support-demonstration-near__layout-a,v35_open_completion,cabinet,action_intrinsic_pregrasp_bowl_registered_v1,40,794,18,dcf5210e4570b197e56bdf6a478e82d539aed8c6cdfe5c988d35706a308b1cca,False,False,False,False,False,,True,647,1.1523507463991638
stagea__drawer-open__possession-on-table__locus-cabinet-side__support-demonstration-near__layout-a,v35_open_completion,cabinet,action_intrinsic_pregrasp_bowl_registered_v1,41,689,18,aa0ba50ca5b7f2632e0e1a5e2bb54df31c7b6cda867839b03bdd0567c6411689,False,False,False,False,False,,True,648,1.1858394075006085
stagea__drawer-open__possession-on-table__locus-cabinet-side__support-demonstration-near__layout-a,v35_open_completion,cabinet,action_intrinsic_pregrasp_bowl_registered_v1,42,402,18,8d680111f934c94908dcb0f1528eef18063eb08cd7ed0c0a56e84debd7464d8c,False,False,False,False,False,,True,649,1.221233585682889
stagea__drawer-open__possession-on-table__locus-cabinet-side__support-demonstration-near__layout-a,v35_open_completion,cabinet,action_intrinsic_pregrasp_bowl_registered_v1,43,731,18,5be6d721a6fca1ef425074e8042fb05a80633e90f73f84091fca7a570ba71c84,False,False,False,False,False,,True,651,1.1905144401427759
stagea__drawer-open__possession-on-table__locus-cabinet-side__support-demonstration-near__layout-a,v35_open_completion,cabinet,action_intrinsic_pregrasp_bowl_registered_v1,44,601,18,356b2a75f9d362a1cfb0d6e3fdb65c08269c619643db134c6cedc24fe14feff4,False,False,False,False,False,,True,659,1.2214200843910232
stagea__drawer-open__possession-on-table__locus-cabinet-side__support-demonstration-near__layout-a,v35_open_completion,cabinet,action_intrinsic_pregrasp_bowl_registered_v1,45,706,18,239ae28404bef990e918f40b44f2aa59e45059ea0befe4a202d06f573aa4c5fd,False,False,False,False,False,,True,662,1.2074171727205156
stagea__drawer-open__possession-on-table__locus-cabinet-side__support-demonstration-near__layout-a,v35_open_completion,drawer,action_intrinsic_pregrasp_bowl_registered_v1,0,576,12,c4dc33e0754f25efdaa87c75195a9e18ba603fd17aa500a5ab8751927234e465,False,False,False,False,False,,False,540,0.6663263402354833
stagea__drawer-open__possession-on-table__locus-cabinet-side__support-demonstration-near__layout-a,v35_open_completion,drawer,action_intrinsic_pregrasp_bowl_registered_v1,1,694,12,e4d0e6805b6a960d0454858721550b66c578ada98014d5f852301b7bccee4c6e,True,True,True,False,False,159.0,True,643,1.5441981145432393
stagea__drawer-open__possession-on-table__locus-cabinet-side__support-demonstration-near__layout-a,v35_open_completion,drawer,action_intrinsic_pregrasp_bowl_registered_v1,2,614,12,e61d01ded7ab086478e718b79d5a82f3b03ba2f66dca79962533600239750733,False,False,False,False,False,,False,540,0.6899131517423688
stagea__drawer-open__possession-on-table__locus-cabinet-side__support-demonstration-near__layout-a,v35_open_completion,drawer,action_intrinsic_pregrasp_bowl_registered_v1,3,382,12,f26c8e95841a34fdf898d203d26239d6a90e1c07c81f581944655edeb4f60915,False,False,False,False,False,,True,670,1.3996776312241446
stagea__drawer-open__possession-on-table__locus-cabinet-side__support-demonstration-near__layout-a,v35_open_completion,drawer,action_intrinsic_pregrasp_bowl_registered_v1,4,526,12,8ebeecff1ddaa357856da5ef867f3055f43a1fe01692dd469542c151b39ea3fc,False,False,False,False,False,,True,664,1.68108655019386
stagea__drawer-open__possession-on-table__locus-cabinet-side__support-demonstration-near__layout-a,v35_open_completion,drawer,action_intrinsic_pregrasp_bowl_registered_v1,5,594,12,d5c8812af2a306355bb71a52c35164f93ef95ab0ec2a57638db05edb030de728,False,False,False,False,False,,True,663,1.7738572235750274
stagea__drawer-open__possession-on-table__locus-cabinet-side__support-demonstration-near__layout-a,v35_open_completion,drawer,action_intrinsic_pregrasp_bowl_registered_v1,6,559,12,6338c79a0fb6aadb247d383c82552982be98a0fe67a07210aa6cdbb957870a0e,False,False,False,False,False,,False,540,0.6931633343857028
stagea__drawer-open__possession-on-table__locus-cabinet-side__support-demonstration-near__layout-a,v35_open_completion,drawer,action_intrinsic_pregrasp_bowl_registered_v1,7,624,12,adb56e3ec63a390538504dce7dbcfce5bc5f780cf2a323a68559c4952810dca4,False,False,False,False,False,,False,540,0.6857478405729711
stagea__drawer-open__possession-on-table__locus-cabinet-side__support-demonstration-near__layout-a,v35_open_completion,drawer,action_intrinsic_pregrasp_bowl_registered_v1,8,560,12,257886fa56c8ca594b7a52c9ba5c2ece42a4910673fe22140ee0be23dedc7fed,True,False,True,False,False,172.0,True,659,1.665808684571413
stagea__drawer-open__possession-on-table__locus-cabinet-side__support-demonstration-near__layout-a,v35_open_completion,drawer,action_intrinsic_pregrasp_bowl_registered_v1,9,627,12,54c3e36183cf5ef2a823d528e9503368965fc007ae422f9ac129decd6be47724,False,False,False,False,False,,True,650,1.2954601387496245
stagea__drawer-open__possession-on-table__locus-cabinet-side__support-demonstration-near__layout-a,v35_open_completion,drawer,action_intrinsic_pregrasp_bowl_registered_v1,10,684,12,4b41c4e5e61e059c2e83642794a66dcb58b90e9370db1b39755f83c021da75d2,False,False,False,False,False,,True,668,1.6925041268360668
stagea__drawer-open__possession-on-table__locus-cabinet-side__support-demonstration-near__layout-a,v35_open_completion,drawer,action_intrinsic_pregrasp_bowl_registered_v1,11,409,12,e8aa2651d0fba6006bbd1ce8844606d4c1e24568d5b42dae3098ea158f05f04f,False,False,False,False,False,,True,665,1.522815480297363
stagea__drawer-open__possession-on-table__locus-cabinet-side__support-demonstration-near__layout-a,v35_open_completion,drawer,action_intrinsic_pregrasp_bowl_registered_v1,12,548,12,8039f55efc1d3b2afff01d9544afe9a27c13a9fde71ed489cc1888b03d05d72d,False,False,False,False,False,,False,540,0.7780794892775967
stagea__drawer-open__possession-on-table__locus-cabinet-side__support-demonstration-near__layout-a,v35_open_completion,drawer,action_intrinsic_pregrasp_bowl_registered_v1,13,742,12,db2e8c6a4ceb523133f51e21d0d31a8320ab88d1c0c7c0b124435499ea21a230,False,False,False,False,False,,False,540,0.6811550298957024
stagea__drawer-open__possession-on-table__locus-cabinet-side__support-demonstration-near__layout-a,v35_open_completion,drawer,action_intrinsic_pregrasp_bowl_registered_v1,14,790,12,92034ebae21e287f92cdafcaaf1c4cc9ca7d732c105e28653f41c814086a107c,False,False,False,False,False,,False,540,0.7587234470031662
stagea__drawer-open__possession-on-table__locus-cabinet-side__support-demonstration-near__layout-a,v35_open_completion,drawer,action_intrinsic_pregrasp_bowl_registered_v1,15,534,12,47ec06d84d5536c7bc2c903e0f4bc40c38674a2cc7e48d22e791a529d149c23f,False,False,False,False,False,,False,540,0.7448320443005731
stagea__drawer-open__possession-on-table__locus-cabinet-side__support-demonstration-near__layout-a,v35_open_completion,drawer,action_intrinsic_pregrasp_bowl_registered_v1,16,498,12,f6ffd6f59a512dc3d6da39d1c991a246f1f6c4fda28c9c6951d1ead81b79d73e,False,False,False,False,False,,True,660,1.616805449466175
stagea__drawer-open__possession-on-table__locus-cabinet-side__support-demonstration-near__layout-a,v35_open_completion,drawer,action_intrinsic_pregrasp_bowl_registered_v1,17,737,12,24d53009f0c5a3917d02b3366eb875314813a60de3081d1bf69f19e04fcfd2ec,True,False,True,False,False,181.0,True,654,1.662136507704223
stagea__drawer-open__possession-on-table__locus-cabinet-side__support-demonstration-near__layout-a,v35_open_completion,drawer,action_intrinsic_pregrasp_bowl_registered_v1,18,489,12,548f110a2e4050299ae8b3a610c9806b51995a65b74f8a79b83dece3b9636a3f,True,False,True,False,False,183.0,True,654,1.7059183440639083
stagea__drawer-open__possession-on-table__locus-cabinet-side__support-demonstration-near__layout-a,v35_open_completion,drawer,action_intrinsic_pregrasp_bowl_registered_v1,19,784,12,d61fad8212342e13bc37c975339f3effa6841a3166deace8fa063482deeb95c4,False,False,False,False,False,,False,540,0.6959021931879121
stagea__drawer-open__possession-on-table__locus-cabinet-side__support-demonstration-near__layout-a,v35_open_completion,drawer,action_intrinsic_pregrasp_bowl_registered_v1,20,701,12,4b63123279f4f228439254b39a178ae1dc4773dc6dc6d53eb6d453f24e40eda3,False,False,False,False,False,,True,665,1.5080269146514103
stagea__drawer-open__possession-on-table__locus-cabinet-side__support-demonstration-near__layout-a,v35_open_completion,drawer,action_intrinsic_pregrasp_bowl_registered_v1,21,416,12,41b4ab3c6eab78d6c7d147d6b7319f520c6dafa8eee44a2166e002b28cb2fdfd,False,False,False,False,False,,True,664,1.6580246709091682
stagea__drawer-open__possession-on-table__locus-cabinet-side__support-demonstration-near__layout-a,v35_open_completion,drawer,action_intrinsic_pregrasp_bowl_registered_v1,22,462,12,40dafe57a26443dcd16aaaca097715e50661a8f0bc112c64947bc2ee28c75703,True,False,True,False,False,187.0,True,670,1.7306694291688816
stagea__drawer-open__possession-on-table__locus-cabinet-side__support-demonstration-near__layout-a,v35_open_completion,drawer,action_intrinsic_pregrasp_bowl_registered_v1,23,494,12,93f39f1498437ddba0efc6eb059cd2b642ab544fab2f3336525878a4763097d4,False,False,False,False,False,,True,664,1.3286301609291633
stagea__drawer-open__possession-on-table__locus-cabinet-side__support-demonstration-near__layout-a,v35_open_completion,drawer,action_intrinsic_pregrasp_bowl_registered_v1,24,414,12,9ec592154057d5c791bd6ea65380646ea92cd0d23d38116bae61bcd4d9af6daa,True,False,True,False,False,189.0,True,658,1.7175119863858384
stagea__drawer-open__possession-on-table__locus-cabinet-side__support-demonstration-near__layout-a,v35_open_completion,drawer,action_intrinsic_pregrasp_bowl_registered_v1,25,523,12,eff93d2d3123718e86e9f1b41fb58d6a377fbec3687a6300f32204f553b41906,True,False,True,False,False,193.0,True,666,1.6697390981577023
stagea__drawer-open__possession-on-table__locus-cabinet-side__support-demonstration-near__layout-a,v35_open_completion,drawer,action_intrinsic_pregrasp_bowl_registered_v1,26,762,12,5a6ad00de32247a9c04c1b1ae331ac99f700b26de0552cc1171848d4a8682ec3,False,False,False,False,False,,True,662,1.3614973649298492
stagea__drawer-open__possession-on-table__locus-cabinet-side__support-demonstration-near__layout-a,v35_open_completion,drawer,action_intrinsic_pregrasp_bowl_registered_v1,27,758,12,908f23fecbfd35ae5c9dcbedd3858d03ec11dd138bb2dab0f43ee0d4574695b4,False,False,False,False,False,,False,540,0.7364731333708275
stagea__drawer-open__possession-on-table__locus-cabinet-side__support-demonstration-near__layout-a,v35_open_completion,drawer,action_intrinsic_pregrasp_bowl_registered_v1,28,782,12,de7cef4f6a636948f4190f834219967d71ea3e72fe0b4f836e50e047f5d757f3,False,False,False,False,False,,True,676,1.2909212037093716
stagea__drawer-open__possession-on-table__locus-cabinet-side__support-demonstration-near__layout-a,v35_open_completion,drawer,action_intrinsic_pregrasp_bowl_registered_v1,29,383,12,f598f486a32782cc98bfad505745987af2a8f37f2e9c4aa94b4ec2f8b9fa8ae4,False,False,False,False,False,,True,677,1.4055899603479776
stagea__drawer-open__possession-on-table__locus-cabinet-side__support-demonstration-near__layout-a,v35_open_completion,drawer,action_intrinsic_pregrasp_bowl_registered_v1,30,738,12,8eabf11d95595bb7c52a4944a62cc03da44e1f462b7ad8a09519f9c8d10286aa,True,False,True,False,False,206.0,True,685,1.9098142650308705
stagea__drawer-open__possession-on-table__locus-cabinet-side__support-demonstration-near__layout-a,v35_open_completion,drawer,action_intrinsic_pregrasp_bowl_registered_v1,31,538,12,08ad1772331225b10cf37ff13b272f62c36cb63525e1e766a49b9b0fcb1a42c6,True,False,True,False,False,210.0,True,685,1.9160298315826647
stagea__drawer-open__possession-on-table__locus-cabinet-side__support-demonstration-near__layout-a,v35_open_completion,drawer,action_intrinsic_pregrasp_bowl_registered_v1,32,465,12,e0429b5fe21a733c15e4703fae6c590da9aaff3e0b059bfd634952b78272b52f,False,False,False,False,False,,True,677,1.4336502326866178
stagea__drawer-open__possession-on-table__locus-cabinet-side__support-demonstration-near__layout-a,v35_open_completion,drawer,action_intrinsic_pregrasp_bowl_registered_v1,33,449,12,f20bb3de976403a90113d79607775b68c63181b9aaba242dc0f356def02dad3e,False,False,False,False,False,,True,716,2.2499814411641315
stagea__drawer-open__possession-on-table__locus-cabinet-side__support-demonstration-near__layout-a,v35_open_completion,drawer,action_intrinsic_pregrasp_bowl_registered_v1,34,711,12,5fbc8383f1842247c97b8be8ec4cb5a910eaea56fe8ac6bc4025f658f74279c2,True,False,True,False,False,239.0,True,688,1.459394333998987
stagea__drawer-open__possession-on-table__locus-cabinet-side__support-demonstration-near__layout-a,v35_open_completion,drawer,action_intrinsic_pregrasp_bowl_registered_v1,35,387,12,a6b95196dd651f801df5eb0aaac15cabaa4501ebba68b07e61bc42d336c598b2,False,False,False,False,False,,True,733,1.4800643907313615
stagea__drawer-open__possession-on-table__locus-cabinet-side__support-demonstration-near__layout-b,v35_open_completion,cabinet,action_intrinsic_pregrasp_bowl_registered_v1,0,438,18,fc624695eb2d39b20e511c8ac6df4923b6bff3cff56ff389622f45310e9278c2,False,False,False,False,False,,True,625,1.2346568942541514
stagea__drawer-open__possession-on-table__locus-cabinet-side__support-demonstration-near__layout-b,v35_open_completion,cabinet,action_intrinsic_pregrasp_bowl_registered_v1,1,712,18,9af535ed5943f0efe94c6e6136614fdd45017940a69a8267687e68416905a9d8,False,False,False,False,False,,True,626,1.2612491299193607
stagea__drawer-open__possession-on-table__locus-cabinet-side__support-demonstration-near__layout-b,v35_open_completion,cabinet,action_intrinsic_pregrasp_bowl_registered_v1,2,669,18,bb63603def241e17b02c89c5513d1ef93cf75f47c260b5b139f120acf22c26f8,False,False,False,False,False,,True,627,1.2205637073591755
stagea__drawer-open__possession-on-table__locus-cabinet-side__support-demonstration-near__layout-b,v35_open_completion,cabinet,action_intrinsic_pregrasp_bowl_registered_v1,3,590,18,0348abe806a47069551301e2e86e25fcca5b8db8fd3f5b128630180e19057a9c,False,False,False,False,False,,True,629,1.2662440828373114
stagea__drawer-open__possession-on-table__locus-cabinet-side__support-demonstration-near__layout-b,v35_open_completion,cabinet,action_intrinsic_pregrasp_bowl_registered_v1,4,597,18,3bd590038acfecf91321ca683267c834fb8ebbd4f559e5fd8f89bf1dda561e9f,False,False,False,False,False,,True,629,1.240127649928478
stagea__drawer-open__possession-on-table__locus-cabinet-side__support-demonstration-near__layout-b,v35_open_completion,cabinet,action_intrinsic_pregrasp_bowl_registered_v1,5,660,18,082d8ee4933e7774b752cd6fbf2ea76a20ff927bf4afa8bd09b7ddc47aefba34,False,False,False,False,False,,True,629,1.083239085479274
stagea__drawer-open__possession-on-table__locus-cabinet-side__support-demonstration-near__layout-b,v35_open_completion,cabinet,action_intrinsic_pregrasp_bowl_registered_v1,6,458,18,4d4a24b15ada9177614865d055b4dccd354dd4ce8dac9eb391c68984fc50691e,False,False,False,False,False,,True,630,1.2963132685780017
stagea__drawer-open__possession-on-table__locus-cabinet-side__support-demonstration-near__layout-b,v35_open_completion,cabinet,action_intrinsic_pregrasp_bowl_registered_v1,7,573,18,2e42787c67b5b157b79e3c3b2980a13563d41b4cbf69a9279c710d30a6292e92,False,False,False,False,False,,True,630,1.2809697964337017
stagea__drawer-open__possession-on-table__locus-cabinet-side__support-demonstration-near__layout-b,v35_open_completion,cabinet,action_intrinsic_pregrasp_bowl_registered_v1,8,681,18,32bf1db8cfb866d929b97eaf4f6ad55599246fef24edf68fea15ede3b5cf005e,False,False,False,False,False,,True,630,1.2290458406035085
stagea__drawer-open__possession-on-table__locus-cabinet-side__support-demonstration-near__layout-b,v35_open_completion,cabinet,action_intrinsic_pregrasp_bowl_registered_v1,9,452,18,016fe7cdd6622e9f77775f108f3cb4e4f836ec330ac07003f39fb7e5dbd594d5,False,False,False,False,False,,True,632,1.1422667863801257
stagea__drawer-open__possession-on-table__locus-cabinet-side__support-demonstration-near__layout-b,v35_open_completion,cabinet,action_intrinsic_pregrasp_bowl_registered_v1,10,775,18,b7e8758503c46c2273a688c9d98a5cbf14447ba59301bb326ca3a9078d7ea079,False,False,False,False,False,,True,632,1.302577875568675
stagea__drawer-open__possession-on-table__locus-cabinet-side__support-demonstration-near__layout-b,v35_open_completion,cabinet,action_intrinsic_pregrasp_bowl_registered_v1,11,665,18,a4a985f59f32ec185896dca87996aa455a720e318f579d3c58b2a88d391ef2bd,False,False,False,False,False,,True,634,1.1343634710450459
stagea__drawer-open__possession-on-table__locus-cabinet-side__support-demonstration-near__layout-b,v35_open_completion,cabinet,action_intrinsic_pregrasp_bowl_registered_v1,12,444,18,4d00108fccbba095038c80424e863deb2221dea2d50d4f2c5a3442f48d6466a2,False,False,False,False,False,,True,635,1.2978568313470868
stagea__drawer-open__possession-on-table__locus-cabinet-side__support-demonstration-near__layout-b,v35_open_completion,cabinet,action_intrinsic_pregrasp_bowl_registered_v1,13,501,18,033327dbdb43b4bfddc6ed286bf6f8e8a6112ffe991905c700c75ec0676b386c,False,False,False,False,False,,True,635,1.2150536583506972
stagea__drawer-open__possession-on-table__locus-cabinet-side__support-demonstration-near__layout-b,v35_open_completion,cabinet,action_intrinsic_pregrasp_bowl_registered_v1,14,638,18,a8d81987e6f0f385619548c3982d9078c5c54a76d95ade16b8a982ad08234932,False,False,False,False,False,,True,635,1.3208647619917255
stagea__drawer-open__possession-on-table__locus-cabinet-side__support-demonstration-near__layout-b,v35_open_completion,cabinet,action_intrinsic_pregrasp_bowl_registered_v1,15,674,18,9b9937400a6e113f3901f66bf04dbac00fcbef6b9d999843ef0c651c1d76ce93,True,False,True,False,False,80.0,True,620,1.218163825986394
stagea__drawer-open__possession-on-table__locus-cabinet-side__support-demonstration-near__layout-b,v35_open_completion,cabinet,action_intrinsic_pregrasp_bowl_registered_v1,16,493,18,6cd7e138d3e7108f26e5396426d285829d7a3044a5068557110ad529c60f88fb,False,False,False,False,False,,True,636,1.2831414205138154
stagea__drawer-open__possession-on-table__locus-cabinet-side__support-demonstration-near__layout-b,v35_open_completion,cabinet,action_intrinsic_pregrasp_bowl_registered_v1,17,636,18,0a4fa289713d5467f4f401adaef6d834685933041fe590343f19ee059e605170,False,False,False,False,False,,True,636,1.2173929109990247
stagea__drawer-open__possession-on-table__locus-cabinet-side__support-demonstration-near__layout-b,v35_open_completion,cabinet,action_intrinsic_pregrasp_bowl_registered_v1,18,699,18,9504ca4f990d01cd111eed0f44cf9f286704e69d2bef21680ad53de5b6c6e501,True,False,True,False,False,80.0,True,620,1.3020401895653486
stagea__drawer-open__possession-on-table__locus-cabinet-side__support-demonstration-near__layout-b,v35_open_completion,cabinet,action_intrinsic_pregrasp_bowl_registered_v1,19,456,18,fe869cc76141d5cbf6d64ee2c3c80a872e3f32bfcb5763bfe38221d3c6f8774f,False,False,False,False,False,,True,637,1.3349128670804458
stagea__drawer-open__possession-on-table__locus-cabinet-side__support-demonstration-near__layout-b,v35_open_completion,cabinet,action_intrinsic_pregrasp_bowl_registered_v1,20,570,18,c2d4c5bdce9483b0609598e4bd984122284c5eef5a4d26eac9681c616139a807,False,False,False,False,False,,True,637,1.3222315893126975
stagea__drawer-open__possession-on-table__locus-cabinet-side__support-demonstration-near__layout-b,v35_open_completion,cabinet,action_intrinsic_pregrasp_bowl_registered_v1,21,662,18,9b8d4f7149a62a256faa3e7ea0e5c2f3125d95bea41d4c479b86904e2d505dcf,False,False,False,False,False,,True,637,1.2617000573905
stagea__drawer-open__possession-on-table__locus-cabinet-side__support-demonstration-near__layout-b,v35_open_completion,cabinet,action_intrinsic_pregrasp_bowl_registered_v1,22,732,18,c3b4ba9df80cca1c1bc20693376c230d3bc01ba9f981bb21aff3d94f5df62a66,False,False,False,False,False,,True,637,1.220154710286244
stagea__drawer-open__possession-on-table__locus-cabinet-side__support-demonstration-near__layout-b,v35_open_completion,cabinet,action_intrinsic_pregrasp_bowl_registered_v1,23,505,18,69ffa114adff6ac44594f47b51bd23b379470a0da01eb7ed63f3d8a0d4c8775a,False,False,False,False,False,,True,638,1.2882034667543552
stagea__drawer-open__possession-on-table__locus-cabinet-side__support-demonstration-near__layout-b,v35_open_completion,cabinet,action_intrinsic_pregrasp_bowl_registered_v1,24,630,18,d47820b50d009ef5f221017fa25bcb7f75e7cde874bf13cd4a5f40b7d49fe74f,False,False,False,False,False,,True,638,1.1229177406331476
stagea__drawer-open__possession-on-table__locus-cabinet-side__support-demonstration-near__layout-b,v35_open_completion,cabinet,action_intrinsic_pregrasp_bowl_registered_v1,25,743,18,1df868b0e126de6c747a3392f2ae0135f2089140e79694115da746d261455e76,False,False,False,False,False,,True,638,1.2254626255694143
stagea__drawer-open__possession-on-table__locus-cabinet-side__support-demonstration-near__layout-b,v35_open_completion,cabinet,action_intrinsic_pregrasp_bowl_registered_v1,26,398,18,dddc06067bf84b0019a1cf050048e588df918f7768911fa406ce110da9ad4689,False,False,False,False,False,,True,639,1.1673263015683244
stagea__drawer-open__possession-on-table__locus-cabinet-side__support-demonstration-near__layout-b,v35_open_completion,cabinet,action_intrinsic_pregrasp_bowl_registered_v1,27,446,18,171014841f360ccb7f224b68357849b87ebcfb38ea27c23f8309cdfd830c7760,False,False,False,False,False,,True,639,1.3130722692963732
stagea__drawer-open__possession-on-table__locus-cabinet-side__support-demonstration-near__layout-b,v35_open_completion,cabinet,action_intrinsic_pregrasp_bowl_registered_v1,28,724,18,8bbb07bf3048a11cd3879887766413ad6a041eb78ef54667a0528d0ab13f7c0c,False,False,False,False,False,,True,640,1.1779788124018242
stagea__drawer-open__possession-on-table__locus-cabinet-side__support-demonstration-near__layout-b,v35_open_completion,cabinet,action_intrinsic_pregrasp_bowl_registered_v1,29,521,18,f404e35757cca7351a7956c0091493689bcae213ebc3f600ad9ca7ec35cc19d8,False,False,False,False,False,,True,641,1.1887748855235183
stagea__drawer-open__possession-on-table__locus-cabinet-side__support-demonstration-near__layout-b,v35_open_completion,cabinet,action_intrinsic_pregrasp_bowl_registered_v1,30,791,18,ab8bc2c0ead1910b94bd3b22c327af072be2575c2b190a011406f4f7286f5de9,False,False,False,False,False,,True,641,1.2889042366264798
stagea__drawer-open__possession-on-table__locus-cabinet-side__support-demonstration-near__layout-b,v35_open_completion,cabinet,action_intrinsic_pregrasp_bowl_registered_v1,31,474,18,5d93ae0bbe8618d7ad32e89a85261166b35dec3bcaa972751dddbaae8f07150c,True,True,True,False,False,79.0,True,619,1.2056762184122751
stagea__drawer-open__possession-on-table__locus-cabinet-side__support-demonstration-near__layout-b,v35_open_completion,cabinet,action_intrinsic_pregrasp_bowl_registered_v1,32,514,18,f0570adf2e2cdf55ef01180c8cf15f14c96b33219a8bdcfb110accc19eb31f44,True,False,True,False,False,89.0,True,629,1.3476282730984483
stagea__drawer-open__possession-on-table__locus-cabinet-side__support-demonstration-near__layout-b,v35_open_completion,cabinet,action_intrinsic_pregrasp_bowl_registered_v1,33,793,18,321fba85a693c5b82c8fc5d19d784724998b7ca98e765b826b728c3015762066,False,False,False,False,False,,True,642,1.2992650911252719
stagea__drawer-open__possession-on-table__locus-cabinet-side__support-demonstration-near__layout-b,v35_open_completion,cabinet,action_intrinsic_pregrasp_bowl_registered_v1,34,608,18,51b3f339ae2711ec2dee1dcd740cd2c0f3834f5ec75aa5be171a8aabfa384705,False,False,False,False,False,,True,643,1.1676277702324758
stagea__drawer-open__possession-on-table__locus-cabinet-side__support-demonstration-near__layout-b,v35_open_completion,cabinet,action_intrinsic_pregrasp_bowl_registered_v1,35,696,18,27ac40ae5b0142c7d2dd195b068a73088bc3ab3ec1564e44ffca7f7e715939b7,False,False,False,False,False,,True,643,1.2798557753504
stagea__drawer-open__possession-on-table__locus-cabinet-side__support-demonstration-near__layout-b,v35_open_completion,cabinet,action_intrinsic_pregrasp_bowl_registered_v1,36,661,18,79a603a018e5f911a590ae269ad2060c3e7efd307ce515d5e88df99491a895e8,False,False,False,False,False,,True,644,1.246307483844674
stagea__drawer-open__possession-on-table__locus-cabinet-side__support-demonstration-near__layout-b,v35_open_completion,cabinet,action_intrinsic_pregrasp_bowl_registered_v1,37,745,18,aa1a3bff114b4b0887abbac25cd7b26200e2b2d232d51d48484012ca3ac3efce,False,False,False,False,False,,True,644,1.2814066813374982
stagea__drawer-open__possession-on-table__locus-cabinet-side__support-demonstration-near__layout-b,v35_open_completion,cabinet,action_intrinsic_pregrasp_bowl_registered_v1,38,767,18,bbf383faef21636081e61ca9fa795f26d897115b2e20fe6c0265b2d8e57172af,False,False,False,False,False,,True,644,1.1614332122849815
stagea__drawer-open__possession-on-table__locus-cabinet-side__support-demonstration-near__layout-b,v35_open_completion,cabinet,action_intrinsic_pregrasp_bowl_registered_v1,39,702,18,3fb5394b81ace7223fa4dc390332e7caab954344c8941276b13b63b0de1c2138,False,False,False,False,False,,True,645,1.2025523504076827
stagea__drawer-open__possession-on-table__locus-cabinet-side__support-demonstration-near__layout-b,v35_open_completion,cabinet,action_intrinsic_pregrasp_bowl_registered_v1,40,794,18,dcf5210e4570b197e56bdf6a478e82d539aed8c6cdfe5c988d35706a308b1cca,False,False,False,False,False,,True,647,1.2036873421021308
stagea__drawer-open__possession-on-table__locus-cabinet-side__support-demonstration-near__layout-b,v35_open_completion,cabinet,action_intrinsic_pregrasp_bowl_registered_v1,41,689,18,aa0ba50ca5b7f2632e0e1a5e2bb54df31c7b6cda867839b03bdd0567c6411689,False,False,False,False,False,,True,648,1.2336517513082317
stagea__drawer-open__possession-on-table__locus-cabinet-side__support-demonstration-near__layout-b,v35_open_completion,cabinet,action_intrinsic_pregrasp_bowl_registered_v1,42,402,18,8d680111f934c94908dcb0f1528eef18063eb08cd7ed0c0a56e84debd7464d8c,False,False,False,False,False,,True,649,1.285902466980282
stagea__drawer-open__possession-on-table__locus-cabinet-side__support-demonstration-near__layout-b,v35_open_completion,cabinet,action_intrinsic_pregrasp_bowl_registered_v1,43,731,18,5be6d721a6fca1ef425074e8042fb05a80633e90f73f84091fca7a570ba71c84,False,False,False,False,False,,True,651,1.3816732107615832
stagea__drawer-open__possession-on-table__locus-cabinet-side__support-demonstration-near__layout-b,v35_open_completion,cabinet,action_intrinsic_pregrasp_bowl_registered_v1,44,601,18,356b2a75f9d362a1cfb0d6e3fdb65c08269c619643db134c6cedc24fe14feff4,False,False,False,False,False,,True,659,1.3158219449886859
stagea__drawer-open__possession-on-table__locus-cabinet-side__support-demonstration-near__layout-b,v35_open_completion,cabinet,action_intrinsic_pregrasp_bowl_registered_v1,45,706,18,239ae28404bef990e918f40b44f2aa59e45059ea0befe4a202d06f573aa4c5fd,False,False,False,False,False,,True,662,1.2682176759657822
stagea__drawer-open__possession-on-table__locus-cabinet-side__support-demonstration-near__layout-b,v35_open_completion,drawer,action_intrinsic_pregrasp_bowl_registered_v1,0,576,12,c4dc33e0754f25efdaa87c75195a9e18ba603fd17aa500a5ab8751927234e465,False,False,False,False,False,,True,660,1.582120882617243
stagea__drawer-open__possession-on-table__locus-cabinet-side__support-demonstration-near__layout-b,v35_open_completion,drawer,action_intrinsic_pregrasp_bowl_registered_v1,1,694,12,e4d0e6805b6a960d0454858721550b66c578ada98014d5f852301b7bccee4c6e,True,False,True,False,False,162.0,True,646,1.574148859894593
stagea__drawer-open__possession-on-table__locus-cabinet-side__support-demonstration-near__layout-b,v35_open_completion,drawer,action_intrinsic_pregrasp_bowl_registered_v1,2,614,12,e61d01ded7ab086478e718b79d5a82f3b03ba2f66dca79962533600239750733,False,False,False,False,False,,False,540,0.706258292415805
stagea__drawer-open__possession-on-table__locus-cabinet-side__support-demonstration-near__layout-b,v35_open_completion,drawer,action_intrinsic_pregrasp_bowl_registered_v1,3,382,12,f26c8e95841a34fdf898d203d26239d6a90e1c07c81f581944655edeb4f60915,False,False,False,False,False,,True,670,1.3851682979268969
stagea__drawer-open__possession-on-table__locus-cabinet-side__support-demonstration-near__layout-b,v35_open_completion,drawer,action_intrinsic_pregrasp_bowl_registered_v1,4,526,12,8ebeecff1ddaa357856da5ef867f3055f43a1fe01692dd469542c151b39ea3fc,True,True,True,False,False,150.0,True,637,1.5454664528608968
stagea__drawer-open__possession-on-table__locus-cabinet-side__support-demonstration-near__layout-b,v35_open_completion,drawer,action_intrinsic_pregrasp_bowl_registered_v1,5,594,12,d5c8812af2a306355bb71a52c35164f93ef95ab0ec2a57638db05edb030de728,False,False,False,False,False,,True,663,1.7387991802051823
stagea__drawer-open__possession-on-table__locus-cabinet-side__support-demonstration-near__layout-b,v35_open_completion,drawer,action_intrinsic_pregrasp_bowl_registered_v1,6,559,12,6338c79a0fb6aadb247d383c82552982be98a0fe67a07210aa6cdbb957870a0e,False,False,False,False,False,,False,540,0.6871036805370005
stagea__drawer-open__possession-on-table__locus-cabinet-side__support-demonstration-near__layout-b,v35_open_completion,drawer,action_intrinsic_pregrasp_bowl_registered_v1,7,624,12,adb56e3ec63a390538504dce7dbcfce5bc5f780cf2a323a68559c4952810dca4,False,False,False,False,False,,False,540,0.7026911927854018
stagea__drawer-open__possession-on-table__locus-cabinet-side__support-demonstration-near__layout-b,v35_open_completion,drawer,action_intrinsic_pregrasp_bowl_registered_v1,8,560,12,257886fa56c8ca594b7a52c9ba5c2ece42a4910673fe22140ee0be23dedc7fed,True,False,True,False,False,172.0,True,659,1.665202335925572
stagea__drawer-open__possession-on-table__locus-cabinet-side__support-demonstration-near__layout-b,v35_open_completion,drawer,action_intrinsic_pregrasp_bowl_registered_v1,9,627,12,54c3e36183cf5ef2a823d528e9503368965fc007ae422f9ac129decd6be47724,False,False,False,False,False,,True,650,1.2657035243672985
stagea__drawer-open__possession-on-table__locus-cabinet-side__support-demonstration-near__layout-b,v35_open_completion,drawer,action_intrinsic_pregrasp_bowl_registered_v1,10,684,12,4b41c4e5e61e059c2e83642794a66dcb58b90e9370db1b39755f83c021da75d2,False,False,False,False,False,,True,668,1.6886330296611638
stagea__drawer-open__possession-on-table__locus-cabinet-side__support-demonstration-near__layout-b,v35_open_completion,drawer,action_intrinsic_pregrasp_bowl_registered_v1,11,409,12,e8aa2651d0fba6006bbd1ce8844606d4c1e24568d5b42dae3098ea158f05f04f,False,False,False,False,False,,True,665,1.5136711356936836
stagea__drawer-open__possession-on-table__locus-cabinet-side__support-demonstration-near__layout-b,v35_open_completion,drawer,action_intrinsic_pregrasp_bowl_registered_v1,12,548,12,8039f55efc1d3b2afff01d9544afe9a27c13a9fde71ed489cc1888b03d05d72d,False,False,False,False,False,,False,540,0.7366419911143351
stagea__drawer-open__possession-on-table__locus-cabinet-side__support-demonstration-near__layout-b,v35_open_completion,drawer,action_intrinsic_pregrasp_bowl_registered_v1,13,742,12,db2e8c6a4ceb523133f51e21d0d31a8320ab88d1c0c7c0b124435499ea21a230,False,False,False,False,False,,False,540,0.6790909889834256
stagea__drawer-open__possession-on-table__locus-cabinet-side__support-demonstration-near__layout-b,v35_open_completion,drawer,action_intrinsic_pregrasp_bowl_registered_v1,14,790,12,92034ebae21e287f92cdafcaaf1c4cc9ca7d732c105e28653f41c814086a107c,False,False,False,False,False,,False,540,0.7374712305340625
stagea__drawer-open__possession-on-table__locus-cabinet-side__support-demonstration-near__layout-b,v35_open_completion,drawer,action_intrinsic_pregrasp_bowl_registered_v1,15,534,12,47ec06d84d5536c7bc2c903e0f4bc40c38674a2cc7e48d22e791a529d149c23f,False,False,False,False,False,,False,540,0.7087830079676254
stagea__drawer-open__possession-on-table__locus-cabinet-side__support-demonstration-near__layout-b,v35_open_completion,drawer,action_intrinsic_pregrasp_bowl_registered_v1,16,498,12,f6ffd6f59a512dc3d6da39d1c991a246f1f6c4fda28c9c6951d1ead81b79d73e,False,False,False,False,False,,True,660,1.6088864588350182
stagea__drawer-open__possession-on-table__locus-cabinet-side__support-demonstration-near__layout-b,v35_open_completion,drawer,action_intrinsic_pregrasp_bowl_registered_v1,17,737,12,24d53009f0c5a3917d02b3366eb875314813a60de3081d1bf69f19e04fcfd2ec,False,False,False,False,False,,True,666,1.6721750373527993
stagea__drawer-open__possession-on-table__locus-cabinet-side__support-demonstration-near__layout-b,v35_open_completion,drawer,action_intrinsic_pregrasp_bowl_registered_v1,18,489,12,548f110a2e4050299ae8b3a610c9806b51995a65b74f8a79b83dece3b9636a3f,True,False,True,False,False,184.0,True,655,1.6887290360784937
stagea__drawer-open__possession-on-table__locus-cabinet-side__support-demonstration-near__layout-b,v35_open_completion,drawer,action_intrinsic_pregrasp_bowl_registered_v1,19,784,12,d61fad8212342e13bc37c975339f3effa6841a3166deace8fa063482deeb95c4,False,False,False,False,False,,False,540,0.67432771908149
stagea__drawer-open__possession-on-table__locus-cabinet-side__support-demonstration-near__layout-b,v35_open_completion,drawer,action_intrinsic_pregrasp_bowl_registered_v1,20,701,12,4b63123279f4f228439254b39a178ae1dc4773dc6dc6d53eb6d453f24e40eda3,False,False,False,False,False,,True,665,1.4757968256789478
stagea__drawer-open__possession-on-table__locus-cabinet-side__support-demonstration-near__layout-b,v35_open_completion,drawer,action_intrinsic_pregrasp_bowl_registered_v1,21,416,12,41b4ab3c6eab78d6c7d147d6b7319f520c6dafa8eee44a2166e002b28cb2fdfd,False,False,False,False,False,,True,664,1.640349881205174
stagea__drawer-open__possession-on-table__locus-cabinet-side__support-demonstration-near__layout-b,v35_open_completion,drawer,action_intrinsic_pregrasp_bowl_registered_v1,22,462,12,40dafe57a26443dcd16aaaca097715e50661a8f0bc112c64947bc2ee28c75703,True,False,True,False,False,190.0,True,673,1.7310014532507207
stagea__drawer-open__possession-on-table__locus-cabinet-side__support-demonstration-near__layout-b,v35_open_completion,drawer,action_intrinsic_pregrasp_bowl_registered_v1,23,494,12,93f39f1498437ddba0efc6eb059cd2b642ab544fab2f3336525878a4763097d4,True,False,True,False,False,189.0,True,655,1.4365763127735678
stagea__drawer-open__possession-on-table__locus-cabinet-side__support-demonstration-near__layout-b,v35_open_completion,drawer,action_intrinsic_pregrasp_bowl_registered_v1,24,414,12,9ec592154057d5c791bd6ea65380646ea92cd0d23d38116bae61bcd4d9af6daa,True,False,True,False,False,183.0,True,652,1.6565758061727345
stagea__drawer-open__possession-on-table__locus-cabinet-side__support-demonstration-near__layout-b,v35_open_completion,drawer,action_intrinsic_pregrasp_bowl_registered_v1,25,523,12,eff93d2d3123718e86e9f1b41fb58d6a377fbec3687a6300f32204f553b41906,True,False,True,False,False,193.0,True,666,1.65007264343147
stagea__drawer-open__possession-on-table__locus-cabinet-side__support-demonstration-near__layout-b,v35_open_completion,drawer,action_intrinsic_pregrasp_bowl_registered_v1,26,762,12,5a6ad00de32247a9c04c1b1ae331ac99f700b26de0552cc1171848d4a8682ec3,False,False,False,False,False,,True,662,1.1300385007816243
stagea__drawer-open__possession-on-table__locus-cabinet-side__support-demonstration-near__layout-b,v35_open_completion,drawer,action_intrinsic_pregrasp_bowl_registered_v1,27,758,12,908f23fecbfd35ae5c9dcbedd3858d03ec11dd138bb2dab0f43ee0d4574695b4,False,False,False,False,False,,False,540,0.7149841054812611
stagea__drawer-open__possession-on-table__locus-cabinet-side__support-demonstration-near__layout-b,v35_open_completion,drawer,action_intrinsic_pregrasp_bowl_registered_v1,28,782,12,de7cef4f6a636948f4190f834219967d71ea3e72fe0b4f836e50e047f5d757f3,False,False,False,False,False,,True,676,1.338102697878257
stagea__drawer-open__possession-on-table__locus-cabinet-side__support-demonstration-near__layout-b,v35_open_completion,drawer,action_intrinsic_pregrasp_bowl_registered_v1,29,383,12,f598f486a32782cc98bfad505745987af2a8f37f2e9c4aa94b4ec2f8b9fa8ae4,False,False,False,False,False,,True,677,1.4247746524884277
stagea__drawer-open__possession-on-table__locus-cabinet-side__support-demonstration-near__layout-b,v35_open_completion,drawer,action_intrinsic_pregrasp_bowl_registered_v1,30,738,12,8eabf11d95595bb7c52a4944a62cc03da44e1f462b7ad8a09519f9c8d10286aa,False,False,False,False,False,,True,697,1.8629128558759316
stagea__drawer-open__possession-on-table__locus-cabinet-side__support-demonstration-near__layout-b,v35_open_completion,drawer,action_intrinsic_pregrasp_bowl_registered_v1,31,538,12,08ad1772331225b10cf37ff13b272f62c36cb63525e1e766a49b9b0fcb1a42c6,False,False,False,False,False,,True,695,1.8596520982323126
stagea__drawer-open__possession-on-table__locus-cabinet-side__support-demonstration-near__layout-b,v35_open_completion,drawer,action_intrinsic_pregrasp_bowl_registered_v1,32,465,12,e0429b5fe21a733c15e4703fae6c590da9aaff3e0b059bfd634952b78272b52f,False,False,False,False,False,,True,677,1.4197768197406238
stagea__drawer-open__possession-on-table__locus-cabinet-side__support-demonstration-near__layout-b,v35_open_completion,drawer,action_intrinsic_pregrasp_bowl_registered_v1,33,449,12,f20bb3de976403a90113d79607775b68c63181b9aaba242dc0f356def02dad3e,True,False,True,False,False,239.0,True,707,2.196546225711653
stagea__drawer-open__possession-on-table__locus-cabinet-side__support-demonstration-near__layout-b,v35_open_completion,drawer,action_intrinsic_pregrasp_bowl_registered_v1,34,711,12,5fbc8383f1842247c97b8be8ec4cb5a910eaea56fe8ac6bc4025f658f74279c2,False,False,False,False,False,,False,540,0.599144506348092
stagea__drawer-open__possession-on-table__locus-cabinet-side__support-demonstration-near__layout-b,v35_open_completion,drawer,action_intrinsic_pregrasp_bowl_registered_v1,35,387,12,a6b95196dd651f801df5eb0aaac15cabaa4501ebba68b07e61bc42d336c598b2,False,False,False,False,False,,True,733,1.7247921430473043
stagea__drawer-open__possession-on-table__locus-cabinet-side__support-transverse-low-support__layout-a,v35_open_completion,cabinet,action_intrinsic_pregrasp_bowl_registered_v1,0,438,18,fc624695eb2d39b20e511c8ac6df4923b6bff3cff56ff389622f45310e9278c2,False,False,False,False,False,,True,625,1.160846786624377
stagea__drawer-open__possession-on-table__locus-cabinet-side__support-transverse-low-support__layout-a,v35_open_completion,cabinet,action_intrinsic_pregrasp_bowl_registered_v1,1,712,18,9af535ed5943f0efe94c6e6136614fdd45017940a69a8267687e68416905a9d8,False,False,False,False,False,,True,626,1.0330754047816377
stagea__drawer-open__possession-on-table__locus-cabinet-side__support-transverse-low-support__layout-a,v35_open_completion,cabinet,action_intrinsic_pregrasp_bowl_registered_v1,2,669,18,bb63603def241e17b02c89c5513d1ef93cf75f47c260b5b139f120acf22c26f8,False,False,False,False,False,,True,627,1.1010059269985777
stagea__drawer-open__possession-on-table__locus-cabinet-side__support-transverse-low-support__layout-a,v35_open_completion,cabinet,action_intrinsic_pregrasp_bowl_registered_v1,3,590,18,0348abe806a47069551301e2e86e25fcca5b8db8fd3f5b128630180e19057a9c,False,False,False,False,False,,True,629,1.1035355497379167
stagea__drawer-open__possession-on-table__locus-cabinet-side__support-transverse-low-support__layout-a,v35_open_completion,cabinet,action_intrinsic_pregrasp_bowl_registered_v1,4,597,18,3bd590038acfecf91321ca683267c834fb8ebbd4f559e5fd8f89bf1dda561e9f,False,False,False,False,False,,True,629,1.0043381659323922
stagea__drawer-open__possession-on-table__locus-cabinet-side__support-transverse-low-support__layout-a,v35_open_completion,cabinet,action_intrinsic_pregrasp_bowl_registered_v1,5,660,18,082d8ee4933e7774b752cd6fbf2ea76a20ff927bf4afa8bd09b7ddc47aefba34,False,False,False,False,False,,True,629,0.993492855646738
stagea__drawer-open__possession-on-table__locus-cabinet-side__support-transverse-low-support__layout-a,v35_open_completion,cabinet,action_intrinsic_pregrasp_bowl_registered_v1,6,458,18,4d4a24b15ada9177614865d055b4dccd354dd4ce8dac9eb391c68984fc50691e,False,False,False,False,False,,True,630,1.0598934993160485
stagea__drawer-open__possession-on-table__locus-cabinet-side__support-transverse-low-support__layout-a,v35_open_completion,cabinet,action_intrinsic_pregrasp_bowl_registered_v1,7,573,18,2e42787c67b5b157b79e3c3b2980a13563d41b4cbf69a9279c710d30a6292e92,False,False,False,False,False,,True,630,1.0528340162284835
stagea__drawer-open__possession-on-table__locus-cabinet-side__support-transverse-low-support__layout-a,v35_open_completion,cabinet,action_intrinsic_pregrasp_bowl_registered_v1,8,681,18,32bf1db8cfb866d929b97eaf4f6ad55599246fef24edf68fea15ede3b5cf005e,False,False,False,False,False,,True,630,1.1284329769716173
stagea__drawer-open__possession-on-table__locus-cabinet-side__support-transverse-low-support__layout-a,v35_open_completion,cabinet,action_intrinsic_pregrasp_bowl_registered_v1,9,452,18,016fe7cdd6622e9f77775f108f3cb4e4f836ec330ac07003f39fb7e5dbd594d5,False,False,False,False,False,,True,632,1.0551317586937112
stagea__drawer-open__possession-on-table__locus-cabinet-side__support-transverse-low-support__layout-a,v35_open_completion,cabinet,action_intrinsic_pregrasp_bowl_registered_v1,10,775,18,b7e8758503c46c2273a688c9d98a5cbf14447ba59301bb326ca3a9078d7ea079,False,False,False,False,False,,True,632,1.1491866821940493
stagea__drawer-open__possession-on-table__locus-cabinet-side__support-transverse-low-support__layout-a,v35_open_completion,cabinet,action_intrinsic_pregrasp_bowl_registered_v1,11,665,18,a4a985f59f32ec185896dca87996aa455a720e318f579d3c58b2a88d391ef2bd,False,False,False,False,False,,True,634,1.038513312886802
stagea__drawer-open__possession-on-table__locus-cabinet-side__support-transverse-low-support__layout-a,v35_open_completion,cabinet,action_intrinsic_pregrasp_bowl_registered_v1,12,444,18,4d00108fccbba095038c80424e863deb2221dea2d50d4f2c5a3442f48d6466a2,False,False,False,False,False,,True,635,1.071092623746503
stagea__drawer-open__possession-on-table__locus-cabinet-side__support-transverse-low-support__layout-a,v35_open_completion,cabinet,action_intrinsic_pregrasp_bowl_registered_v1,13,501,18,033327dbdb43b4bfddc6ed286bf6f8e8a6112ffe991905c700c75ec0676b386c,False,False,False,False,False,,True,635,1.2285010948349833
stagea__drawer-open__possession-on-table__locus-cabinet-side__support-transverse-low-support__layout-a,v35_open_completion,cabinet,action_intrinsic_pregrasp_bowl_registered_v1,14,638,18,a8d81987e6f0f385619548c3982d9078c5c54a76d95ade16b8a982ad08234932,False,False,False,False,False,,True,635,1.258335316515902
stagea__drawer-open__possession-on-table__locus-cabinet-side__support-transverse-low-support__layout-a,v35_open_completion,cabinet,action_intrinsic_pregrasp_bowl_registered_v1,15,674,18,9b9937400a6e113f3901f66bf04dbac00fcbef6b9d999843ef0c651c1d76ce93,False,False,False,False,False,,True,635,1.1955161852600917
stagea__drawer-open__possession-on-table__locus-cabinet-side__support-transverse-low-support__layout-a,v35_open_completion,cabinet,action_intrinsic_pregrasp_bowl_registered_v1,16,493,18,6cd7e138d3e7108f26e5396426d285829d7a3044a5068557110ad529c60f88fb,False,False,False,False,False,,True,636,1.1177938086880046
stagea__drawer-open__possession-on-table__locus-cabinet-side__support-transverse-low-support__layout-a,v35_open_completion,cabinet,action_intrinsic_pregrasp_bowl_registered_v1,17,636,18,0a4fa289713d5467f4f401adaef6d834685933041fe590343f19ee059e605170,False,False,False,False,False,,True,636,1.0839277039588282
stagea__drawer-open__possession-on-table__locus-cabinet-side__support-transverse-low-support__layout-a,v35_open_completion,cabinet,action_intrinsic_pregrasp_bowl_registered_v1,18,699,18,9504ca4f990d01cd111eed0f44cf9f286704e69d2bef21680ad53de5b6c6e501,False,False,False,False,False,,True,636,1.2812377980394691
stagea__drawer-open__possession-on-table__locus-cabinet-side__support-transverse-low-support__layout-a,v35_open_completion,cabinet,action_intrinsic_pregrasp_bowl_registered_v1,19,456,18,fe869cc76141d5cbf6d64ee2c3c80a872e3f32bfcb5763bfe38221d3c6f8774f,False,False,False,False,False,,True,637,1.23220185080614
stagea__drawer-open__possession-on-table__locus-cabinet-side__support-transverse-low-support__layout-a,v35_open_completion,cabinet,action_intrinsic_pregrasp_bowl_registered_v1,20,570,18,c2d4c5bdce9483b0609598e4bd984122284c5eef5a4d26eac9681c616139a807,False,False,False,False,False,,True,637,1.103439006637923
stagea__drawer-open__possession-on-table__locus-cabinet-side__support-transverse-low-support__layout-a,v35_open_completion,cabinet,action_intrinsic_pregrasp_bowl_registered_v1,21,662,18,9b8d4f7149a62a256faa3e7ea0e5c2f3125d95bea41d4c479b86904e2d505dcf,False,False,False,False,False,,True,637,1.054480397724728
stagea__drawer-open__possession-on-table__locus-cabinet-side__support-transverse-low-support__layout-a,v35_open_completion,cabinet,action_intrinsic_pregrasp_bowl_registered_v1,22,732,18,c3b4ba9df80cca1c1bc20693376c230d3bc01ba9f981bb21aff3d94f5df62a66,False,False,False,False,False,,True,637,1.0965493894767675
stagea__drawer-open__possession-on-table__locus-cabinet-side__support-transverse-low-support__layout-a,v35_open_completion,cabinet,action_intrinsic_pregrasp_bowl_registered_v1,23,505,18,69ffa114adff6ac44594f47b51bd23b379470a0da01eb7ed63f3d8a0d4c8775a,False,False,False,False,False,,True,638,1.0856169471423969
stagea__drawer-open__possession-on-table__locus-cabinet-side__support-transverse-low-support__layout-a,v35_open_completion,cabinet,action_intrinsic_pregrasp_bowl_registered_v1,24,630,18,d47820b50d009ef5f221017fa25bcb7f75e7cde874bf13cd4a5f40b7d49fe74f,False,False,False,False,False,,True,638,1.0307065412317886
stagea__drawer-open__possession-on-table__locus-cabinet-side__support-transverse-low-support__layout-a,v35_open_completion,cabinet,action_intrinsic_pregrasp_bowl_registered_v1,25,743,18,1df868b0e126de6c747a3392f2ae0135f2089140e79694115da746d261455e76,False,False,False,False,False,,True,638,0.9910623409498427
stagea__drawer-open__possession-on-table__locus-cabinet-side__support-transverse-low-support__layout-a,v35_open_completion,cabinet,action_intrinsic_pregrasp_bowl_registered_v1,26,398,18,dddc06067bf84b0019a1cf050048e588df918f7768911fa406ce110da9ad4689,False,False,False,False,False,,True,639,1.0938855156463572
stagea__drawer-open__possession-on-table__locus-cabinet-side__support-transverse-low-support__layout-a,v35_open_completion,cabinet,action_intrinsic_pregrasp_bowl_registered_v1,27,446,18,171014841f360ccb7f224b68357849b87ebcfb38ea27c23f8309cdfd830c7760,False,False,False,False,False,,True,639,1.1611840036817709
stagea__drawer-open__possession-on-table__locus-cabinet-side__support-transverse-low-support__layout-a,v35_open_completion,cabinet,action_intrinsic_pregrasp_bowl_registered_v1,28,724,18,8bbb07bf3048a11cd3879887766413ad6a041eb78ef54667a0528d0ab13f7c0c,False,False,False,False,False,,True,640,1.101326668556143
stagea__drawer-open__possession-on-table__locus-cabinet-side__support-transverse-low-support__layout-a,v35_open_completion,cabinet,action_intrinsic_pregrasp_bowl_registered_v1,29,521,18,f404e35757cca7351a7956c0091493689bcae213ebc3f600ad9ca7ec35cc19d8,False,False,False,False,False,,True,641,1.0875917869387008
stagea__drawer-open__possession-on-table__locus-cabinet-side__support-transverse-low-support__layout-a,v35_open_completion,cabinet,action_intrinsic_pregrasp_bowl_registered_v1,30,791,18,ab8bc2c0ead1910b94bd3b22c327af072be2575c2b190a011406f4f7286f5de9,False,False,False,False,False,,True,641,1.1983106687795675
stagea__drawer-open__possession-on-table__locus-cabinet-side__support-transverse-low-support__layout-a,v35_open_completion,cabinet,action_intrinsic_pregrasp_bowl_registered_v1,31,474,18,5d93ae0bbe8618d7ad32e89a85261166b35dec3bcaa972751dddbaae8f07150c,True,True,True,False,False,83.0,True,623,1.1743350489915798
stagea__drawer-open__possession-on-table__locus-cabinet-side__support-transverse-low-support__layout-a,v35_open_completion,cabinet,action_intrinsic_pregrasp_bowl_registered_v1,32,514,18,f0570adf2e2cdf55ef01180c8cf15f14c96b33219a8bdcfb110accc19eb31f44,False,False,False,False,False,,True,642,1.2629515334105421
stagea__drawer-open__possession-on-table__locus-cabinet-side__support-transverse-low-support__layout-a,v35_open_completion,cabinet,action_intrinsic_pregrasp_bowl_registered_v1,33,793,18,321fba85a693c5b82c8fc5d19d784724998b7ca98e765b826b728c3015762066,False,False,False,False,False,,True,642,1.0729706513256134
stagea__drawer-open__possession-on-table__locus-cabinet-side__support-transverse-low-support__layout-a,v35_open_completion,cabinet,action_intrinsic_pregrasp_bowl_registered_v1,34,608,18,51b3f339ae2711ec2dee1dcd740cd2c0f3834f5ec75aa5be171a8aabfa384705,False,False,False,False,False,,True,643,1.089850944536619
stagea__drawer-open__possession-on-table__locus-cabinet-side__support-transverse-low-support__layout-a,v35_open_completion,cabinet,action_intrinsic_pregrasp_bowl_registered_v1,35,696,18,27ac40ae5b0142c7d2dd195b068a73088bc3ab3ec1564e44ffca7f7e715939b7,False,False,False,False,False,,True,643,1.110787098623923
stagea__drawer-open__possession-on-table__locus-cabinet-side__support-transverse-low-support__layout-a,v35_open_completion,cabinet,action_intrinsic_pregrasp_bowl_registered_v1,36,661,18,79a603a018e5f911a590ae269ad2060c3e7efd307ce515d5e88df99491a895e8,False,False,False,False,False,,True,644,1.1765064925708921
stagea__drawer-open__possession-on-table__locus-cabinet-side__support-transverse-low-support__layout-a,v35_open_completion,cabinet,action_intrinsic_pregrasp_bowl_registered_v1,37,745,18,aa1a3bff114b4b0887abbac25cd7b26200e2b2d232d51d48484012ca3ac3efce,False,False,False,False,False,,True,644,1.1650325640092205
stagea__drawer-open__possession-on-table__locus-cabinet-side__support-transverse-low-support__layout-a,v35_open_completion,cabinet,action_intrinsic_pregrasp_bowl_registered_v1,38,767,18,bbf383faef21636081e61ca9fa795f26d897115b2e20fe6c0265b2d8e57172af,False,False,False,False,False,,True,644,1.108481793612787
stagea__drawer-open__possession-on-table__locus-cabinet-side__support-transverse-low-support__layout-a,v35_open_completion,cabinet,action_intrinsic_pregrasp_bowl_registered_v1,39,702,18,3fb5394b81ace7223fa4dc390332e7caab954344c8941276b13b63b0de1c2138,False,False,False,False,False,,True,645,1.1214519505198484
stagea__drawer-open__possession-on-table__locus-cabinet-side__support-transverse-low-support__layout-a,v35_open_completion,cabinet,action_intrinsic_pregrasp_bowl_registered_v1,40,794,18,dcf5210e4570b197e56bdf6a478e82d539aed8c6cdfe5c988d35706a308b1cca,False,False,False,False,False,,True,647,1.1242068898621267
stagea__drawer-open__possession-on-table__locus-cabinet-side__support-transverse-low-support__layout-a,v35_open_completion,cabinet,action_intrinsic_pregrasp_bowl_registered_v1,41,689,18,aa0ba50ca5b7f2632e0e1a5e2bb54df31c7b6cda867839b03bdd0567c6411689,False,False,False,False,False,,True,648,1.1575912620680293
stagea__drawer-open__possession-on-table__locus-cabinet-side__support-transverse-low-support__layout-a,v35_open_completion,cabinet,action_intrinsic_pregrasp_bowl_registered_v1,42,402,18,8d680111f934c94908dcb0f1528eef18063eb08cd7ed0c0a56e84debd7464d8c,False,False,False,False,False,,True,649,1.1900877944738777
stagea__drawer-open__possession-on-table__locus-cabinet-side__support-transverse-low-support__layout-a,v35_open_completion,cabinet,action_intrinsic_pregrasp_bowl_registered_v1,43,731,18,5be6d721a6fca1ef425074e8042fb05a80633e90f73f84091fca7a570ba71c84,False,False,False,False,False,,True,651,1.1623870305287756
stagea__drawer-open__possession-on-table__locus-cabinet-side__support-transverse-low-support__layout-a,v35_open_completion,cabinet,action_intrinsic_pregrasp_bowl_registered_v1,44,601,18,356b2a75f9d362a1cfb0d6e3fdb65c08269c619643db134c6cedc24fe14feff4,False,False,False,False,False,,True,659,1.1924350088112927
stagea__drawer-open__possession-on-table__locus-cabinet-side__support-transverse-low-support__layout-a,v35_open_completion,cabinet,action_intrinsic_pregrasp_bowl_registered_v1,45,706,18,239ae28404bef990e918f40b44f2aa59e45059ea0befe4a202d06f573aa4c5fd,False,False,False,False,False,,True,662,1.1791599917748967
stagea__drawer-open__possession-on-table__locus-cabinet-side__support-transverse-low-support__layout-a,v35_open_completion,drawer,action_intrinsic_pregrasp_bowl_registered_v1,0,576,12,c4dc33e0754f25efdaa87c75195a9e18ba603fd17aa500a5ab8751927234e465,False,False,False,False,False,,False,540,0.6382401241262049
stagea__drawer-open__possession-on-table__locus-cabinet-side__support-transverse-low-support__layout-a,v35_open_completion,drawer,action_intrinsic_pregrasp_bowl_registered_v1,1,694,12,e4d0e6805b6a960d0454858721550b66c578ada98014d5f852301b7bccee4c6e,True,True,True,False,False,163.0,True,647,1.548803187543436
stagea__drawer-open__possession-on-table__locus-cabinet-side__support-transverse-low-support__layout-a,v35_open_completion,drawer,action_intrinsic_pregrasp_bowl_registered_v1,2,614,12,e61d01ded7ab086478e718b79d5a82f3b03ba2f66dca79962533600239750733,False,False,False,False,False,,False,540,0.6617071854770793
stagea__drawer-open__possession-on-table__locus-cabinet-side__support-transverse-low-support__layout-a,v35_open_completion,drawer,action_intrinsic_pregrasp_bowl_registered_v1,3,382,12,f26c8e95841a34fdf898d203d26239d6a90e1c07c81f581944655edeb4f60915,False,False,False,False,False,,True,670,1.3720900792225412
stagea__drawer-open__possession-on-table__locus-cabinet-side__support-transverse-low-support__layout-a,v35_open_completion,drawer,action_intrinsic_pregrasp_bowl_registered_v1,4,526,12,8ebeecff1ddaa357856da5ef867f3055f43a1fe01692dd469542c151b39ea3fc,False,False,False,False,False,,True,664,1.6531537188228869
stagea__drawer-open__possession-on-table__locus-cabinet-side__support-transverse-low-support__layout-a,v35_open_completion,drawer,action_intrinsic_pregrasp_bowl_registered_v1,5,594,12,d5c8812af2a306355bb71a52c35164f93ef95ab0ec2a57638db05edb030de728,False,False,False,False,False,,True,663,1.7461363136140167
stagea__drawer-open__possession-on-table__locus-cabinet-side__support-transverse-low-support__layout-a,v35_open_completion,drawer,action_intrinsic_pregrasp_bowl_registered_v1,6,559,12,6338c79a0fb6aadb247d383c82552982be98a0fe67a07210aa6cdbb957870a0e,False,False,False,False,False,,False,540,0.6613717419540668
stagea__drawer-open__possession-on-table__locus-cabinet-side__support-transverse-low-support__layout-a,v35_open_completion,drawer,action_intrinsic_pregrasp_bowl_registered_v1,7,624,12,adb56e3ec63a390538504dce7dbcfce5bc5f780cf2a323a68559c4952810dca4,False,False,False,False,False,,False,540,0.6575185310913726
stagea__drawer-open__possession-on-table__locus-cabinet-side__support-transverse-low-support__layout-a,v35_open_completion,drawer,action_intrinsic_pregrasp_bowl_registered_v1,8,560,12,257886fa56c8ca594b7a52c9ba5c2ece42a4910673fe22140ee0be23dedc7fed,True,False,True,False,False,172.0,True,659,1.6370754324973238
stagea__drawer-open__possession-on-table__locus-cabinet-side__support-transverse-low-support__layout-a,v35_open_completion,drawer,action_intrinsic_pregrasp_bowl_registered_v1,9,627,12,54c3e36183cf5ef2a823d528e9503368965fc007ae422f9ac129decd6be47724,False,False,False,False,False,,True,650,1.2673063242006832
stagea__drawer-open__possession-on-table__locus-cabinet-side__support-transverse-low-support__layout-a,v35_open_completion,drawer,action_intrinsic_pregrasp_bowl_registered_v1,10,684,12,4b41c4e5e61e059c2e83642794a66dcb58b90e9370db1b39755f83c021da75d2,False,False,False,False,False,,True,668,1.6644161551814474
stagea__drawer-open__possession-on-table__locus-cabinet-side__support-transverse-low-support__layout-a,v35_open_completion,drawer,action_intrinsic_pregrasp_bowl_registered_v1,11,409,12,e8aa2651d0fba6006bbd1ce8844606d4c1e24568d5b42dae3098ea158f05f04f,False,False,False,False,False,,True,665,1.4928174969465602
stagea__drawer-open__possession-on-table__locus-cabinet-side__support-transverse-low-support__layout-a,v35_open_completion,drawer,action_intrinsic_pregrasp_bowl_registered_v1,12,548,12,8039f55efc1d3b2afff01d9544afe9a27c13a9fde71ed489cc1888b03d05d72d,False,False,False,False,False,,False,540,0.7498013604899552
stagea__drawer-open__possession-on-table__locus-cabinet-side__support-transverse-low-support__layout-a,v35_open_completion,drawer,action_intrinsic_pregrasp_bowl_registered_v1,13,742,12,db2e8c6a4ceb523133f51e21d0d31a8320ab88d1c0c7c0b124435499ea21a230,False,False,False,False,False,,False,540,0.6529834361607042
stagea__drawer-open__possession-on-table__locus-cabinet-side__support-transverse-low-support__layout-a,v35_open_completion,drawer,action_intrinsic_pregrasp_bowl_registered_v1,14,790,12,92034ebae21e287f92cdafcaaf1c4cc9ca7d732c105e28653f41c814086a107c,False,False,False,False,False,,False,540,0.7305210687310272
stagea__drawer-open__possession-on-table__locus-cabinet-side__support-transverse-low-support__layout-a,v35_open_completion,drawer,action_intrinsic_pregrasp_bowl_registered_v1,15,534,12,47ec06d84d5536c7bc2c903e0f4bc40c38674a2cc7e48d22e791a529d149c23f,False,False,False,False,False,,False,540,0.7167419164499491
stagea__drawer-open__possession-on-table__locus-cabinet-side__support-transverse-low-support__layout-a,v35_open_completion,drawer,action_intrinsic_pregrasp_bowl_registered_v1,16,498,12,f6ffd6f59a512dc3d6da39d1c991a246f1f6c4fda28c9c6951d1ead81b79d73e,False,False,False,False,False,,True,660,1.5886433530189568
stagea__drawer-open__possession-on-table__locus-cabinet-side__support-transverse-low-support__layout-a,v35_open_completion,drawer,action_intrinsic_pregrasp_bowl_registered_v1,17,737,12,24d53009f0c5a3917d02b3366eb875314813a60de3081d1bf69f19e04fcfd2ec,True,False,True,False,False,180.0,True,653,1.6206879332018442
stagea__drawer-open__possession-on-table__locus-cabinet-side__support-transverse-low-support__layout-a,v35_open_completion,drawer,action_intrinsic_pregrasp_bowl_registered_v1,18,489,12,548f110a2e4050299ae8b3a610c9806b51995a65b74f8a79b83dece3b9636a3f,True,False,True,False,False,183.0,True,654,1.677819909991323
stagea__drawer-open__possession-on-table__locus-cabinet-side__support-transverse-low-support__layout-a,v35_open_completion,drawer,action_intrinsic_pregrasp_bowl_registered_v1,19,784,12,d61fad8212342e13bc37c975339f3effa6841a3166deace8fa063482deeb95c4,False,False,False,False,False,,False,540,0.6677709021774083
stagea__drawer-open__possession-on-table__locus-cabinet-side__support-transverse-low-support__layout-a,v35_open_completion,drawer,action_intrinsic_pregrasp_bowl_registered_v1,20,701,12,4b63123279f4f228439254b39a178ae1dc4773dc6dc6d53eb6d453f24e40eda3,False,False,False,False,False,,True,665,1.481330548457498
stagea__drawer-open__possession-on-table__locus-cabinet-side__support-transverse-low-support__layout-a,v35_open_completion,drawer,action_intrinsic_pregrasp_bowl_registered_v1,21,416,12,41b4ab3c6eab78d6c7d147d6b7319f520c6dafa8eee44a2166e002b28cb2fdfd,False,False,False,False,False,,True,664,1.6299524377500514
stagea__drawer-open__possession-on-table__locus-cabinet-side__support-transverse-low-support__layout-a,v35_open_completion,drawer,action_intrinsic_pregrasp_bowl_registered_v1,22,462,12,40dafe57a26443dcd16aaaca097715e50661a8f0bc112c64947bc2ee28c75703,True,False,True,False,False,189.0,True,672,1.7132428894198068
stagea__drawer-open__possession-on-table__locus-cabinet-side__support-transverse-low-support__layout-a,v35_open_completion,drawer,action_intrinsic_pregrasp_bowl_registered_v1,23,494,12,93f39f1498437ddba0efc6eb059cd2b642ab544fab2f3336525878a4763097d4,False,False,False,False,False,,True,664,1.3008962043648926
stagea__drawer-open__possession-on-table__locus-cabinet-side__support-transverse-low-support__layout-a,v35_open_completion,drawer,action_intrinsic_pregrasp_bowl_registered_v1,24,414,12,9ec592154057d5c791bd6ea65380646ea92cd0d23d38116bae61bcd4d9af6daa,True,False,True,False,False,189.0,True,658,1.6894564606005447
stagea__drawer-open__possession-on-table__locus-cabinet-side__support-transverse-low-support__layout-a,v35_open_completion,drawer,action_intrinsic_pregrasp_bowl_registered_v1,25,523,12,eff93d2d3123718e86e9f1b41fb58d6a377fbec3687a6300f32204f553b41906,True,False,True,False,False,193.0,True,666,1.6417018395426766
stagea__drawer-open__possession-on-table__locus-cabinet-side__support-transverse-low-support__layout-a,v35_open_completion,drawer,action_intrinsic_pregrasp_bowl_registered_v1,26,762,12,5a6ad00de32247a9c04c1b1ae331ac99f700b26de0552cc1171848d4a8682ec3,False,False,False,False,False,,True,662,1.3333233847881265
stagea__drawer-open__possession-on-table__locus-cabinet-side__support-transverse-low-support__layout-a,v35_open_completion,drawer,action_intrinsic_pregrasp_bowl_registered_v1,27,758,12,908f23fecbfd35ae5c9dcbedd3858d03ec11dd138bb2dab0f43ee0d4574695b4,False,False,False,False,False,,False,540,0.7082477893086558
stagea__drawer-open__possession-on-table__locus-cabinet-side__support-transverse-low-support__layout-a,v35_open_completion,drawer,action_intrinsic_pregrasp_bowl_registered_v1,28,782,12,de7cef4f6a636948f4190f834219967d71ea3e72fe0b4f836e50e047f5d757f3,False,False,False,False,False,,True,676,1.2628709321247233
stagea__drawer-open__possession-on-table__locus-cabinet-side__support-transverse-low-support__layout-a,v35_open_completion,drawer,action_intrinsic_pregrasp_bowl_registered_v1,29,383,12,f598f486a32782cc98bfad505745987af2a8f37f2e9c4aa94b4ec2f8b9fa8ae4,False,False,False,False,False,,True,677,1.3837882176752059
stagea__drawer-open__possession-on-table__locus-cabinet-side__support-transverse-low-support__layout-a,v35_open_completion,drawer,action_intrinsic_pregrasp_bowl_registered_v1,30,738,12,8eabf11d95595bb7c52a4944a62cc03da44e1f462b7ad8a09519f9c8d10286aa,True,False,True,False,False,206.0,True,685,1.8815478985231364
stagea__drawer-open__possession-on-table__locus-cabinet-side__support-transverse-low-support__layout-a,v35_open_completion,drawer,action_intrinsic_pregrasp_bowl_registered_v1,31,538,12,08ad1772331225b10cf37ff13b272f62c36cb63525e1e766a49b9b0fcb1a42c6,True,False,True,False,False,210.0,True,685,1.8877703140058741
stagea__drawer-open__possession-on-table__locus-cabinet-side__support-transverse-low-support__layout-a,v35_open_completion,drawer,action_intrinsic_pregrasp_bowl_registered_v1,32,465,12,e0429b5fe21a733c15e4703fae6c590da9aaff3e0b059bfd634952b78272b52f,False,False,False,False,False,,True,677,1.404908694287474
stagea__drawer-open__possession-on-table__locus-cabinet-side__support-transverse-low-support__layout-a,v35_open_completion,drawer,action_intrinsic_pregrasp_bowl_registered_v1,33,449,12,f20bb3de976403a90113d79607775b68c63181b9aaba242dc0f356def02dad3e,False,False,False,False,False,,True,716,2.2215299360158456
stagea__drawer-open__possession-on-table__locus-cabinet-side__support-transverse-low-support__layout-a,v35_open_completion,drawer,action_intrinsic_pregrasp_bowl_registered_v1,34,711,12,5fbc8383f1842247c97b8be8ec4cb5a910eaea56fe8ac6bc4025f658f74279c2,True,False,True,False,False,240.0,True,689,1.4302749337010556
stagea__drawer-open__possession-on-table__locus-cabinet-side__support-transverse-low-support__layout-a,v35_open_completion,drawer,action_intrinsic_pregrasp_bowl_registered_v1,35,387,12,a6b95196dd651f801df5eb0aaac15cabaa4501ebba68b07e61bc42d336c598b2,False,False,False,False,False,,True,733,1.4428336726313291
stagea__drawer-open__possession-on-table__locus-cabinet-side__support-transverse-low-support__layout-b,v35_open_completion,cabinet,action_intrinsic_pregrasp_bowl_registered_v1,0,438,18,fc624695eb2d39b20e511c8ac6df4923b6bff3cff56ff389622f45310e9278c2,False,False,False,False,False,,True,625,1.194584350526899
stagea__drawer-open__possession-on-table__locus-cabinet-side__support-transverse-low-support__layout-b,v35_open_completion,cabinet,action_intrinsic_pregrasp_bowl_registered_v1,1,712,18,9af535ed5943f0efe94c6e6136614fdd45017940a69a8267687e68416905a9d8,False,False,False,False,False,,True,626,1.232150842307894
stagea__drawer-open__possession-on-table__locus-cabinet-side__support-transverse-low-support__layout-b,v35_open_completion,cabinet,action_intrinsic_pregrasp_bowl_registered_v1,2,669,18,bb63603def241e17b02c89c5513d1ef93cf75f47c260b5b139f120acf22c26f8,False,False,False,False,False,,True,627,1.1702934159016727
stagea__drawer-open__possession-on-table__locus-cabinet-side__support-transverse-low-support__layout-b,v35_open_completion,cabinet,action_intrinsic_pregrasp_bowl_registered_v1,3,590,18,0348abe806a47069551301e2e86e25fcca5b8db8fd3f5b128630180e19057a9c,False,False,False,False,False,,True,629,1.2355892171064713
stagea__drawer-open__possession-on-table__locus-cabinet-side__support-transverse-low-support__layout-b,v35_open_completion,cabinet,action_intrinsic_pregrasp_bowl_registered_v1,4,597,18,3bd590038acfecf91321ca683267c834fb8ebbd4f559e5fd8f89bf1dda561e9f,False,False,False,False,False,,True,629,1.2114818972361963
stagea__drawer-open__possession-on-table__locus-cabinet-side__support-transverse-low-support__layout-b,v35_open_completion,cabinet,action_intrinsic_pregrasp_bowl_registered_v1,5,660,18,082d8ee4933e7774b752cd6fbf2ea76a20ff927bf4afa8bd09b7ddc47aefba34,False,False,False,False,False,,True,629,1.0544377642086935
stagea__drawer-open__possession-on-table__locus-cabinet-side__support-transverse-low-support__layout-b,v35_open_completion,cabinet,action_intrinsic_pregrasp_bowl_registered_v1,6,458,18,4d4a24b15ada9177614865d055b4dccd354dd4ce8dac9eb391c68984fc50691e,False,False,False,False,False,,True,630,1.2673879394590388
stagea__drawer-open__possession-on-table__locus-cabinet-side__support-transverse-low-support__layout-b,v35_open_completion,cabinet,action_intrinsic_pregrasp_bowl_registered_v1,7,573,18,2e42787c67b5b157b79e3c3b2980a13563d41b4cbf69a9279c710d30a6292e92,False,False,False,False,False,,True,630,1.1019140145328827
stagea__drawer-open__possession-on-table__locus-cabinet-side__support-transverse-low-support__layout-b,v35_open_completion,cabinet,action_intrinsic_pregrasp_bowl_registered_v1,8,681,18,32bf1db8cfb866d929b97eaf4f6ad55599246fef24edf68fea15ede3b5cf005e,False,False,False,False,False,,True,630,1.2003459286255491
stagea__drawer-open__possession-on-table__locus-cabinet-side__support-transverse-low-support__layout-b,v35_open_completion,cabinet,action_intrinsic_pregrasp_bowl_registered_v1,9,452,18,016fe7cdd6622e9f77775f108f3cb4e4f836ec330ac07003f39fb7e5dbd594d5,False,False,False,False,False,,True,632,1.1133530986794304
stagea__drawer-open__possession-on-table__locus-cabinet-side__support-transverse-low-support__layout-b,v35_open_completion,cabinet,action_intrinsic_pregrasp_bowl_registered_v1,10,775,18,b7e8758503c46c2273a688c9d98a5cbf14447ba59301bb326ca3a9078d7ea079,False,False,False,False,False,,True,632,1.2754994595329774
stagea__drawer-open__possession-on-table__locus-cabinet-side__support-transverse-low-support__layout-b,v35_open_completion,cabinet,action_intrinsic_pregrasp_bowl_registered_v1,11,665,18,a4a985f59f32ec185896dca87996aa455a720e318f579d3c58b2a88d391ef2bd,False,False,False,False,False,,True,634,1.1060801013327537
stagea__drawer-open__possession-on-table__locus-cabinet-side__support-transverse-low-support__layout-b,v35_open_completion,cabinet,action_intrinsic_pregrasp_bowl_registered_v1,12,444,18,4d00108fccbba095038c80424e863deb2221dea2d50d4f2c5a3442f48d6466a2,False,False,False,False,False,,True,635,1.2682309301020287
stagea__drawer-open__possession-on-table__locus-cabinet-side__support-transverse-low-support__layout-b,v35_open_completion,cabinet,action_intrinsic_pregrasp_bowl_registered_v1,13,501,18,033327dbdb43b4bfddc6ed286bf6f8e8a6112ffe991905c700c75ec0676b386c,False,False,False,False,False,,True,635,1.1862234982236441
stagea__drawer-open__possession-on-table__locus-cabinet-side__support-transverse-low-support__layout-b,v35_open_completion,cabinet,action_intrinsic_pregrasp_bowl_registered_v1,14,638,18,a8d81987e6f0f385619548c3982d9078c5c54a76d95ade16b8a982ad08234932,False,False,False,False,False,,True,635,1.2944857161281524
stagea__drawer-open__possession-on-table__locus-cabinet-side__support-transverse-low-support__layout-b,v35_open_completion,cabinet,action_intrinsic_pregrasp_bowl_registered_v1,15,674,18,9b9937400a6e113f3901f66bf04dbac00fcbef6b9d999843ef0c651c1d76ce93,True,False,True,False,False,81.0,True,621,1.1995749115917413
stagea__drawer-open__possession-on-table__locus-cabinet-side__support-transverse-low-support__layout-b,v35_open_completion,cabinet,action_intrinsic_pregrasp_bowl_registered_v1,16,493,18,6cd7e138d3e7108f26e5396426d285829d7a3044a5068557110ad529c60f88fb,False,False,False,False,False,,True,636,1.2537474673486482
stagea__drawer-open__possession-on-table__locus-cabinet-side__support-transverse-low-support__layout-b,v35_open_completion,cabinet,action_intrinsic_pregrasp_bowl_registered_v1,17,636,18,0a4fa289713d5467f4f401adaef6d834685933041fe590343f19ee059e605170,False,False,False,False,False,,True,636,1.186396438608556
stagea__drawer-open__possession-on-table__locus-cabinet-side__support-transverse-low-support__layout-b,v35_open_completion,cabinet,action_intrinsic_pregrasp_bowl_registered_v1,18,699,18,9504ca4f990d01cd111eed0f44cf9f286704e69d2bef21680ad53de5b6c6e501,True,True,True,False,False,80.0,True,620,1.271578951965697
stagea__drawer-open__possession-on-table__locus-cabinet-side__support-transverse-low-support__layout-b,v35_open_completion,cabinet,action_intrinsic_pregrasp_bowl_registered_v1,19,456,18,fe869cc76141d5cbf6d64ee2c3c80a872e3f32bfcb5763bfe38221d3c6f8774f,False,False,False,False,False,,True,637,1.305820364987756
stagea__drawer-open__possession-on-table__locus-cabinet-side__support-transverse-low-support__layout-b,v35_open_completion,cabinet,action_intrinsic_pregrasp_bowl_registered_v1,20,570,18,c2d4c5bdce9483b0609598e4bd984122284c5eef5a4d26eac9681c616139a807,False,False,False,False,False,,True,637,1.2920887869283422
stagea__drawer-open__possession-on-table__locus-cabinet-side__support-transverse-low-support__layout-b,v35_open_completion,cabinet,action_intrinsic_pregrasp_bowl_registered_v1,21,662,18,9b8d4f7149a62a256faa3e7ea0e5c2f3125d95bea41d4c479b86904e2d505dcf,False,False,False,False,False,,True,637,1.2323229517320273
stagea__drawer-open__possession-on-table__locus-cabinet-side__support-transverse-low-support__layout-b,v35_open_completion,cabinet,action_intrinsic_pregrasp_bowl_registered_v1,22,732,18,c3b4ba9df80cca1c1bc20693376c230d3bc01ba9f981bb21aff3d94f5df62a66,False,False,False,False,False,,True,637,1.1896820576591516
stagea__drawer-open__possession-on-table__locus-cabinet-side__support-transverse-low-support__layout-b,v35_open_completion,cabinet,action_intrinsic_pregrasp_bowl_registered_v1,23,505,18,69ffa114adff6ac44594f47b51bd23b379470a0da01eb7ed63f3d8a0d4c8775a,False,False,False,False,False,,True,638,1.2593010932459163
stagea__drawer-open__possession-on-table__locus-cabinet-side__support-transverse-low-support__layout-b,v35_open_completion,cabinet,action_intrinsic_pregrasp_bowl_registered_v1,24,630,18,d47820b50d009ef5f221017fa25bcb7f75e7cde874bf13cd4a5f40b7d49fe74f,False,False,False,False,False,,True,638,1.0937327489554793
stagea__drawer-open__possession-on-table__locus-cabinet-side__support-transverse-low-support__layout-b,v35_open_completion,cabinet,action_intrinsic_pregrasp_bowl_registered_v1,25,743,18,1df868b0e126de6c747a3392f2ae0135f2089140e79694115da746d261455e76,False,False,False,False,False,,True,638,1.1980276299651906
stagea__drawer-open__possession-on-table__locus-cabinet-side__support-transverse-low-support__layout-b,v35_open_completion,cabinet,action_intrinsic_pregrasp_bowl_registered_v1,26,398,18,dddc06067bf84b0019a1cf050048e588df918f7768911fa406ce110da9ad4689,False,False,False,False,False,,True,639,1.1381185645884957
stagea__drawer-open__possession-on-table__locus-cabinet-side__support-transverse-low-support__layout-b,v35_open_completion,cabinet,action_intrinsic_pregrasp_bowl_registered_v1,27,446,18,171014841f360ccb7f224b68357849b87ebcfb38ea27c23f8309cdfd830c7760,False,False,False,False,False,,True,639,1.2901805296758788
stagea__drawer-open__possession-on-table__locus-cabinet-side__support-transverse-low-support__layout-b,v35_open_completion,cabinet,action_intrinsic_pregrasp_bowl_registered_v1,28,724,18,8bbb07bf3048a11cd3879887766413ad6a041eb78ef54667a0528d0ab13f7c0c,False,False,False,False,False,,True,640,1.1487771993744695
stagea__drawer-open__possession-on-table__locus-cabinet-side__support-transverse-low-support__layout-b,v35_open_completion,cabinet,action_intrinsic_pregrasp_bowl_registered_v1,29,521,18,f404e35757cca7351a7956c0091493689bcae213ebc3f600ad9ca7ec35cc19d8,False,False,False,False,False,,True,641,1.1602931094985605
stagea__drawer-open__possession-on-table__locus-cabinet-side__support-transverse-low-support__layout-b,v35_open_completion,cabinet,action_intrinsic_pregrasp_bowl_registered_v1,30,791,18,ab8bc2c0ead1910b94bd3b22c327af072be2575c2b190a011406f4f7286f5de9,False,False,False,False,False,,True,641,1.2597786805185982
stagea__drawer-open__possession-on-table__locus-cabinet-side__support-transverse-low-support__layout-b,v35_open_completion,cabinet,action_intrinsic_pregrasp_bowl_registered_v1,31,474,18,5d93ae0bbe8618d7ad32e89a85261166b35dec3bcaa972751dddbaae8f07150c,True,False,True,False,False,84.0,True,624,1.242509420898615
stagea__drawer-open__possession-on-table__locus-cabinet-side__support-transverse-low-support__layout-b,v35_open_completion,cabinet,action_intrinsic_pregrasp_bowl_registered_v1,32,514,18,f0570adf2e2cdf55ef01180c8cf15f14c96b33219a8bdcfb110accc19eb31f44,True,False,True,False,False,89.0,True,629,1.3183271918204738
stagea__drawer-open__possession-on-table__locus-cabinet-side__support-transverse-low-support__layout-b,v35_open_completion,cabinet,action_intrinsic_pregrasp_bowl_registered_v1,33,793,18,321fba85a693c5b82c8fc5d19d784724998b7ca98e765b826b728c3015762066,False,False,False,False,False,,True,642,1.2718771030029177
stagea__drawer-open__possession-on-table__locus-cabinet-side__support-transverse-low-support__layout-b,v35_open_completion,cabinet,action_intrinsic_pregrasp_bowl_registered_v1,34,608,18,51b3f339ae2711ec2dee1dcd740cd2c0f3834f5ec75aa5be171a8aabfa384705,False,False,False,False,False,,True,643,1.138793148268044
stagea__drawer-open__possession-on-table__locus-cabinet-side__support-transverse-low-support__layout-b,v35_open_completion,cabinet,action_intrinsic_pregrasp_bowl_registered_v1,35,696,18,27ac40ae5b0142c7d2dd195b068a73088bc3ab3ec1564e44ffca7f7e715939b7,False,False,False,False,False,,True,643,1.2485802852167325
stagea__drawer-open__possession-on-table__locus-cabinet-side__support-transverse-low-support__layout-b,v35_open_completion,cabinet,action_intrinsic_pregrasp_bowl_registered_v1,36,661,18,79a603a018e5f911a590ae269ad2060c3e7efd307ce515d5e88df99491a895e8,False,False,False,False,False,,True,644,1.2172346177058444
stagea__drawer-open__possession-on-table__locus-cabinet-side__support-transverse-low-support__layout-b,v35_open_completion,cabinet,action_intrinsic_pregrasp_bowl_registered_v1,37,745,18,aa1a3bff114b4b0887abbac25cd7b26200e2b2d232d51d48484012ca3ac3efce,False,False,False,False,False,,True,644,1.2521895722177558
stagea__drawer-open__possession-on-table__locus-cabinet-side__support-transverse-low-support__layout-b,v35_open_completion,cabinet,action_intrinsic_pregrasp_bowl_registered_v1,38,767,18,bbf383faef21636081e61ca9fa795f26d897115b2e20fe6c0265b2d8e57172af,False,False,False,False,False,,True,644,1.1326701943939612
stagea__drawer-open__possession-on-table__locus-cabinet-side__support-transverse-low-support__layout-b,v35_open_completion,cabinet,action_intrinsic_pregrasp_bowl_registered_v1,39,702,18,3fb5394b81ace7223fa4dc390332e7caab954344c8941276b13b63b0de1c2138,False,False,False,False,False,,True,645,1.1721954818926072
stagea__drawer-open__possession-on-table__locus-cabinet-side__support-transverse-low-support__layout-b,v35_open_completion,cabinet,action_intrinsic_pregrasp_bowl_registered_v1,40,794,18,dcf5210e4570b197e56bdf6a478e82d539aed8c6cdfe5c988d35706a308b1cca,False,False,False,False,False,,True,647,1.1746611574294876
stagea__drawer-open__possession-on-table__locus-cabinet-side__support-transverse-low-support__layout-b,v35_open_completion,cabinet,action_intrinsic_pregrasp_bowl_registered_v1,41,689,18,aa0ba50ca5b7f2632e0e1a5e2bb54df31c7b6cda867839b03bdd0567c6411689,False,False,False,False,False,,True,648,1.2046822669920176
stagea__drawer-open__possession-on-table__locus-cabinet-side__support-transverse-low-support__layout-b,v35_open_completion,cabinet,action_intrinsic_pregrasp_bowl_registered_v1,42,402,18,8d680111f934c94908dcb0f1528eef18063eb08cd7ed0c0a56e84debd7464d8c,False,False,False,False,False,,True,649,1.2531252466615725
stagea__drawer-open__possession-on-table__locus-cabinet-side__support-transverse-low-support__layout-b,v35_open_completion,cabinet,action_intrinsic_pregrasp_bowl_registered_v1,43,731,18,5be6d721a6fca1ef425074e8042fb05a80633e90f73f84091fca7a570ba71c84,False,False,False,False,False,,True,651,1.3536748349252332
stagea__drawer-open__possession-on-table__locus-cabinet-side__support-transverse-low-support__layout-b,v35_open_completion,cabinet,action_intrinsic_pregrasp_bowl_registered_v1,44,601,18,356b2a75f9d362a1cfb0d6e3fdb65c08269c619643db134c6cedc24fe14feff4,False,False,False,False,False,,True,659,1.2870980152152847
stagea__drawer-open__possession-on-table__locus-cabinet-side__support-transverse-low-support__layout-b,v35_open_completion,cabinet,action_intrinsic_pregrasp_bowl_registered_v1,45,706,18,239ae28404bef990e918f40b44f2aa59e45059ea0befe4a202d06f573aa4c5fd,False,False,False,False,False,,True,662,1.2392385230674083
stagea__drawer-open__possession-on-table__locus-cabinet-side__support-transverse-low-support__layout-b,v35_open_completion,drawer,action_intrinsic_pregrasp_bowl_registered_v1,0,576,12,c4dc33e0754f25efdaa87c75195a9e18ba603fd17aa500a5ab8751927234e465,False,False,False,False,False,,True,660,1.5541494310403963
stagea__drawer-open__possession-on-table__locus-cabinet-side__support-transverse-low-support__layout-b,v35_open_completion,drawer,action_intrinsic_pregrasp_bowl_registered_v1,1,694,12,e4d0e6805b6a960d0454858721550b66c578ada98014d5f852301b7bccee4c6e,True,True,True,False,False,162.0,True,646,1.5462171258495996
stagea__drawer-open__possession-on-table__locus-cabinet-side__support-transverse-low-support__layout-b,v35_open_completion,drawer,action_intrinsic_pregrasp_bowl_registered_v1,2,614,12,e61d01ded7ab086478e718b79d5a82f3b03ba2f66dca79962533600239750733,False,False,False,False,False,,False,540,0.6780932762932121
stagea__drawer-open__possession-on-table__locus-cabinet-side__support-transverse-low-support__layout-b,v35_open_completion,drawer,action_intrinsic_pregrasp_bowl_registered_v1,3,382,12,f26c8e95841a34fdf898d203d26239d6a90e1c07c81f581944655edeb4f60915,False,False,False,False,False,,True,670,1.3574598174159198
stagea__drawer-open__possession-on-table__locus-cabinet-side__support-transverse-low-support__layout-b,v35_open_completion,drawer,action_intrinsic_pregrasp_bowl_registered_v1,4,526,12,8ebeecff1ddaa357856da5ef867f3055f43a1fe01692dd469542c151b39ea3fc,False,False,False,False,False,,True,664,1.640097494098344
stagea__drawer-open__possession-on-table__locus-cabinet-side__support-transverse-low-support__layout-b,v35_open_completion,drawer,action_intrinsic_pregrasp_bowl_registered_v1,5,594,12,d5c8812af2a306355bb71a52c35164f93ef95ab0ec2a57638db05edb030de728,False,False,False,False,False,,True,663,1.7111965289172273
stagea__drawer-open__possession-on-table__locus-cabinet-side__support-transverse-low-support__layout-b,v35_open_completion,drawer,action_intrinsic_pregrasp_bowl_registered_v1,6,559,12,6338c79a0fb6aadb247d383c82552982be98a0fe67a07210aa6cdbb957870a0e,False,False,False,False,False,,False,540,0.6590133532651976
stagea__drawer-open__possession-on-table__locus-cabinet-side__support-transverse-low-support__layout-b,v35_open_completion,drawer,action_intrinsic_pregrasp_bowl_registered_v1,7,624,12,adb56e3ec63a390538504dce7dbcfce5bc5f780cf2a323a68559c4952810dca4,False,False,False,False,False,,False,540,0.6745270589660599
stagea__drawer-open__possession-on-table__locus-cabinet-side__support-transverse-low-support__layout-b,v35_open_completion,drawer,action_intrinsic_pregrasp_bowl_registered_v1,8,560,12,257886fa56c8ca594b7a52c9ba5c2ece42a4910673fe22140ee0be23dedc7fed,True,False,True,False,False,172.0,True,659,1.6371257482940709
stagea__drawer-open__possession-on-table__locus-cabinet-side__support-transverse-low-support__layout-b,v35_open_completion,drawer,action_intrinsic_pregrasp_bowl_registered_v1,9,627,12,54c3e36183cf5ef2a823d528e9503368965fc007ae422f9ac129decd6be47724,False,False,False,False,False,,True,650,1.2373099227591218
stagea__drawer-open__possession-on-table__locus-cabinet-side__support-transverse-low-support__layout-b,v35_open_completion,drawer,action_intrinsic_pregrasp_bowl_registered_v1,10,684,12,4b41c4e5e61e059c2e83642794a66dcb58b90e9370db1b39755f83c021da75d2,False,False,False,False,False,,True,668,1.6604024349726012
stagea__drawer-open__possession-on-table__locus-cabinet-side__support-transverse-low-support__layout-b,v35_open_completion,drawer,action_intrinsic_pregrasp_bowl_registered_v1,11,409,12,e8aa2651d0fba6006bbd1ce8844606d4c1e24568d5b42dae3098ea158f05f04f,False,False,False,False,False,,True,665,1.480483416571681
stagea__drawer-open__possession-on-table__locus-cabinet-side__support-transverse-low-support__layout-b,v35_open_completion,drawer,action_intrinsic_pregrasp_bowl_registered_v1,12,548,12,8039f55efc1d3b2afff01d9544afe9a27c13a9fde71ed489cc1888b03d05d72d,False,False,False,False,False,,False,540,0.7085528015965605
stagea__drawer-open__possession-on-table__locus-cabinet-side__support-transverse-low-support__layout-b,v35_open_completion,drawer,action_intrinsic_pregrasp_bowl_registered_v1,13,742,12,db2e8c6a4ceb523133f51e21d0d31a8320ab88d1c0c7c0b124435499ea21a230,False,False,False,False,False,,False,540,0.6509223275081859
stagea__drawer-open__possession-on-table__locus-cabinet-side__support-transverse-low-support__layout-b,v35_open_completion,drawer,action_intrinsic_pregrasp_bowl_registered_v1,14,790,12,92034ebae21e287f92cdafcaaf1c4cc9ca7d732c105e28653f41c814086a107c,False,False,False,False,False,,False,540,0.7092927386489891
stagea__drawer-open__possession-on-table__locus-cabinet-side__support-transverse-low-support__layout-b,v35_open_completion,drawer,action_intrinsic_pregrasp_bowl_registered_v1,15,534,12,47ec06d84d5536c7bc2c903e0f4bc40c38674a2cc7e48d22e791a529d149c23f,False,False,False,False,False,,False,540,0.6806934647230345
stagea__drawer-open__possession-on-table__locus-cabinet-side__support-transverse-low-support__layout-b,v35_open_completion,drawer,action_intrinsic_pregrasp_bowl_registered_v1,16,498,12,f6ffd6f59a512dc3d6da39d1c991a246f1f6c4fda28c9c6951d1ead81b79d73e,False,False,False,False,False,,True,660,1.5808857230800681
stagea__drawer-open__possession-on-table__locus-cabinet-side__support-transverse-low-support__layout-b,v35_open_completion,drawer,action_intrinsic_pregrasp_bowl_registered_v1,17,737,12,24d53009f0c5a3917d02b3366eb875314813a60de3081d1bf69f19e04fcfd2ec,False,False,False,False,False,,True,666,1.6438944382116971
stagea__drawer-open__possession-on-table__locus-cabinet-side__support-transverse-low-support__layout-b,v35_open_completion,drawer,action_intrinsic_pregrasp_bowl_registered_v1,18,489,12,548f110a2e4050299ae8b3a610c9806b51995a65b74f8a79b83dece3b9636a3f,True,False,True,False,False,184.0,True,655,1.6607131336307355
stagea__drawer-open__possession-on-table__locus-cabinet-side__support-transverse-low-support__layout-b,v35_open_completion,drawer,action_intrinsic_pregrasp_bowl_registered_v1,19,784,12,d61fad8212342e13bc37c975339f3effa6841a3166deace8fa063482deeb95c4,False,False,False,False,False,,False,540,0.6502941000304103
stagea__drawer-open__possession-on-table__locus-cabinet-side__support-transverse-low-support__layout-b,v35_open_completion,drawer,action_intrinsic_pregrasp_bowl_registered_v1,20,701,12,4b63123279f4f228439254b39a178ae1dc4773dc6dc6d53eb6d453f24e40eda3,False,False,False,False,False,,True,665,1.4480055307810542
stagea__drawer-open__possession-on-table__locus-cabinet-side__support-transverse-low-support__layout-b,v35_open_completion,drawer,action_intrinsic_pregrasp_bowl_registered_v1,21,416,12,41b4ab3c6eab78d6c7d147d6b7319f520c6dafa8eee44a2166e002b28cb2fdfd,False,False,False,False,False,,True,664,1.6122069028623698
stagea__drawer-open__possession-on-table__locus-cabinet-side__support-transverse-low-support__layout-b,v35_open_completion,drawer,action_intrinsic_pregrasp_bowl_registered_v1,22,462,12,40dafe57a26443dcd16aaaca097715e50661a8f0bc112c64947bc2ee28c75703,True,False,True,False,False,190.0,True,673,1.7028355475612682
stagea__drawer-open__possession-on-table__locus-cabinet-side__support-transverse-low-support__layout-b,v35_open_completion,drawer,action_intrinsic_pregrasp_bowl_registered_v1,23,494,12,93f39f1498437ddba0efc6eb059cd2b642ab544fab2f3336525878a4763097d4,True,False,True,False,False,189.0,True,655,1.4072788875328712
stagea__drawer-open__possession-on-table__locus-cabinet-side__support-transverse-low-support__layout-b,v35_open_completion,drawer,action_intrinsic_pregrasp_bowl_registered_v1,24,414,12,9ec592154057d5c791bd6ea65380646ea92cd0d23d38116bae61bcd4d9af6daa,True,False,True,False,False,182.0,True,651,1.6211950492372473
stagea__drawer-open__possession-on-table__locus-cabinet-side__support-transverse-low-support__layout-b,v35_open_completion,drawer,action_intrinsic_pregrasp_bowl_registered_v1,25,523,12,eff93d2d3123718e86e9f1b41fb58d6a377fbec3687a6300f32204f553b41906,True,False,True,False,False,193.0,True,666,1.6218698608355362
stagea__drawer-open__possession-on-table__locus-cabinet-side__support-transverse-low-support__layout-b,v35_open_completion,drawer,action_intrinsic_pregrasp_bowl_registered_v1,26,762,12,5a6ad00de32247a9c04c1b1ae331ac99f700b26de0552cc1171848d4a8682ec3,False,False,False,False,False,,True,662,1.101626500834595
stagea__drawer-open__possession-on-table__locus-cabinet-side__support-transverse-low-support__layout-b,v35_open_completion,drawer,action_intrinsic_pregrasp_bowl_registered_v1,27,758,12,908f23fecbfd35ae5c9dcbedd3858d03ec11dd138bb2dab0f43ee0d4574695b4,False,False,False,False,False,,False,540,0.686899641701828
stagea__drawer-open__possession-on-table__locus-cabinet-side__support-transverse-low-support__layout-b,v35_open_completion,drawer,action_intrinsic_pregrasp_bowl_registered_v1,28,782,12,de7cef4f6a636948f4190f834219967d71ea3e72fe0b4f836e50e047f5d757f3,False,False,False,False,False,,True,676,1.306656003469415
stagea__drawer-open__possession-on-table__locus-cabinet-side__support-transverse-low-support__layout-b,v35_open_completion,drawer,action_intrinsic_pregrasp_bowl_registered_v1,29,383,12,f598f486a32782cc98bfad505745987af2a8f37f2e9c4aa94b4ec2f8b9fa8ae4,False,False,False,False,False,,True,677,1.3946260423715622
stagea__drawer-open__possession-on-table__locus-cabinet-side__support-transverse-low-support__layout-b,v35_open_completion,drawer,action_intrinsic_pregrasp_bowl_registered_v1,30,738,12,8eabf11d95595bb7c52a4944a62cc03da44e1f462b7ad8a09519f9c8d10286aa,False,False,False,False,False,,True,697,1.838660452052006
stagea__drawer-open__possession-on-table__locus-cabinet-side__support-transverse-low-support__layout-b,v35_open_completion,drawer,action_intrinsic_pregrasp_bowl_registered_v1,31,538,12,08ad1772331225b10cf37ff13b272f62c36cb63525e1e766a49b9b0fcb1a42c6,False,False,False,False,False,,True,695,1.8306693828227616
stagea__drawer-open__possession-on-table__locus-cabinet-side__support-transverse-low-support__layout-b,v35_open_completion,drawer,action_intrinsic_pregrasp_bowl_registered_v1,32,465,12,e0429b5fe21a733c15e4703fae6c590da9aaff3e0b059bfd634952b78272b52f,False,False,False,False,False,,True,677,1.3907462704077271
stagea__drawer-open__possession-on-table__locus-cabinet-side__support-transverse-low-support__layout-b,v35_open_completion,drawer,action_intrinsic_pregrasp_bowl_registered_v1,33,449,12,f20bb3de976403a90113d79607775b68c63181b9aaba242dc0f356def02dad3e,True,False,True,False,False,239.0,True,707,2.166436594249119
stagea__drawer-open__possession-on-table__locus-cabinet-side__support-transverse-low-support__layout-b,v35_open_completion,drawer,action_intrinsic_pregrasp_bowl_registered_v1,34,711,12,5fbc8383f1842247c97b8be8ec4cb5a910eaea56fe8ac6bc4025f658f74279c2,False,False,False,False,False,,False,540,0.5759855954601958
stagea__drawer-open__possession-on-table__locus-cabinet-side__support-transverse-low-support__layout-b,v35_open_completion,drawer,action_intrinsic_pregrasp_bowl_registered_v1,35,387,12,a6b95196dd651f801df5eb0aaac15cabaa4501ebba68b07e61bc42d336c598b2,False,False,False,False,False,,True,733,1.7040965260994334
stagea__drawer-open__possession-on-table__locus-drawer-side__support-demonstration-near__layout-a,v34_open_completion,cabinet,action_intrinsic_pregrasp_phase_continuation_v2,0,438,18,fc624695eb2d39b20e511c8ac6df4923b6bff3cff56ff389622f45310e9278c2,False,False,False,False,False,,True,625,1.1805391443978275
stagea__drawer-open__possession-on-table__locus-drawer-side__support-demonstration-near__layout-a,v34_open_completion,cabinet,action_intrinsic_pregrasp_phase_continuation_v2,1,712,18,9af535ed5943f0efe94c6e6136614fdd45017940a69a8267687e68416905a9d8,False,False,False,False,False,,True,626,1.0528094803354806
stagea__drawer-open__possession-on-table__locus-drawer-side__support-demonstration-near__layout-a,v34_open_completion,cabinet,action_intrinsic_pregrasp_phase_continuation_v2,2,669,18,bb63603def241e17b02c89c5513d1ef93cf75f47c260b5b139f120acf22c26f8,False,False,False,False,False,,True,627,1.1122774002833378
stagea__drawer-open__possession-on-table__locus-drawer-side__support-demonstration-near__layout-a,v34_open_completion,cabinet,action_intrinsic_pregrasp_phase_continuation_v2,3,590,18,0348abe806a47069551301e2e86e25fcca5b8db8fd3f5b128630180e19057a9c,False,False,False,False,False,,True,629,1.123053856566016
stagea__drawer-open__possession-on-table__locus-drawer-side__support-demonstration-near__layout-a,v34_open_completion,cabinet,action_intrinsic_pregrasp_phase_continuation_v2,4,597,18,3bd590038acfecf91321ca683267c834fb8ebbd4f559e5fd8f89bf1dda561e9f,False,False,False,False,False,,True,629,1.0237088647926178
stagea__drawer-open__possession-on-table__locus-drawer-side__support-demonstration-near__layout-a,v34_open_completion,cabinet,action_intrinsic_pregrasp_phase_continuation_v2,5,660,18,082d8ee4933e7774b752cd6fbf2ea76a20ff927bf4afa8bd09b7ddc47aefba34,False,False,False,False,False,,True,629,1.0132285478008636
stagea__drawer-open__possession-on-table__locus-drawer-side__support-demonstration-near__layout-a,v34_open_completion,cabinet,action_intrinsic_pregrasp_phase_continuation_v2,6,458,18,4d4a24b15ada9177614865d055b4dccd354dd4ce8dac9eb391c68984fc50691e,False,False,False,False,False,,True,630,1.0795249984434494
stagea__drawer-open__possession-on-table__locus-drawer-side__support-demonstration-near__layout-a,v34_open_completion,cabinet,action_intrinsic_pregrasp_phase_continuation_v2,7,573,18,2e42787c67b5b157b79e3c3b2980a13563d41b4cbf69a9279c710d30a6292e92,False,False,False,False,False,,True,630,1.0722246732538676
stagea__drawer-open__possession-on-table__locus-drawer-side__support-demonstration-near__layout-a,v34_open_completion,cabinet,action_intrinsic_pregrasp_phase_continuation_v2,8,681,18,32bf1db8cfb866d929b97eaf4f6ad55599246fef24edf68fea15ede3b5cf005e,False,False,False,False,False,,True,630,1.146836650729465
stagea__drawer-open__possession-on-table__locus-drawer-side__support-demonstration-near__layout-a,v34_open_completion,cabinet,action_intrinsic_pregrasp_phase_continuation_v2,9,452,18,016fe7cdd6622e9f77775f108f3cb4e4f836ec330ac07003f39fb7e5dbd594d5,False,False,False,False,False,,True,632,1.075069640871671
stagea__drawer-open__possession-on-table__locus-drawer-side__support-demonstration-near__layout-a,v34_open_completion,cabinet,action_intrinsic_pregrasp_phase_continuation_v2,10,775,18,b7e8758503c46c2273a688c9d98a5cbf14447ba59301bb326ca3a9078d7ea079,False,False,False,False,False,,True,632,1.1692826416820967
stagea__drawer-open__possession-on-table__locus-drawer-side__support-demonstration-near__layout-a,v34_open_completion,cabinet,action_intrinsic_pregrasp_phase_continuation_v2,11,665,18,a4a985f59f32ec185896dca87996aa455a720e318f579d3c58b2a88d391ef2bd,False,False,False,False,False,,True,634,1.056094532187306
stagea__drawer-open__possession-on-table__locus-drawer-side__support-demonstration-near__layout-a,v34_open_completion,cabinet,action_intrinsic_pregrasp_phase_continuation_v2,12,444,18,4d00108fccbba095038c80424e863deb2221dea2d50d4f2c5a3442f48d6466a2,False,False,False,False,False,,True,635,1.0906358628306443
stagea__drawer-open__possession-on-table__locus-drawer-side__support-demonstration-near__layout-a,v34_open_completion,cabinet,action_intrinsic_pregrasp_phase_continuation_v2,13,501,18,033327dbdb43b4bfddc6ed286bf6f8e8a6112ffe991905c700c75ec0676b386c,False,False,False,False,False,,True,635,1.247758277578196
stagea__drawer-open__possession-on-table__locus-drawer-side__support-demonstration-near__layout-a,v34_open_completion,cabinet,action_intrinsic_pregrasp_phase_continuation_v2,14,638,18,a8d81987e6f0f385619548c3982d9078c5c54a76d95ade16b8a982ad08234932,False,False,False,False,False,,True,635,1.2773997172561486
stagea__drawer-open__possession-on-table__locus-drawer-side__support-demonstration-near__layout-a,v34_open_completion,cabinet,action_intrinsic_pregrasp_phase_continuation_v2,15,674,18,9b9937400a6e113f3901f66bf04dbac00fcbef6b9d999843ef0c651c1d76ce93,False,False,False,False,False,,True,635,1.2145466746509639
stagea__drawer-open__possession-on-table__locus-drawer-side__support-demonstration-near__layout-a,v34_open_completion,cabinet,action_intrinsic_pregrasp_phase_continuation_v2,16,493,18,6cd7e138d3e7108f26e5396426d285829d7a3044a5068557110ad529c60f88fb,False,False,False,False,False,,True,636,1.1384746055068673
stagea__drawer-open__possession-on-table__locus-drawer-side__support-demonstration-near__layout-a,v34_open_completion,cabinet,action_intrinsic_pregrasp_phase_continuation_v2,17,636,18,0a4fa289713d5467f4f401adaef6d834685933041fe590343f19ee059e605170,False,False,False,False,False,,True,636,1.1033081924478485
stagea__drawer-open__possession-on-table__locus-drawer-side__support-demonstration-near__layout-a,v34_open_completion,cabinet,action_intrinsic_pregrasp_phase_continuation_v2,18,699,18,9504ca4f990d01cd111eed0f44cf9f286704e69d2bef21680ad53de5b6c6e501,False,False,False,False,False,,True,636,1.3009587342863642
stagea__drawer-open__possession-on-table__locus-drawer-side__support-demonstration-near__layout-a,v34_open_completion,cabinet,action_intrinsic_pregrasp_phase_continuation_v2,19,456,18,fe869cc76141d5cbf6d64ee2c3c80a872e3f32bfcb5763bfe38221d3c6f8774f,False,False,False,False,False,,True,637,1.2516806750280765
stagea__drawer-open__possession-on-table__locus-drawer-side__support-demonstration-near__layout-a,v34_open_completion,cabinet,action_intrinsic_pregrasp_phase_continuation_v2,20,570,18,c2d4c5bdce9483b0609598e4bd984122284c5eef5a4d26eac9681c616139a807,False,False,False,False,False,,True,637,1.1229071822625842
stagea__drawer-open__possession-on-table__locus-drawer-side__support-demonstration-near__layout-a,v34_open_completion,cabinet,action_intrinsic_pregrasp_phase_continuation_v2,21,662,18,9b8d4f7149a62a256faa3e7ea0e5c2f3125d95bea41d4c479b86904e2d505dcf,False,False,False,False,False,,True,637,1.0724596599437766
stagea__drawer-open__possession-on-table__locus-drawer-side__support-demonstration-near__layout-a,v34_open_completion,cabinet,action_intrinsic_pregrasp_phase_continuation_v2,22,732,18,c3b4ba9df80cca1c1bc20693376c230d3bc01ba9f981bb21aff3d94f5df62a66,False,False,False,False,False,,True,637,1.1131784292447102
stagea__drawer-open__possession-on-table__locus-drawer-side__support-demonstration-near__layout-a,v34_open_completion,cabinet,action_intrinsic_pregrasp_phase_continuation_v2,23,505,18,69ffa114adff6ac44594f47b51bd23b379470a0da01eb7ed63f3d8a0d4c8775a,False,False,False,False,False,,True,638,1.1047436302067197
stagea__drawer-open__possession-on-table__locus-drawer-side__support-demonstration-near__layout-a,v34_open_completion,cabinet,action_intrinsic_pregrasp_phase_continuation_v2,24,630,18,d47820b50d009ef5f221017fa25bcb7f75e7cde874bf13cd4a5f40b7d49fe74f,False,False,False,False,False,,True,638,1.0505625542082084
stagea__drawer-open__possession-on-table__locus-drawer-side__support-demonstration-near__layout-a,v34_open_completion,cabinet,action_intrinsic_pregrasp_phase_continuation_v2,25,743,18,1df868b0e126de6c747a3392f2ae0135f2089140e79694115da746d261455e76,False,False,False,False,False,,True,638,1.0104250303733233
stagea__drawer-open__possession-on-table__locus-drawer-side__support-demonstration-near__layout-a,v34_open_completion,cabinet,action_intrinsic_pregrasp_phase_continuation_v2,26,398,18,dddc06067bf84b0019a1cf050048e588df918f7768911fa406ce110da9ad4689,False,False,False,False,False,,True,639,1.1133886850695127
stagea__drawer-open__possession-on-table__locus-drawer-side__support-demonstration-near__layout-a,v34_open_completion,cabinet,action_intrinsic_pregrasp_phase_continuation_v2,27,446,18,171014841f360ccb7f224b68357849b87ebcfb38ea27c23f8309cdfd830c7760,False,False,False,False,False,,True,639,1.1821388073393955
stagea__drawer-open__possession-on-table__locus-drawer-side__support-demonstration-near__layout-a,v34_open_completion,cabinet,action_intrinsic_pregrasp_phase_continuation_v2,28,724,18,8bbb07bf3048a11cd3879887766413ad6a041eb78ef54667a0528d0ab13f7c0c,False,False,False,False,False,,True,640,1.120382452500439
stagea__drawer-open__possession-on-table__locus-drawer-side__support-demonstration-near__layout-a,v34_open_completion,cabinet,action_intrinsic_pregrasp_phase_continuation_v2,29,521,18,f404e35757cca7351a7956c0091493689bcae213ebc3f600ad9ca7ec35cc19d8,False,False,False,False,False,,True,641,1.1068553109256312
stagea__drawer-open__possession-on-table__locus-drawer-side__support-demonstration-near__layout-a,v34_open_completion,cabinet,action_intrinsic_pregrasp_phase_continuation_v2,30,791,18,ab8bc2c0ead1910b94bd3b22c327af072be2575c2b190a011406f4f7286f5de9,False,False,False,False,False,,True,641,1.2203641576094255
stagea__drawer-open__possession-on-table__locus-drawer-side__support-demonstration-near__layout-a,v34_open_completion,cabinet,action_intrinsic_pregrasp_phase_continuation_v2,31,474,18,5d93ae0bbe8618d7ad32e89a85261166b35dec3bcaa972751dddbaae8f07150c,True,True,True,False,False,85.0,True,625,1.2112324240798071
stagea__drawer-open__possession-on-table__locus-drawer-side__support-demonstration-near__layout-a,v34_open_completion,cabinet,action_intrinsic_pregrasp_phase_continuation_v2,32,514,18,f0570adf2e2cdf55ef01180c8cf15f14c96b33219a8bdcfb110accc19eb31f44,False,False,False,False,False,,True,642,1.282742547144363
stagea__drawer-open__possession-on-table__locus-drawer-side__support-demonstration-near__layout-a,v34_open_completion,cabinet,action_intrinsic_pregrasp_phase_continuation_v2,33,793,18,321fba85a693c5b82c8fc5d19d784724998b7ca98e765b826b728c3015762066,False,False,False,False,False,,True,642,1.0919192577235721
stagea__drawer-open__possession-on-table__locus-drawer-side__support-demonstration-near__layout-a,v34_open_completion,cabinet,action_intrinsic_pregrasp_phase_continuation_v2,34,608,18,51b3f339ae2711ec2dee1dcd740cd2c0f3834f5ec75aa5be171a8aabfa384705,False,False,False,False,False,,True,643,1.109108798028363
stagea__drawer-open__possession-on-table__locus-drawer-side__support-demonstration-near__layout-a,v34_open_completion,cabinet,action_intrinsic_pregrasp_phase_continuation_v2,35,696,18,27ac40ae5b0142c7d2dd195b068a73088bc3ab3ec1564e44ffca7f7e715939b7,False,False,False,False,False,,True,643,1.1300976412619703
stagea__drawer-open__possession-on-table__locus-drawer-side__support-demonstration-near__layout-a,v34_open_completion,cabinet,action_intrinsic_pregrasp_phase_continuation_v2,36,661,18,79a603a018e5f911a590ae269ad2060c3e7efd307ce515d5e88df99491a895e8,False,False,False,False,False,,True,644,1.1918154133452594
stagea__drawer-open__possession-on-table__locus-drawer-side__support-demonstration-near__layout-a,v34_open_completion,cabinet,action_intrinsic_pregrasp_phase_continuation_v2,37,745,18,aa1a3bff114b4b0887abbac25cd7b26200e2b2d232d51d48484012ca3ac3efce,False,False,False,False,False,,True,644,1.1885234998986456
stagea__drawer-open__possession-on-table__locus-drawer-side__support-demonstration-near__layout-a,v34_open_completion,cabinet,action_intrinsic_pregrasp_phase_continuation_v2,38,767,18,bbf383faef21636081e61ca9fa795f26d897115b2e20fe6c0265b2d8e57172af,False,False,False,False,False,,True,644,1.1278456852336198
stagea__drawer-open__possession-on-table__locus-drawer-side__support-demonstration-near__layout-a,v34_open_completion,cabinet,action_intrinsic_pregrasp_phase_continuation_v2,39,702,18,3fb5394b81ace7223fa4dc390332e7caab954344c8941276b13b63b0de1c2138,False,False,False,False,False,,True,645,1.1408559641733909
stagea__drawer-open__possession-on-table__locus-drawer-side__support-demonstration-near__layout-a,v34_open_completion,cabinet,action_intrinsic_pregrasp_phase_continuation_v2,40,794,18,dcf5210e4570b197e56bdf6a478e82d539aed8c6cdfe5c988d35706a308b1cca,False,False,False,False,False,,True,647,1.1463131530735207
stagea__drawer-open__possession-on-table__locus-drawer-side__support-demonstration-near__layout-a,v34_open_completion,cabinet,action_intrinsic_pregrasp_phase_continuation_v2,41,689,18,aa0ba50ca5b7f2632e0e1a5e2bb54df31c7b6cda867839b03bdd0567c6411689,False,False,False,False,False,,True,648,1.1768435288702195
stagea__drawer-open__possession-on-table__locus-drawer-side__support-demonstration-near__layout-a,v34_open_completion,cabinet,action_intrinsic_pregrasp_phase_continuation_v2,42,402,18,8d680111f934c94908dcb0f1528eef18063eb08cd7ed0c0a56e84debd7464d8c,False,False,False,False,False,,True,649,1.221271383441426
stagea__drawer-open__possession-on-table__locus-drawer-side__support-demonstration-near__layout-a,v34_open_completion,cabinet,action_intrinsic_pregrasp_phase_continuation_v2,43,731,18,5be6d721a6fca1ef425074e8042fb05a80633e90f73f84091fca7a570ba71c84,False,False,False,False,False,,True,651,1.1820038028390185
stagea__drawer-open__possession-on-table__locus-drawer-side__support-demonstration-near__layout-a,v34_open_completion,cabinet,action_intrinsic_pregrasp_phase_continuation_v2,44,601,18,356b2a75f9d362a1cfb0d6e3fdb65c08269c619643db134c6cedc24fe14feff4,False,False,False,False,False,,True,659,1.212712333476166
stagea__drawer-open__possession-on-table__locus-drawer-side__support-demonstration-near__layout-a,v34_open_completion,cabinet,action_intrinsic_pregrasp_phase_continuation_v2,45,706,18,239ae28404bef990e918f40b44f2aa59e45059ea0befe4a202d06f573aa4c5fd,False,False,False,False,False,,True,662,1.1986554949695751
stagea__drawer-open__possession-on-table__locus-drawer-side__support-demonstration-near__layout-a,v34_open_completion,drawer,action_intrinsic_pregrasp_phase_continuation_v2,0,576,12,c4dc33e0754f25efdaa87c75195a9e18ba603fd17aa500a5ab8751927234e465,False,False,False,False,False,,False,540,0.6579832941706611
stagea__drawer-open__possession-on-table__locus-drawer-side__support-demonstration-near__layout-a,v34_open_completion,drawer,action_intrinsic_pregrasp_phase_continuation_v2,1,694,12,e4d0e6805b6a960d0454858721550b66c578ada98014d5f852301b7bccee4c6e,True,True,True,False,False,162.0,True,646,1.5605541619707606
stagea__drawer-open__possession-on-table__locus-drawer-side__support-demonstration-near__layout-a,v34_open_completion,drawer,action_intrinsic_pregrasp_phase_continuation_v2,2,614,12,e61d01ded7ab086478e718b79d5a82f3b03ba2f66dca79962533600239750733,False,False,False,False,False,,False,540,0.6812011910800213
stagea__drawer-open__possession-on-table__locus-drawer-side__support-demonstration-near__layout-a,v34_open_completion,drawer,action_intrinsic_pregrasp_phase_continuation_v2,3,382,12,f26c8e95841a34fdf898d203d26239d6a90e1c07c81f581944655edeb4f60915,False,False,False,False,False,,True,670,1.3916560361342314
stagea__drawer-open__possession-on-table__locus-drawer-side__support-demonstration-near__layout-a,v34_open_completion,drawer,action_intrinsic_pregrasp_phase_continuation_v2,4,526,12,8ebeecff1ddaa357856da5ef867f3055f43a1fe01692dd469542c151b39ea3fc,False,False,False,False,False,,True,664,1.6734970239255367
stagea__drawer-open__possession-on-table__locus-drawer-side__support-demonstration-near__layout-a,v34_open_completion,drawer,action_intrinsic_pregrasp_phase_continuation_v2,5,594,12,d5c8812af2a306355bb71a52c35164f93ef95ab0ec2a57638db05edb030de728,False,False,False,False,False,,True,663,1.765469277911943
stagea__drawer-open__possession-on-table__locus-drawer-side__support-demonstration-near__layout-a,v34_open_completion,drawer,action_intrinsic_pregrasp_phase_continuation_v2,6,559,12,6338c79a0fb6aadb247d383c82552982be98a0fe67a07210aa6cdbb957870a0e,False,False,False,False,False,,False,540,0.6848651261130634
stagea__drawer-open__possession-on-table__locus-drawer-side__support-demonstration-near__layout-a,v34_open_completion,drawer,action_intrinsic_pregrasp_phase_continuation_v2,7,624,12,adb56e3ec63a390538504dce7dbcfce5bc5f780cf2a323a68559c4952810dca4,False,False,False,False,False,,False,540,0.6773998494128814
stagea__drawer-open__possession-on-table__locus-drawer-side__support-demonstration-near__layout-a,v34_open_completion,drawer,action_intrinsic_pregrasp_phase_continuation_v2,8,560,12,257886fa56c8ca594b7a52c9ba5c2ece42a4910673fe22140ee0be23dedc7fed,True,False,True,False,False,172.0,True,659,1.6571870051140247
stagea__drawer-open__possession-on-table__locus-drawer-side__support-demonstration-near__layout-a,v34_open_completion,drawer,action_intrinsic_pregrasp_phase_continuation_v2,9,627,12,54c3e36183cf5ef2a823d528e9503368965fc007ae422f9ac129decd6be47724,False,False,False,False,False,,True,650,1.2871211459891698
stagea__drawer-open__possession-on-table__locus-drawer-side__support-demonstration-near__layout-a,v34_open_completion,drawer,action_intrinsic_pregrasp_phase_continuation_v2,10,684,12,4b41c4e5e61e059c2e83642794a66dcb58b90e9370db1b39755f83c021da75d2,False,False,False,False,False,,True,668,1.6898402737869027
stagea__drawer-open__possession-on-table__locus-drawer-side__support-demonstration-near__layout-a,v34_open_completion,drawer,action_intrinsic_pregrasp_phase_continuation_v2,11,409,12,e8aa2651d0fba6006bbd1ce8844606d4c1e24568d5b42dae3098ea158f05f04f,False,False,False,False,False,,True,665,1.5149569073213076
stagea__drawer-open__possession-on-table__locus-drawer-side__support-demonstration-near__layout-a,v34_open_completion,drawer,action_intrinsic_pregrasp_phase_continuation_v2,12,548,12,8039f55efc1d3b2afff01d9544afe9a27c13a9fde71ed489cc1888b03d05d72d,False,False,False,False,False,,False,540,0.7696695757972776
stagea__drawer-open__possession-on-table__locus-drawer-side__support-demonstration-near__layout-a,v34_open_completion,drawer,action_intrinsic_pregrasp_phase_continuation_v2,13,742,12,db2e8c6a4ceb523133f51e21d0d31a8320ab88d1c0c7c0b124435499ea21a230,False,False,False,False,False,,False,540,0.6726573166054652
stagea__drawer-open__possession-on-table__locus-drawer-side__support-demonstration-near__layout-a,v34_open_completion,drawer,action_intrinsic_pregrasp_phase_continuation_v2,14,790,12,92034ebae21e287f92cdafcaaf1c4cc9ca7d732c105e28653f41c814086a107c,False,False,False,False,False,,False,540,0.7503722220254196
stagea__drawer-open__possession-on-table__locus-drawer-side__support-demonstration-near__layout-a,v34_open_completion,drawer,action_intrinsic_pregrasp_phase_continuation_v2,15,534,12,47ec06d84d5536c7bc2c903e0f4bc40c38674a2cc7e48d22e791a529d149c23f,False,False,False,False,False,,False,540,0.7365031557553234
stagea__drawer-open__possession-on-table__locus-drawer-side__support-demonstration-near__layout-a,v34_open_completion,drawer,action_intrinsic_pregrasp_phase_continuation_v2,16,498,12,f6ffd6f59a512dc3d6da39d1c991a246f1f6c4fda28c9c6951d1ead81b79d73e,False,False,False,False,False,,True,660,1.6085139815016987
stagea__drawer-open__possession-on-table__locus-drawer-side__support-demonstration-near__layout-a,v34_open_completion,drawer,action_intrinsic_pregrasp_phase_continuation_v2,17,737,12,24d53009f0c5a3917d02b3366eb875314813a60de3081d1bf69f19e04fcfd2ec,True,False,True,False,False,181.0,True,654,1.653739002581717
stagea__drawer-open__possession-on-table__locus-drawer-side__support-demonstration-near__layout-a,v34_open_completion,drawer,action_intrinsic_pregrasp_phase_continuation_v2,18,489,12,548f110a2e4050299ae8b3a610c9806b51995a65b74f8a79b83dece3b9636a3f,True,False,True,False,False,183.0,True,654,1.6975309924560462
stagea__drawer-open__possession-on-table__locus-drawer-side__support-demonstration-near__layout-a,v34_open_completion,drawer,action_intrinsic_pregrasp_phase_continuation_v2,19,784,12,d61fad8212342e13bc37c975339f3effa6841a3166deace8fa063482deeb95c4,False,False,False,False,False,,False,540,0.6874960843642917
stagea__drawer-open__possession-on-table__locus-drawer-side__support-demonstration-near__layout-a,v34_open_completion,drawer,action_intrinsic_pregrasp_phase_continuation_v2,20,701,12,4b63123279f4f228439254b39a178ae1dc4773dc6dc6d53eb6d453f24e40eda3,False,False,False,False,False,,True,665,1.4998182102621074
stagea__drawer-open__possession-on-table__locus-drawer-side__support-demonstration-near__layout-a,v34_open_completion,drawer,action_intrinsic_pregrasp_phase_continuation_v2,21,416,12,41b4ab3c6eab78d6c7d147d6b7319f520c6dafa8eee44a2166e002b28cb2fdfd,False,False,False,False,False,,True,664,1.64964651314627
stagea__drawer-open__possession-on-table__locus-drawer-side__support-demonstration-near__layout-a,v34_open_completion,drawer,action_intrinsic_pregrasp_phase_continuation_v2,22,462,12,40dafe57a26443dcd16aaaca097715e50661a8f0bc112c64947bc2ee28c75703,True,False,True,False,False,189.0,True,672,1.733015076861025
stagea__drawer-open__possession-on-table__locus-drawer-side__support-demonstration-near__layout-a,v34_open_completion,drawer,action_intrinsic_pregrasp_phase_continuation_v2,23,494,12,93f39f1498437ddba0efc6eb059cd2b642ab544fab2f3336525878a4763097d4,False,False,False,False,False,,True,664,1.320100857191487
stagea__drawer-open__possession-on-table__locus-drawer-side__support-demonstration-near__layout-a,v34_open_completion,drawer,action_intrinsic_pregrasp_phase_continuation_v2,24,414,12,9ec592154057d5c791bd6ea65380646ea92cd0d23d38116bae61bcd4d9af6daa,True,False,True,False,False,189.0,True,658,1.709213017437746
stagea__drawer-open__possession-on-table__locus-drawer-side__support-demonstration-near__layout-a,v34_open_completion,drawer,action_intrinsic_pregrasp_phase_continuation_v2,25,523,12,eff93d2d3123718e86e9f1b41fb58d6a377fbec3687a6300f32204f553b41906,True,False,True,False,False,193.0,True,666,1.661429918241394
stagea__drawer-open__possession-on-table__locus-drawer-side__support-demonstration-near__layout-a,v34_open_completion,drawer,action_intrinsic_pregrasp_phase_continuation_v2,26,762,12,5a6ad00de32247a9c04c1b1ae331ac99f700b26de0552cc1171848d4a8682ec3,False,False,False,False,False,,True,662,1.3531378048895166
stagea__drawer-open__possession-on-table__locus-drawer-side__support-demonstration-near__layout-a,v34_open_completion,drawer,action_intrinsic_pregrasp_phase_continuation_v2,27,758,12,908f23fecbfd35ae5c9dcbedd3858d03ec11dd138bb2dab0f43ee0d4574695b4,False,False,False,False,False,,False,540,0.7277411838190779
stagea__drawer-open__possession-on-table__locus-drawer-side__support-demonstration-near__layout-a,v34_open_completion,drawer,action_intrinsic_pregrasp_phase_continuation_v2,28,782,12,de7cef4f6a636948f4190f834219967d71ea3e72fe0b4f836e50e047f5d757f3,False,False,False,False,False,,True,676,1.282774551433108
stagea__drawer-open__possession-on-table__locus-drawer-side__support-demonstration-near__layout-a,v34_open_completion,drawer,action_intrinsic_pregrasp_phase_continuation_v2,29,383,12,f598f486a32782cc98bfad505745987af2a8f37f2e9c4aa94b4ec2f8b9fa8ae4,False,False,False,False,False,,True,677,1.3967326665511786
stagea__drawer-open__possession-on-table__locus-drawer-side__support-demonstration-near__layout-a,v34_open_completion,drawer,action_intrinsic_pregrasp_phase_continuation_v2,30,738,12,8eabf11d95595bb7c52a4944a62cc03da44e1f462b7ad8a09519f9c8d10286aa,True,False,True,False,False,206.0,True,685,1.9015903648185242
stagea__drawer-open__possession-on-table__locus-drawer-side__support-demonstration-near__layout-a,v34_open_completion,drawer,action_intrinsic_pregrasp_phase_continuation_v2,31,538,12,08ad1772331225b10cf37ff13b272f62c36cb63525e1e766a49b9b0fcb1a42c6,True,False,True,False,False,210.0,True,685,1.90767276934215
stagea__drawer-open__possession-on-table__locus-drawer-side__support-demonstration-near__layout-a,v34_open_completion,drawer,action_intrinsic_pregrasp_phase_continuation_v2,32,465,12,e0429b5fe21a733c15e4703fae6c590da9aaff3e0b059bfd634952b78272b52f,False,False,False,False,False,,True,677,1.424595436071666
stagea__drawer-open__possession-on-table__locus-drawer-side__support-demonstration-near__layout-a,v34_open_completion,drawer,action_intrinsic_pregrasp_phase_continuation_v2,33,449,12,f20bb3de976403a90113d79607775b68c63181b9aaba242dc0f356def02dad3e,False,False,False,False,False,,True,716,2.2413787189446994
stagea__drawer-open__possession-on-table__locus-drawer-side__support-demonstration-near__layout-a,v34_open_completion,drawer,action_intrinsic_pregrasp_phase_continuation_v2,34,711,12,5fbc8383f1842247c97b8be8ec4cb5a910eaea56fe8ac6bc4025f658f74279c2,True,False,True,False,False,240.0,True,689,1.449574826255611
stagea__drawer-open__possession-on-table__locus-drawer-side__support-demonstration-near__layout-a,v34_open_completion,drawer,action_intrinsic_pregrasp_phase_continuation_v2,35,387,12,a6b95196dd651f801df5eb0aaac15cabaa4501ebba68b07e61bc42d336c598b2,False,False,False,False,False,,True,733,1.4782186825099901
stagea__drawer-open__possession-on-table__locus-drawer-side__support-demonstration-near__layout-b,v35_open_completion,cabinet,action_intrinsic_pregrasp_bowl_registered_v1,0,438,18,fc624695eb2d39b20e511c8ac6df4923b6bff3cff56ff389622f45310e9278c2,False,False,False,False,False,,True,625,1.215568434160095
stagea__drawer-open__possession-on-table__locus-drawer-side__support-demonstration-near__layout-b,v35_open_completion,cabinet,action_intrinsic_pregrasp_bowl_registered_v1,1,712,18,9af535ed5943f0efe94c6e6136614fdd45017940a69a8267687e68416905a9d8,False,False,False,False,False,,True,626,1.2423916822236478
stagea__drawer-open__possession-on-table__locus-drawer-side__support-demonstration-near__layout-b,v35_open_completion,cabinet,action_intrinsic_pregrasp_bowl_registered_v1,2,669,18,bb63603def241e17b02c89c5513d1ef93cf75f47c260b5b139f120acf22c26f8,False,False,False,False,False,,True,627,1.1751568173850304
stagea__drawer-open__possession-on-table__locus-drawer-side__support-demonstration-near__layout-b,v35_open_completion,cabinet,action_intrinsic_pregrasp_bowl_registered_v1,3,590,18,0348abe806a47069551301e2e86e25fcca5b8db8fd3f5b128630180e19057a9c,False,False,False,False,False,,True,629,1.245701115550244
stagea__drawer-open__possession-on-table__locus-drawer-side__support-demonstration-near__layout-b,v35_open_completion,cabinet,action_intrinsic_pregrasp_bowl_registered_v1,4,597,18,3bd590038acfecf91321ca683267c834fb8ebbd4f559e5fd8f89bf1dda561e9f,False,False,False,False,False,,True,629,1.2216817287638646
stagea__drawer-open__possession-on-table__locus-drawer-side__support-demonstration-near__layout-b,v35_open_completion,cabinet,action_intrinsic_pregrasp_bowl_registered_v1,5,660,18,082d8ee4933e7774b752cd6fbf2ea76a20ff927bf4afa8bd09b7ddc47aefba34,False,False,False,False,False,,True,629,1.0639942708769947
stagea__drawer-open__possession-on-table__locus-drawer-side__support-demonstration-near__layout-b,v35_open_completion,cabinet,action_intrinsic_pregrasp_bowl_registered_v1,6,458,18,4d4a24b15ada9177614865d055b4dccd354dd4ce8dac9eb391c68984fc50691e,False,False,False,False,False,,True,630,1.279690011649891
stagea__drawer-open__possession-on-table__locus-drawer-side__support-demonstration-near__layout-b,v35_open_completion,cabinet,action_intrinsic_pregrasp_bowl_registered_v1,7,573,18,2e42787c67b5b157b79e3c3b2980a13563d41b4cbf69a9279c710d30a6292e92,False,False,False,False,False,,True,630,1.261924636582058
stagea__drawer-open__possession-on-table__locus-drawer-side__support-demonstration-near__layout-b,v35_open_completion,cabinet,action_intrinsic_pregrasp_bowl_registered_v1,8,681,18,32bf1db8cfb866d929b97eaf4f6ad55599246fef24edf68fea15ede3b5cf005e,False,False,False,False,False,,True,630,1.210168400405732
stagea__drawer-open__possession-on-table__locus-drawer-side__support-demonstration-near__layout-b,v35_open_completion,cabinet,action_intrinsic_pregrasp_bowl_registered_v1,9,452,18,016fe7cdd6622e9f77775f108f3cb4e4f836ec330ac07003f39fb7e5dbd594d5,False,False,False,False,False,,True,632,1.1230138048253848
stagea__drawer-open__possession-on-table__locus-drawer-side__support-demonstration-near__layout-b,v35_open_completion,cabinet,action_intrinsic_pregrasp_bowl_registered_v1,10,775,18,b7e8758503c46c2273a688c9d98a5cbf14447ba59301bb326ca3a9078d7ea079,False,False,False,False,False,,True,632,1.2829969797222485
stagea__drawer-open__possession-on-table__locus-drawer-side__support-demonstration-near__layout-b,v35_open_completion,cabinet,action_intrinsic_pregrasp_bowl_registered_v1,11,665,18,a4a985f59f32ec185896dca87996aa455a720e318f579d3c58b2a88d391ef2bd,False,False,False,False,False,,True,634,1.1146208459693758
stagea__drawer-open__possession-on-table__locus-drawer-side__support-demonstration-near__layout-b,v35_open_completion,cabinet,action_intrinsic_pregrasp_bowl_registered_v1,12,444,18,4d00108fccbba095038c80424e863deb2221dea2d50d4f2c5a3442f48d6466a2,False,False,False,False,False,,True,635,1.2709510548747665
stagea__drawer-open__possession-on-table__locus-drawer-side__support-demonstration-near__layout-b,v35_open_completion,cabinet,action_intrinsic_pregrasp_bowl_registered_v1,13,501,18,033327dbdb43b4bfddc6ed286bf6f8e8a6112ffe991905c700c75ec0676b386c,False,False,False,False,False,,True,635,1.1967729741033353
stagea__drawer-open__possession-on-table__locus-drawer-side__support-demonstration-near__layout-b,v35_open_completion,cabinet,action_intrinsic_pregrasp_bowl_registered_v1,14,638,18,a8d81987e6f0f385619548c3982d9078c5c54a76d95ade16b8a982ad08234932,False,False,False,False,False,,True,635,1.302280406859365
stagea__drawer-open__possession-on-table__locus-drawer-side__support-demonstration-near__layout-b,v35_open_completion,cabinet,action_intrinsic_pregrasp_bowl_registered_v1,15,674,18,9b9937400a6e113f3901f66bf04dbac00fcbef6b9d999843ef0c651c1d76ce93,True,False,True,False,False,81.0,True,621,1.2105798193598971
stagea__drawer-open__possession-on-table__locus-drawer-side__support-demonstration-near__layout-b,v35_open_completion,cabinet,action_intrinsic_pregrasp_bowl_registered_v1,16,493,18,6cd7e138d3e7108f26e5396426d285829d7a3044a5068557110ad529c60f88fb,False,False,False,False,False,,True,636,1.2641897056165827
stagea__drawer-open__possession-on-table__locus-drawer-side__support-demonstration-near__layout-b,v35_open_completion,cabinet,action_intrinsic_pregrasp_bowl_registered_v1,17,636,18,0a4fa289713d5467f4f401adaef6d834685933041fe590343f19ee059e605170,False,False,False,False,False,,True,636,1.1994559275357528
stagea__drawer-open__possession-on-table__locus-drawer-side__support-demonstration-near__layout-b,v35_open_completion,cabinet,action_intrinsic_pregrasp_bowl_registered_v1,18,699,18,9504ca4f990d01cd111eed0f44cf9f286704e69d2bef21680ad53de5b6c6e501,True,False,True,False,False,80.0,True,620,1.2823204374590214
stagea__drawer-open__possession-on-table__locus-drawer-side__support-demonstration-near__layout-b,v35_open_completion,cabinet,action_intrinsic_pregrasp_bowl_registered_v1,19,456,18,fe869cc76141d5cbf6d64ee2c3c80a872e3f32bfcb5763bfe38221d3c6f8774f,False,False,False,False,False,,True,637,1.316041527835941
stagea__drawer-open__possession-on-table__locus-drawer-side__support-demonstration-near__layout-b,v35_open_completion,cabinet,action_intrinsic_pregrasp_bowl_registered_v1,20,570,18,c2d4c5bdce9483b0609598e4bd984122284c5eef5a4d26eac9681c616139a807,False,False,False,False,False,,True,637,1.3038865374692532
stagea__drawer-open__possession-on-table__locus-drawer-side__support-demonstration-near__layout-b,v35_open_completion,cabinet,action_intrinsic_pregrasp_bowl_registered_v1,21,662,18,9b8d4f7149a62a256faa3e7ea0e5c2f3125d95bea41d4c479b86904e2d505dcf,False,False,False,False,False,,True,637,1.2432358964216024
stagea__drawer-open__possession-on-table__locus-drawer-side__support-demonstration-near__layout-b,v35_open_completion,cabinet,action_intrinsic_pregrasp_bowl_registered_v1,22,732,18,c3b4ba9df80cca1c1bc20693376c230d3bc01ba9f981bb21aff3d94f5df62a66,False,False,False,False,False,,True,637,1.2024456673217758
stagea__drawer-open__possession-on-table__locus-drawer-side__support-demonstration-near__layout-b,v35_open_completion,cabinet,action_intrinsic_pregrasp_bowl_registered_v1,23,505,18,69ffa114adff6ac44594f47b51bd23b379470a0da01eb7ed63f3d8a0d4c8775a,False,False,False,False,False,,True,638,1.2694140790958768
stagea__drawer-open__possession-on-table__locus-drawer-side__support-demonstration-near__layout-b,v35_open_completion,cabinet,action_intrinsic_pregrasp_bowl_registered_v1,24,630,18,d47820b50d009ef5f221017fa25bcb7f75e7cde874bf13cd4a5f40b7d49fe74f,False,False,False,False,False,,True,638,1.1041621662169354
stagea__drawer-open__possession-on-table__locus-drawer-side__support-demonstration-near__layout-b,v35_open_completion,cabinet,action_intrinsic_pregrasp_bowl_registered_v1,25,743,18,1df868b0e126de6c747a3392f2ae0135f2089140e79694115da746d261455e76,True,True,True,False,False,80.0,True,620,1.118910022598817
stagea__drawer-open__possession-on-table__locus-drawer-side__support-demonstration-near__layout-b,v35_open_completion,cabinet,action_intrinsic_pregrasp_bowl_registered_v1,26,398,18,dddc06067bf84b0019a1cf050048e588df918f7768911fa406ce110da9ad4689,False,False,False,False,False,,True,639,1.1501348614089362
stagea__drawer-open__possession-on-table__locus-drawer-side__support-demonstration-near__layout-b,v35_open_completion,cabinet,action_intrinsic_pregrasp_bowl_registered_v1,27,446,18,171014841f360ccb7f224b68357849b87ebcfb38ea27c23f8309cdfd830c7760,False,False,False,False,False,,True,639,1.2933558790489392
stagea__drawer-open__possession-on-table__locus-drawer-side__support-demonstration-near__layout-b,v35_open_completion,cabinet,action_intrinsic_pregrasp_bowl_registered_v1,28,724,18,8bbb07bf3048a11cd3879887766413ad6a041eb78ef54667a0528d0ab13f7c0c,False,False,False,False,False,,True,640,1.1589869612918038
stagea__drawer-open__possession-on-table__locus-drawer-side__support-demonstration-near__layout-b,v35_open_completion,cabinet,action_intrinsic_pregrasp_bowl_registered_v1,29,521,18,f404e35757cca7351a7956c0091493689bcae213ebc3f600ad9ca7ec35cc19d8,False,False,False,False,False,,True,641,1.1696583665019333
stagea__drawer-open__possession-on-table__locus-drawer-side__support-demonstration-near__layout-b,v35_open_completion,cabinet,action_intrinsic_pregrasp_bowl_registered_v1,30,791,18,ab8bc2c0ead1910b94bd3b22c327af072be2575c2b190a011406f4f7286f5de9,False,False,False,False,False,,True,641,1.2697384326208059
stagea__drawer-open__possession-on-table__locus-drawer-side__support-demonstration-near__layout-b,v35_open_completion,cabinet,action_intrinsic_pregrasp_bowl_registered_v1,31,474,18,5d93ae0bbe8618d7ad32e89a85261166b35dec3bcaa972751dddbaae8f07150c,True,False,True,False,False,80.0,True,620,1.1979420681370672
stagea__drawer-open__possession-on-table__locus-drawer-side__support-demonstration-near__layout-b,v35_open_completion,cabinet,action_intrinsic_pregrasp_bowl_registered_v1,32,514,18,f0570adf2e2cdf55ef01180c8cf15f14c96b33219a8bdcfb110accc19eb31f44,True,False,True,False,False,89.0,True,629,1.3286116609086787
stagea__drawer-open__possession-on-table__locus-drawer-side__support-demonstration-near__layout-b,v35_open_completion,cabinet,action_intrinsic_pregrasp_bowl_registered_v1,33,793,18,321fba85a693c5b82c8fc5d19d784724998b7ca98e765b826b728c3015762066,False,False,False,False,False,,True,642,1.2796813686268445
stagea__drawer-open__possession-on-table__locus-drawer-side__support-demonstration-near__layout-b,v35_open_completion,cabinet,action_intrinsic_pregrasp_bowl_registered_v1,34,608,18,51b3f339ae2711ec2dee1dcd740cd2c0f3834f5ec75aa5be171a8aabfa384705,False,False,False,False,False,,True,643,1.1485912116007206
stagea__drawer-open__possession-on-table__locus-drawer-side__support-demonstration-near__layout-b,v35_open_completion,cabinet,action_intrinsic_pregrasp_bowl_registered_v1,35,696,18,27ac40ae5b0142c7d2dd195b068a73088bc3ab3ec1564e44ffca7f7e715939b7,False,False,False,False,False,,True,643,1.2593107361127065
stagea__drawer-open__possession-on-table__locus-drawer-side__support-demonstration-near__layout-b,v35_open_completion,cabinet,action_intrinsic_pregrasp_bowl_registered_v1,36,661,18,79a603a018e5f911a590ae269ad2060c3e7efd307ce515d5e88df99491a895e8,False,False,False,False,False,,True,644,1.2271072436145973
stagea__drawer-open__possession-on-table__locus-drawer-side__support-demonstration-near__layout-b,v35_open_completion,cabinet,action_intrinsic_pregrasp_bowl_registered_v1,37,745,18,aa1a3bff114b4b0887abbac25cd7b26200e2b2d232d51d48484012ca3ac3efce,False,False,False,False,False,,True,644,1.2626412493204773
stagea__drawer-open__possession-on-table__locus-drawer-side__support-demonstration-near__layout-b,v35_open_completion,cabinet,action_intrinsic_pregrasp_bowl_registered_v1,38,767,18,bbf383faef21636081e61ca9fa795f26d897115b2e20fe6c0265b2d8e57172af,False,False,False,False,False,,True,644,1.141534118758259
stagea__drawer-open__possession-on-table__locus-drawer-side__support-demonstration-near__layout-b,v35_open_completion,cabinet,action_intrinsic_pregrasp_bowl_registered_v1,39,702,18,3fb5394b81ace7223fa4dc390332e7caab954344c8941276b13b63b0de1c2138,False,False,False,False,False,,True,645,1.1831384037676547
stagea__drawer-open__possession-on-table__locus-drawer-side__support-demonstration-near__layout-b,v35_open_completion,cabinet,action_intrinsic_pregrasp_bowl_registered_v1,40,794,18,dcf5210e4570b197e56bdf6a478e82d539aed8c6cdfe5c988d35706a308b1cca,False,False,False,False,False,,True,647,1.1843432105894551
stagea__drawer-open__possession-on-table__locus-drawer-side__support-demonstration-near__layout-b,v35_open_completion,cabinet,action_intrinsic_pregrasp_bowl_registered_v1,41,689,18,aa0ba50ca5b7f2632e0e1a5e2bb54df31c7b6cda867839b03bdd0567c6411689,False,False,False,False,False,,True,648,1.2146710895241215
stagea__drawer-open__possession-on-table__locus-drawer-side__support-demonstration-near__layout-b,v35_open_completion,cabinet,action_intrinsic_pregrasp_bowl_registered_v1,42,402,18,8d680111f934c94908dcb0f1528eef18063eb08cd7ed0c0a56e84debd7464d8c,False,False,False,False,False,,True,649,1.2835854790080852
stagea__drawer-open__possession-on-table__locus-drawer-side__support-demonstration-near__layout-b,v35_open_completion,cabinet,action_intrinsic_pregrasp_bowl_registered_v1,43,731,18,5be6d721a6fca1ef425074e8042fb05a80633e90f73f84091fca7a570ba71c84,False,False,False,False,False,,True,651,1.3627794221471667
stagea__drawer-open__possession-on-table__locus-drawer-side__support-demonstration-near__layout-b,v35_open_completion,cabinet,action_intrinsic_pregrasp_bowl_registered_v1,44,601,18,356b2a75f9d362a1cfb0d6e3fdb65c08269c619643db134c6cedc24fe14feff4,False,False,False,False,False,,True,659,1.296882669834563
stagea__drawer-open__possession-on-table__locus-drawer-side__support-demonstration-near__layout-b,v35_open_completion,cabinet,action_intrinsic_pregrasp_bowl_registered_v1,45,706,18,239ae28404bef990e918f40b44f2aa59e45059ea0befe4a202d06f573aa4c5fd,False,False,False,False,False,,True,662,1.2493203828364228
stagea__drawer-open__possession-on-table__locus-drawer-side__support-demonstration-near__layout-b,v35_open_completion,drawer,action_intrinsic_pregrasp_phase_continuation_v2,0,576,12,c4dc33e0754f25efdaa87c75195a9e18ba603fd17aa500a5ab8751927234e465,False,False,False,False,False,,False,540,0.6691634304788061
stagea__drawer-open__possession-on-table__locus-drawer-side__support-demonstration-near__layout-b,v35_open_completion,drawer,action_intrinsic_pregrasp_phase_continuation_v2,1,694,12,e4d0e6805b6a960d0454858721550b66c578ada98014d5f852301b7bccee4c6e,True,False,True,False,False,162.0,True,646,1.5774995257739663
stagea__drawer-open__possession-on-table__locus-drawer-side__support-demonstration-near__layout-b,v35_open_completion,drawer,action_intrinsic_pregrasp_phase_continuation_v2,2,614,12,e61d01ded7ab086478e718b79d5a82f3b03ba2f66dca79962533600239750733,False,False,False,False,False,,False,540,0.6761629651669546
stagea__drawer-open__possession-on-table__locus-drawer-side__support-demonstration-near__layout-b,v35_open_completion,drawer,action_intrinsic_pregrasp_phase_continuation_v2,3,382,12,f26c8e95841a34fdf898d203d26239d6a90e1c07c81f581944655edeb4f60915,False,False,False,False,False,,True,670,1.3709502415997323
stagea__drawer-open__possession-on-table__locus-drawer-side__support-demonstration-near__layout-b,v35_open_completion,drawer,action_intrinsic_pregrasp_phase_continuation_v2,4,526,12,8ebeecff1ddaa357856da5ef867f3055f43a1fe01692dd469542c151b39ea3fc,True,False,True,False,False,166.0,True,653,1.6611876449163652
stagea__drawer-open__possession-on-table__locus-drawer-side__support-demonstration-near__layout-b,v35_open_completion,drawer,action_intrinsic_pregrasp_phase_continuation_v2,5,594,12,d5c8812af2a306355bb71a52c35164f93ef95ab0ec2a57638db05edb030de728,False,False,False,False,False,,True,663,1.7395494342326017
stagea__drawer-open__possession-on-table__locus-drawer-side__support-demonstration-near__layout-b,v35_open_completion,drawer,action_intrinsic_pregrasp_phase_continuation_v2,6,559,12,6338c79a0fb6aadb247d383c82552982be98a0fe67a07210aa6cdbb957870a0e,True,False,True,False,False,169.0,True,651,1.5964173525865875
stagea__drawer-open__possession-on-table__locus-drawer-side__support-demonstration-near__layout-b,v35_open_completion,drawer,action_intrinsic_pregrasp_phase_continuation_v2,7,624,12,adb56e3ec63a390538504dce7dbcfce5bc5f780cf2a323a68559c4952810dca4,True,False,True,False,False,177.0,True,659,1.7929689195296608
stagea__drawer-open__possession-on-table__locus-drawer-side__support-demonstration-near__layout-b,v35_open_completion,drawer,action_intrinsic_pregrasp_phase_continuation_v2,8,560,12,257886fa56c8ca594b7a52c9ba5c2ece42a4910673fe22140ee0be23dedc7fed,False,False,False,False,False,,False,540,0.6723764577558337
stagea__drawer-open__possession-on-table__locus-drawer-side__support-demonstration-near__layout-b,v35_open_completion,drawer,action_intrinsic_pregrasp_phase_continuation_v2,9,627,12,54c3e36183cf5ef2a823d528e9503368965fc007ae422f9ac129decd6be47724,True,True,True,False,False,172.0,True,639,1.564166744206112
stagea__drawer-open__possession-on-table__locus-drawer-side__support-demonstration-near__layout-b,v35_open_completion,drawer,action_intrinsic_pregrasp_phase_continuation_v2,10,684,12,4b41c4e5e61e059c2e83642794a66dcb58b90e9370db1b39755f83c021da75d2,False,False,False,False,False,,False,540,0.6951928521173744
stagea__drawer-open__possession-on-table__locus-drawer-side__support-demonstration-near__layout-b,v35_open_completion,drawer,action_intrinsic_pregrasp_phase_continuation_v2,11,409,12,e8aa2651d0fba6006bbd1ce8844606d4c1e24568d5b42dae3098ea158f05f04f,False,False,False,False,False,,False,540,0.6873302652697555
stagea__drawer-open__possession-on-table__locus-drawer-side__support-demonstration-near__layout-b,v35_open_completion,drawer,action_intrinsic_pregrasp_phase_continuation_v2,12,548,12,8039f55efc1d3b2afff01d9544afe9a27c13a9fde71ed489cc1888b03d05d72d,True,False,True,False,False,173.0,True,655,1.6927193584096676
stagea__drawer-open__possession-on-table__locus-drawer-side__support-demonstration-near__layout-b,v35_open_completion,drawer,action_intrinsic_pregrasp_phase_continuation_v2,13,742,12,db2e8c6a4ceb523133f51e21d0d31a8320ab88d1c0c7c0b124435499ea21a230,False,False,False,False,False,,True,667,1.7966472138906084
stagea__drawer-open__possession-on-table__locus-drawer-side__support-demonstration-near__layout-b,v35_open_completion,drawer,action_intrinsic_pregrasp_phase_continuation_v2,14,790,12,92034ebae21e287f92cdafcaaf1c4cc9ca7d732c105e28653f41c814086a107c,True,False,True,False,False,175.0,True,657,1.7466381527263524
stagea__drawer-open__possession-on-table__locus-drawer-side__support-demonstration-near__layout-b,v35_open_completion,drawer,action_intrinsic_pregrasp_phase_continuation_v2,15,534,12,47ec06d84d5536c7bc2c903e0f4bc40c38674a2cc7e48d22e791a529d149c23f,True,False,True,False,False,174.0,True,652,1.6553321046813085
stagea__drawer-open__possession-on-table__locus-drawer-side__support-demonstration-near__layout-b,v35_open_completion,drawer,action_intrinsic_pregrasp_phase_continuation_v2,16,498,12,f6ffd6f59a512dc3d6da39d1c991a246f1f6c4fda28c9c6951d1ead81b79d73e,False,False,False,False,False,,True,660,1.6044440442108459
stagea__drawer-open__possession-on-table__locus-drawer-side__support-demonstration-near__layout-b,v35_open_completion,drawer,action_intrinsic_pregrasp_phase_continuation_v2,17,737,12,24d53009f0c5a3917d02b3366eb875314813a60de3081d1bf69f19e04fcfd2ec,True,False,True,False,False,189.0,True,662,1.6661636209177595
stagea__drawer-open__possession-on-table__locus-drawer-side__support-demonstration-near__layout-b,v35_open_completion,drawer,action_intrinsic_pregrasp_phase_continuation_v2,18,489,12,548f110a2e4050299ae8b3a610c9806b51995a65b74f8a79b83dece3b9636a3f,True,False,True,False,False,179.0,True,650,1.678642471698038
stagea__drawer-open__possession-on-table__locus-drawer-side__support-demonstration-near__layout-b,v35_open_completion,drawer,action_intrinsic_pregrasp_phase_continuation_v2,19,784,12,d61fad8212342e13bc37c975339f3effa6841a3166deace8fa063482deeb95c4,False,False,False,False,False,,False,540,0.677076640621678
stagea__drawer-open__possession-on-table__locus-drawer-side__support-demonstration-near__layout-b,v35_open_completion,drawer,action_intrinsic_pregrasp_phase_continuation_v2,20,701,12,4b63123279f4f228439254b39a178ae1dc4773dc6dc6d53eb6d453f24e40eda3,False,False,False,False,False,,True,665,1.471067595416582
stagea__drawer-open__possession-on-table__locus-drawer-side__support-demonstration-near__layout-b,v35_open_completion,drawer,action_intrinsic_pregrasp_phase_continuation_v2,21,416,12,41b4ab3c6eab78d6c7d147d6b7319f520c6dafa8eee44a2166e002b28cb2fdfd,False,False,False,False,False,,True,664,1.645417973440078
stagea__drawer-open__possession-on-table__locus-drawer-side__support-demonstration-near__layout-b,v35_open_completion,drawer,action_intrinsic_pregrasp_phase_continuation_v2,22,462,12,40dafe57a26443dcd16aaaca097715e50661a8f0bc112c64947bc2ee28c75703,True,False,True,False,False,189.0,True,672,1.7300736205565386
stagea__drawer-open__possession-on-table__locus-drawer-side__support-demonstration-near__layout-b,v35_open_completion,drawer,action_intrinsic_pregrasp_phase_continuation_v2,23,494,12,93f39f1498437ddba0efc6eb059cd2b642ab544fab2f3336525878a4763097d4,False,False,False,False,False,,True,664,1.3079782774219468
stagea__drawer-open__possession-on-table__locus-drawer-side__support-demonstration-near__layout-b,v35_open_completion,drawer,action_intrinsic_pregrasp_phase_continuation_v2,24,414,12,9ec592154057d5c791bd6ea65380646ea92cd0d23d38116bae61bcd4d9af6daa,True,False,True,False,False,188.0,True,657,1.7036783200549577
stagea__drawer-open__possession-on-table__locus-drawer-side__support-demonstration-near__layout-b,v35_open_completion,drawer,action_intrinsic_pregrasp_phase_continuation_v2,25,523,12,eff93d2d3123718e86e9f1b41fb58d6a377fbec3687a6300f32204f553b41906,True,False,True,False,False,193.0,True,666,1.6508568640799515
stagea__drawer-open__possession-on-table__locus-drawer-side__support-demonstration-near__layout-b,v35_open_completion,drawer,action_intrinsic_pregrasp_phase_continuation_v2,26,762,12,5a6ad00de32247a9c04c1b1ae331ac99f700b26de0552cc1171848d4a8682ec3,True,False,True,False,False,190.0,True,651,1.4705767238499
stagea__drawer-open__possession-on-table__locus-drawer-side__support-demonstration-near__layout-b,v35_open_completion,drawer,action_intrinsic_pregrasp_phase_continuation_v2,27,758,12,908f23fecbfd35ae5c9dcbedd3858d03ec11dd138bb2dab0f43ee0d4574695b4,False,False,False,False,False,,True,687,1.8323946602270371
stagea__drawer-open__possession-on-table__locus-drawer-side__support-demonstration-near__layout-b,v35_open_completion,drawer,action_intrinsic_pregrasp_phase_continuation_v2,28,782,12,de7cef4f6a636948f4190f834219967d71ea3e72fe0b4f836e50e047f5d757f3,False,False,False,False,False,,True,676,1.4144813023372154
stagea__drawer-open__possession-on-table__locus-drawer-side__support-demonstration-near__layout-b,v35_open_completion,drawer,action_intrinsic_pregrasp_phase_continuation_v2,29,383,12,f598f486a32782cc98bfad505745987af2a8f37f2e9c4aa94b4ec2f8b9fa8ae4,True,False,True,False,False,206.0,True,666,1.6120879748427903
stagea__drawer-open__possession-on-table__locus-drawer-side__support-demonstration-near__layout-b,v35_open_completion,drawer,action_intrinsic_pregrasp_phase_continuation_v2,30,738,12,8eabf11d95595bb7c52a4944a62cc03da44e1f462b7ad8a09519f9c8d10286aa,True,False,True,False,False,208.0,True,687,1.9085696612908059
stagea__drawer-open__possession-on-table__locus-drawer-side__support-demonstration-near__layout-b,v35_open_completion,drawer,action_intrinsic_pregrasp_phase_continuation_v2,31,538,12,08ad1772331225b10cf37ff13b272f62c36cb63525e1e766a49b9b0fcb1a42c6,False,False,False,False,False,,True,695,1.8535054555653185
stagea__drawer-open__possession-on-table__locus-drawer-side__support-demonstration-near__layout-b,v35_open_completion,drawer,action_intrinsic_pregrasp_phase_continuation_v2,32,465,12,e0429b5fe21a733c15e4703fae6c590da9aaff3e0b059bfd634952b78272b52f,True,False,True,False,False,219.0,True,670,1.410670765434125
stagea__drawer-open__possession-on-table__locus-drawer-side__support-demonstration-near__layout-b,v35_open_completion,drawer,action_intrinsic_pregrasp_phase_continuation_v2,33,449,12,f20bb3de976403a90113d79607775b68c63181b9aaba242dc0f356def02dad3e,False,False,False,False,False,,True,716,2.2168304307083715
stagea__drawer-open__possession-on-table__locus-drawer-side__support-demonstration-near__layout-b,v35_open_completion,drawer,action_intrinsic_pregrasp_phase_continuation_v2,34,711,12,5fbc8383f1842247c97b8be8ec4cb5a910eaea56fe8ac6bc4025f658f74279c2,True,False,True,False,False,240.0,True,689,1.4313058490430994
stagea__drawer-open__possession-on-table__locus-drawer-side__support-demonstration-near__layout-b,v35_open_completion,drawer,action_intrinsic_pregrasp_phase_continuation_v2,35,387,12,a6b95196dd651f801df5eb0aaac15cabaa4501ebba68b07e61bc42d336c598b2,False,False,False,False,False,,True,733,2.0200310769646252
stagea__drawer-open__possession-on-table__locus-drawer-side__support-transverse-low-support__layout-a,v35_open_completion,cabinet,action_intrinsic_pregrasp_bowl_registered_v1,0,438,18,fc624695eb2d39b20e511c8ac6df4923b6bff3cff56ff389622f45310e9278c2,False,False,False,False,False,,True,625,1.152236088983539
stagea__drawer-open__possession-on-table__locus-drawer-side__support-transverse-low-support__layout-a,v35_open_completion,cabinet,action_intrinsic_pregrasp_bowl_registered_v1,1,712,18,9af535ed5943f0efe94c6e6136614fdd45017940a69a8267687e68416905a9d8,False,False,False,False,False,,True,626,1.0244839078783394
stagea__drawer-open__possession-on-table__locus-drawer-side__support-transverse-low-support__layout-a,v35_open_completion,cabinet,action_intrinsic_pregrasp_bowl_registered_v1,2,669,18,bb63603def241e17b02c89c5513d1ef93cf75f47c260b5b139f120acf22c26f8,False,False,False,False,False,,True,627,1.0738096127317873
stagea__drawer-open__possession-on-table__locus-drawer-side__support-transverse-low-support__layout-a,v35_open_completion,cabinet,action_intrinsic_pregrasp_bowl_registered_v1,3,590,18,0348abe806a47069551301e2e86e25fcca5b8db8fd3f5b128630180e19057a9c,False,False,False,False,False,,True,629,1.0934185774465828
stagea__drawer-open__possession-on-table__locus-drawer-side__support-transverse-low-support__layout-a,v35_open_completion,cabinet,action_intrinsic_pregrasp_bowl_registered_v1,4,597,18,3bd590038acfecf91321ca683267c834fb8ebbd4f559e5fd8f89bf1dda561e9f,False,False,False,False,False,,True,629,0.9950223908672361
stagea__drawer-open__possession-on-table__locus-drawer-side__support-transverse-low-support__layout-a,v35_open_completion,cabinet,action_intrinsic_pregrasp_bowl_registered_v1,5,660,18,082d8ee4933e7774b752cd6fbf2ea76a20ff927bf4afa8bd09b7ddc47aefba34,False,False,False,False,False,,True,629,0.985328135140485
stagea__drawer-open__possession-on-table__locus-drawer-side__support-transverse-low-support__layout-a,v35_open_completion,cabinet,action_intrinsic_pregrasp_bowl_registered_v1,6,458,18,4d4a24b15ada9177614865d055b4dccd354dd4ce8dac9eb391c68984fc50691e,False,False,False,False,False,,True,630,1.0510837433063407
stagea__drawer-open__possession-on-table__locus-drawer-side__support-transverse-low-support__layout-a,v35_open_completion,cabinet,action_intrinsic_pregrasp_bowl_registered_v1,7,573,18,2e42787c67b5b157b79e3c3b2980a13563d41b4cbf69a9279c710d30a6292e92,False,False,False,False,False,,True,630,1.0441822575078081
stagea__drawer-open__possession-on-table__locus-drawer-side__support-transverse-low-support__layout-a,v35_open_completion,cabinet,action_intrinsic_pregrasp_bowl_registered_v1,8,681,18,32bf1db8cfb866d929b97eaf4f6ad55599246fef24edf68fea15ede3b5cf005e,False,False,False,False,False,,True,630,1.1202874178785338
stagea__drawer-open__possession-on-table__locus-drawer-side__support-transverse-low-support__layout-a,v35_open_completion,cabinet,action_intrinsic_pregrasp_bowl_registered_v1,9,452,18,016fe7cdd6622e9f77775f108f3cb4e4f836ec330ac07003f39fb7e5dbd594d5,False,False,False,False,False,,True,632,1.0471323678700453
stagea__drawer-open__possession-on-table__locus-drawer-side__support-transverse-low-support__layout-a,v35_open_completion,cabinet,action_intrinsic_pregrasp_bowl_registered_v1,10,775,18,b7e8758503c46c2273a688c9d98a5cbf14447ba59301bb326ca3a9078d7ea079,False,False,False,False,False,,True,632,1.141860149084212
stagea__drawer-open__possession-on-table__locus-drawer-side__support-transverse-low-support__layout-a,v35_open_completion,cabinet,action_intrinsic_pregrasp_bowl_registered_v1,11,665,18,a4a985f59f32ec185896dca87996aa455a720e318f579d3c58b2a88d391ef2bd,False,False,False,False,False,,True,634,1.0292348849932915
stagea__drawer-open__possession-on-table__locus-drawer-side__support-transverse-low-support__layout-a,v35_open_completion,cabinet,action_intrinsic_pregrasp_bowl_registered_v1,12,444,18,4d00108fccbba095038c80424e863deb2221dea2d50d4f2c5a3442f48d6466a2,False,False,False,False,False,,True,635,1.0620373391405202
stagea__drawer-open__possession-on-table__locus-drawer-side__support-transverse-low-support__layout-a,v35_open_completion,cabinet,action_intrinsic_pregrasp_bowl_registered_v1,13,501,18,033327dbdb43b4bfddc6ed286bf6f8e8a6112ffe991905c700c75ec0676b386c,False,False,False,False,False,,True,635,1.2194016043257645
stagea__drawer-open__possession-on-table__locus-drawer-side__support-transverse-low-support__layout-a,v35_open_completion,cabinet,action_intrinsic_pregrasp_bowl_registered_v1,14,638,18,a8d81987e6f0f385619548c3982d9078c5c54a76d95ade16b8a982ad08234932,False,False,False,False,False,,True,635,1.2494239981931154
stagea__drawer-open__possession-on-table__locus-drawer-side__support-transverse-low-support__layout-a,v35_open_completion,cabinet,action_intrinsic_pregrasp_bowl_registered_v1,15,674,18,9b9937400a6e113f3901f66bf04dbac00fcbef6b9d999843ef0c651c1d76ce93,False,False,False,False,False,,True,635,1.1862562671522072
stagea__drawer-open__possession-on-table__locus-drawer-side__support-transverse-low-support__layout-a,v35_open_completion,cabinet,action_intrinsic_pregrasp_bowl_registered_v1,16,493,18,6cd7e138d3e7108f26e5396426d285829d7a3044a5068557110ad529c60f88fb,False,False,False,False,False,,True,636,1.1051184031731207
stagea__drawer-open__possession-on-table__locus-drawer-side__support-transverse-low-support__layout-a,v35_open_completion,cabinet,action_intrinsic_pregrasp_bowl_registered_v1,17,636,18,0a4fa289713d5467f4f401adaef6d834685933041fe590343f19ee059e605170,False,False,False,False,False,,True,636,1.0747377806029488
stagea__drawer-open__possession-on-table__locus-drawer-side__support-transverse-low-support__layout-a,v35_open_completion,cabinet,action_intrinsic_pregrasp_bowl_registered_v1,18,699,18,9504ca4f990d01cd111eed0f44cf9f286704e69d2bef21680ad53de5b6c6e501,False,False,False,False,False,,True,636,1.2730219413201835
stagea__drawer-open__possession-on-table__locus-drawer-side__support-transverse-low-support__layout-a,v35_open_completion,cabinet,action_intrinsic_pregrasp_bowl_registered_v1,19,456,18,fe869cc76141d5cbf6d64ee2c3c80a872e3f32bfcb5763bfe38221d3c6f8774f,False,False,False,False,False,,True,637,1.2235299190622682
stagea__drawer-open__possession-on-table__locus-drawer-side__support-transverse-low-support__layout-a,v35_open_completion,cabinet,action_intrinsic_pregrasp_bowl_registered_v1,20,570,18,c2d4c5bdce9483b0609598e4bd984122284c5eef5a4d26eac9681c616139a807,False,False,False,False,False,,True,637,1.0940614599984975
stagea__drawer-open__possession-on-table__locus-drawer-side__support-transverse-low-support__layout-a,v35_open_completion,cabinet,action_intrinsic_pregrasp_bowl_registered_v1,21,662,18,9b8d4f7149a62a256faa3e7ea0e5c2f3125d95bea41d4c479b86904e2d505dcf,False,False,False,False,False,,True,637,1.0443211905091443
stagea__drawer-open__possession-on-table__locus-drawer-side__support-transverse-low-support__layout-a,v35_open_completion,cabinet,action_intrinsic_pregrasp_bowl_registered_v1,22,732,18,c3b4ba9df80cca1c1bc20693376c230d3bc01ba9f981bb21aff3d94f5df62a66,False,False,False,False,False,,True,637,1.0851534078081984
stagea__drawer-open__possession-on-table__locus-drawer-side__support-transverse-low-support__layout-a,v35_open_completion,cabinet,action_intrinsic_pregrasp_bowl_registered_v1,23,505,18,69ffa114adff6ac44594f47b51bd23b379470a0da01eb7ed63f3d8a0d4c8775a,False,False,False,False,False,,True,638,1.0764045348201625
stagea__drawer-open__possession-on-table__locus-drawer-side__support-transverse-low-support__layout-a,v35_open_completion,cabinet,action_intrinsic_pregrasp_bowl_registered_v1,24,630,18,d47820b50d009ef5f221017fa25bcb7f75e7cde874bf13cd4a5f40b7d49fe74f,False,False,False,False,False,,True,638,1.0217140959011513
stagea__drawer-open__possession-on-table__locus-drawer-side__support-transverse-low-support__layout-a,v35_open_completion,cabinet,action_intrinsic_pregrasp_bowl_registered_v1,25,743,18,1df868b0e126de6c747a3392f2ae0135f2089140e79694115da746d261455e76,False,False,False,False,False,,True,638,0.9825383343838595
stagea__drawer-open__possession-on-table__locus-drawer-side__support-transverse-low-support__layout-a,v35_open_completion,cabinet,action_intrinsic_pregrasp_bowl_registered_v1,26,398,18,dddc06067bf84b0019a1cf050048e588df918f7768911fa406ce110da9ad4689,False,False,False,False,False,,True,639,1.0848934580935012
stagea__drawer-open__possession-on-table__locus-drawer-side__support-transverse-low-support__layout-a,v35_open_completion,cabinet,action_intrinsic_pregrasp_bowl_registered_v1,27,446,18,171014841f360ccb7f224b68357849b87ebcfb38ea27c23f8309cdfd830c7760,False,False,False,False,False,,True,639,1.1528063242041646
stagea__drawer-open__possession-on-table__locus-drawer-side__support-transverse-low-support__layout-a,v35_open_completion,cabinet,action_intrinsic_pregrasp_bowl_registered_v1,28,724,18,8bbb07bf3048a11cd3879887766413ad6a041eb78ef54667a0528d0ab13f7c0c,False,False,False,False,False,,True,640,1.09124421980024
stagea__drawer-open__possession-on-table__locus-drawer-side__support-transverse-low-support__layout-a,v35_open_completion,cabinet,action_intrinsic_pregrasp_bowl_registered_v1,29,521,18,f404e35757cca7351a7956c0091493689bcae213ebc3f600ad9ca7ec35cc19d8,False,False,False,False,False,,True,641,1.0781513354466266
stagea__drawer-open__possession-on-table__locus-drawer-side__support-transverse-low-support__layout-a,v35_open_completion,cabinet,action_intrinsic_pregrasp_bowl_registered_v1,30,791,18,ab8bc2c0ead1910b94bd3b22c327af072be2575c2b190a011406f4f7286f5de9,False,False,False,False,False,,True,641,1.191996864777452
stagea__drawer-open__possession-on-table__locus-drawer-side__support-transverse-low-support__layout-a,v35_open_completion,cabinet,action_intrinsic_pregrasp_bowl_registered_v1,31,474,18,5d93ae0bbe8618d7ad32e89a85261166b35dec3bcaa972751dddbaae8f07150c,True,True,True,False,False,83.0,True,623,1.1680065418884171
stagea__drawer-open__possession-on-table__locus-drawer-side__support-transverse-low-support__layout-a,v35_open_completion,cabinet,action_intrinsic_pregrasp_bowl_registered_v1,32,514,18,f0570adf2e2cdf55ef01180c8cf15f14c96b33219a8bdcfb110accc19eb31f44,False,False,False,False,False,,True,642,1.254027226334792
stagea__drawer-open__possession-on-table__locus-drawer-side__support-transverse-low-support__layout-a,v35_open_completion,cabinet,action_intrinsic_pregrasp_bowl_registered_v1,33,793,18,321fba85a693c5b82c8fc5d19d784724998b7ca98e765b826b728c3015762066,False,False,False,False,False,,True,642,1.0637256988428434
stagea__drawer-open__possession-on-table__locus-drawer-side__support-transverse-low-support__layout-a,v35_open_completion,cabinet,action_intrinsic_pregrasp_bowl_registered_v1,34,608,18,51b3f339ae2711ec2dee1dcd740cd2c0f3834f5ec75aa5be171a8aabfa384705,False,False,False,False,False,,True,643,1.0806580028523296
stagea__drawer-open__possession-on-table__locus-drawer-side__support-transverse-low-support__layout-a,v35_open_completion,cabinet,action_intrinsic_pregrasp_bowl_registered_v1,35,696,18,27ac40ae5b0142c7d2dd195b068a73088bc3ab3ec1564e44ffca7f7e715939b7,False,False,False,False,False,,True,643,1.1016380268145811
stagea__drawer-open__possession-on-table__locus-drawer-side__support-transverse-low-support__layout-a,v35_open_completion,cabinet,action_intrinsic_pregrasp_bowl_registered_v1,36,661,18,79a603a018e5f911a590ae269ad2060c3e7efd307ce515d5e88df99491a895e8,False,False,False,False,False,,True,644,1.1665199432562585
stagea__drawer-open__possession-on-table__locus-drawer-side__support-transverse-low-support__layout-a,v35_open_completion,cabinet,action_intrinsic_pregrasp_bowl_registered_v1,37,745,18,aa1a3bff114b4b0887abbac25cd7b26200e2b2d232d51d48484012ca3ac3efce,False,False,False,False,False,,True,644,1.160916279339773
stagea__drawer-open__possession-on-table__locus-drawer-side__support-transverse-low-support__layout-a,v35_open_completion,cabinet,action_intrinsic_pregrasp_bowl_registered_v1,38,767,18,bbf383faef21636081e61ca9fa795f26d897115b2e20fe6c0265b2d8e57172af,False,False,False,False,False,,True,644,1.1006729594807556
stagea__drawer-open__possession-on-table__locus-drawer-side__support-transverse-low-support__layout-a,v35_open_completion,cabinet,action_intrinsic_pregrasp_bowl_registered_v1,39,702,18,3fb5394b81ace7223fa4dc390332e7caab954344c8941276b13b63b0de1c2138,False,False,False,False,False,,True,645,1.1123063814736094
stagea__drawer-open__possession-on-table__locus-drawer-side__support-transverse-low-support__layout-a,v35_open_completion,cabinet,action_intrinsic_pregrasp_bowl_registered_v1,40,794,18,dcf5210e4570b197e56bdf6a478e82d539aed8c6cdfe5c988d35706a308b1cca,False,False,False,False,False,,True,647,1.1180060577752156
stagea__drawer-open__possession-on-table__locus-drawer-side__support-transverse-low-support__layout-a,v35_open_completion,cabinet,action_intrinsic_pregrasp_bowl_registered_v1,41,689,18,aa0ba50ca5b7f2632e0e1a5e2bb54df31c7b6cda867839b03bdd0567c6411689,False,False,False,False,False,,True,648,1.1496465956038717
stagea__drawer-open__possession-on-table__locus-drawer-side__support-transverse-low-support__layout-a,v35_open_completion,cabinet,action_intrinsic_pregrasp_bowl_registered_v1,42,402,18,8d680111f934c94908dcb0f1528eef18063eb08cd7ed0c0a56e84debd7464d8c,False,False,False,False,False,,True,649,1.1825792202085874
stagea__drawer-open__possession-on-table__locus-drawer-side__support-transverse-low-support__layout-a,v35_open_completion,cabinet,action_intrinsic_pregrasp_bowl_registered_v1,43,731,18,5be6d721a6fca1ef425074e8042fb05a80633e90f73f84091fca7a570ba71c84,False,False,False,False,False,,True,651,1.1537166873031297
stagea__drawer-open__possession-on-table__locus-drawer-side__support-transverse-low-support__layout-a,v35_open_completion,cabinet,action_intrinsic_pregrasp_bowl_registered_v1,44,601,18,356b2a75f9d362a1cfb0d6e3fdb65c08269c619643db134c6cedc24fe14feff4,False,False,False,False,False,,True,659,1.1837666320878815
stagea__drawer-open__possession-on-table__locus-drawer-side__support-transverse-low-support__layout-a,v35_open_completion,cabinet,action_intrinsic_pregrasp_bowl_registered_v1,45,706,18,239ae28404bef990e918f40b44f2aa59e45059ea0befe4a202d06f573aa4c5fd,False,False,False,False,False,,True,662,1.1701437823209604
stagea__drawer-open__possession-on-table__locus-drawer-side__support-transverse-low-support__layout-a,v35_open_completion,drawer,action_intrinsic_pregrasp_bowl_registered_v1,0,576,12,c4dc33e0754f25efdaa87c75195a9e18ba603fd17aa500a5ab8751927234e465,False,False,False,False,False,,False,540,0.6298392629856946
stagea__drawer-open__possession-on-table__locus-drawer-side__support-transverse-low-support__layout-a,v35_open_completion,drawer,action_intrinsic_pregrasp_bowl_registered_v1,1,694,12,e4d0e6805b6a960d0454858721550b66c578ada98014d5f852301b7bccee4c6e,True,True,True,False,False,163.0,True,647,1.5365920219619542
stagea__drawer-open__possession-on-table__locus-drawer-side__support-transverse-low-support__layout-a,v35_open_completion,drawer,action_intrinsic_pregrasp_bowl_registered_v1,2,614,12,e61d01ded7ab086478e718b79d5a82f3b03ba2f66dca79962533600239750733,False,False,False,False,False,,False,540,0.6573343212828662
stagea__drawer-open__possession-on-table__locus-drawer-side__support-transverse-low-support__layout-a,v35_open_completion,drawer,action_intrinsic_pregrasp_bowl_registered_v1,3,382,12,f26c8e95841a34fdf898d203d26239d6a90e1c07c81f581944655edeb4f60915,False,False,False,False,False,,True,670,1.3635880186409268
stagea__drawer-open__possession-on-table__locus-drawer-side__support-transverse-low-support__layout-a,v35_open_completion,drawer,action_intrinsic_pregrasp_bowl_registered_v1,4,526,12,8ebeecff1ddaa357856da5ef867f3055f43a1fe01692dd469542c151b39ea3fc,False,False,False,False,False,,True,664,1.644239162416524
stagea__drawer-open__possession-on-table__locus-drawer-side__support-transverse-low-support__layout-a,v35_open_completion,drawer,action_intrinsic_pregrasp_bowl_registered_v1,5,594,12,d5c8812af2a306355bb71a52c35164f93ef95ab0ec2a57638db05edb030de728,False,False,False,False,False,,True,663,1.741454796672196
stagea__drawer-open__possession-on-table__locus-drawer-side__support-transverse-low-support__layout-a,v35_open_completion,drawer,action_intrinsic_pregrasp_bowl_registered_v1,6,559,12,6338c79a0fb6aadb247d383c82552982be98a0fe67a07210aa6cdbb957870a0e,False,False,False,False,False,,False,540,0.6566755159847452
stagea__drawer-open__possession-on-table__locus-drawer-side__support-transverse-low-support__layout-a,v35_open_completion,drawer,action_intrinsic_pregrasp_bowl_registered_v1,7,624,12,adb56e3ec63a390538504dce7dbcfce5bc5f780cf2a323a68559c4952810dca4,False,False,False,False,False,,False,540,0.6491190254829464
stagea__drawer-open__possession-on-table__locus-drawer-side__support-transverse-low-support__layout-a,v35_open_completion,drawer,action_intrinsic_pregrasp_bowl_registered_v1,8,560,12,257886fa56c8ca594b7a52c9ba5c2ece42a4910673fe22140ee0be23dedc7fed,True,False,True,False,False,172.0,True,659,1.6260640505693722
stagea__drawer-open__possession-on-table__locus-drawer-side__support-transverse-low-support__layout-a,v35_open_completion,drawer,action_intrinsic_pregrasp_bowl_registered_v1,9,627,12,54c3e36183cf5ef2a823d528e9503368965fc007ae422f9ac129decd6be47724,False,False,False,False,False,,True,650,1.2589733524422584
stagea__drawer-open__possession-on-table__locus-drawer-side__support-transverse-low-support__layout-a,v35_open_completion,drawer,action_intrinsic_pregrasp_bowl_registered_v1,10,684,12,4b41c4e5e61e059c2e83642794a66dcb58b90e9370db1b39755f83c021da75d2,False,False,False,False,False,,True,668,1.6617920426110346
stagea__drawer-open__possession-on-table__locus-drawer-side__support-transverse-low-support__layout-a,v35_open_completion,drawer,action_intrinsic_pregrasp_bowl_registered_v1,11,409,12,e8aa2651d0fba6006bbd1ce8844606d4c1e24568d5b42dae3098ea158f05f04f,False,False,False,False,False,,True,665,1.489591925020572
stagea__drawer-open__possession-on-table__locus-drawer-side__support-transverse-low-support__layout-a,v35_open_completion,drawer,action_intrinsic_pregrasp_bowl_registered_v1,12,548,12,8039f55efc1d3b2afff01d9544afe9a27c13a9fde71ed489cc1888b03d05d72d,False,False,False,False,False,,False,540,0.7447481181708815
stagea__drawer-open__possession-on-table__locus-drawer-side__support-transverse-low-support__layout-a,v35_open_completion,drawer,action_intrinsic_pregrasp_bowl_registered_v1,13,742,12,db2e8c6a4ceb523133f51e21d0d31a8320ab88d1c0c7c0b124435499ea21a230,False,False,False,False,False,,False,540,0.6481337515743189
stagea__drawer-open__possession-on-table__locus-drawer-side__support-transverse-low-support__layout-a,v35_open_completion,drawer,action_intrinsic_pregrasp_bowl_registered_v1,14,790,12,92034ebae21e287f92cdafcaaf1c4cc9ca7d732c105e28653f41c814086a107c,False,False,False,False,False,,False,540,0.721891916797178
stagea__drawer-open__possession-on-table__locus-drawer-side__support-transverse-low-support__layout-a,v35_open_completion,drawer,action_intrinsic_pregrasp_bowl_registered_v1,15,534,12,47ec06d84d5536c7bc2c903e0f4bc40c38674a2cc7e48d22e791a529d149c23f,False,False,False,False,False,,False,540,0.7083268549470298
stagea__drawer-open__possession-on-table__locus-drawer-side__support-transverse-low-support__layout-a,v35_open_completion,drawer,action_intrinsic_pregrasp_bowl_registered_v1,16,498,12,f6ffd6f59a512dc3d6da39d1c991a246f1f6c4fda28c9c6951d1ead81b79d73e,False,False,False,False,False,,True,660,1.5834071109746004
stagea__drawer-open__possession-on-table__locus-drawer-side__support-transverse-low-support__layout-a,v35_open_completion,drawer,action_intrinsic_pregrasp_bowl_registered_v1,17,737,12,24d53009f0c5a3917d02b3366eb875314813a60de3081d1bf69f19e04fcfd2ec,True,False,True,False,False,180.0,True,653,1.615754209104958
stagea__drawer-open__possession-on-table__locus-drawer-side__support-transverse-low-support__layout-a,v35_open_completion,drawer,action_intrinsic_pregrasp_bowl_registered_v1,18,489,12,548f110a2e4050299ae8b3a610c9806b51995a65b74f8a79b83dece3b9636a3f,True,False,True,False,False,183.0,True,654,1.6692627235872208
stagea__drawer-open__possession-on-table__locus-drawer-side__support-transverse-low-support__layout-a,v35_open_completion,drawer,action_intrinsic_pregrasp_bowl_registered_v1,19,784,12,d61fad8212342e13bc37c975339f3effa6841a3166deace8fa063482deeb95c4,False,False,False,False,False,,False,540,0.6634055490053751
stagea__drawer-open__possession-on-table__locus-drawer-side__support-transverse-low-support__layout-a,v35_open_completion,drawer,action_intrinsic_pregrasp_bowl_registered_v1,20,701,12,4b63123279f4f228439254b39a178ae1dc4773dc6dc6d53eb6d453f24e40eda3,False,False,False,False,False,,True,665,1.4761734151030337
stagea__drawer-open__possession-on-table__locus-drawer-side__support-transverse-low-support__layout-a,v35_open_completion,drawer,action_intrinsic_pregrasp_bowl_registered_v1,21,416,12,41b4ab3c6eab78d6c7d147d6b7319f520c6dafa8eee44a2166e002b28cb2fdfd,False,False,False,False,False,,True,664,1.6211533967663632
stagea__drawer-open__possession-on-table__locus-drawer-side__support-transverse-low-support__layout-a,v35_open_completion,drawer,action_intrinsic_pregrasp_bowl_registered_v1,22,462,12,40dafe57a26443dcd16aaaca097715e50661a8f0bc112c64947bc2ee28c75703,True,False,True,False,False,186.0,True,669,1.688301621545413
stagea__drawer-open__possession-on-table__locus-drawer-side__support-transverse-low-support__layout-a,v35_open_completion,drawer,action_intrinsic_pregrasp_bowl_registered_v1,23,494,12,93f39f1498437ddba0efc6eb059cd2b642ab544fab2f3336525878a4763097d4,False,False,False,False,False,,True,664,1.2972046743257748
stagea__drawer-open__possession-on-table__locus-drawer-side__support-transverse-low-support__layout-a,v35_open_completion,drawer,action_intrinsic_pregrasp_bowl_registered_v1,24,414,12,9ec592154057d5c791bd6ea65380646ea92cd0d23d38116bae61bcd4d9af6daa,True,False,True,False,False,189.0,True,658,1.6807919089263565
stagea__drawer-open__possession-on-table__locus-drawer-side__support-transverse-low-support__layout-a,v35_open_completion,drawer,action_intrinsic_pregrasp_bowl_registered_v1,25,523,12,eff93d2d3123718e86e9f1b41fb58d6a377fbec3687a6300f32204f553b41906,True,False,True,False,False,193.0,True,666,1.6329196609150705
stagea__drawer-open__possession-on-table__locus-drawer-side__support-transverse-low-support__layout-a,v35_open_completion,drawer,action_intrinsic_pregrasp_bowl_registered_v1,26,762,12,5a6ad00de32247a9c04c1b1ae331ac99f700b26de0552cc1171848d4a8682ec3,False,False,False,False,False,,True,662,1.3278167048340672
stagea__drawer-open__possession-on-table__locus-drawer-side__support-transverse-low-support__layout-a,v35_open_completion,drawer,action_intrinsic_pregrasp_bowl_registered_v1,27,758,12,908f23fecbfd35ae5c9dcbedd3858d03ec11dd138bb2dab0f43ee0d4574695b4,False,False,False,False,False,,False,540,0.6995112396937604
stagea__drawer-open__possession-on-table__locus-drawer-side__support-transverse-low-support__layout-a,v35_open_completion,drawer,action_intrinsic_pregrasp_bowl_registered_v1,28,782,12,de7cef4f6a636948f4190f834219967d71ea3e72fe0b4f836e50e047f5d757f3,False,False,False,False,False,,True,676,1.286265820496439
stagea__drawer-open__possession-on-table__locus-drawer-side__support-transverse-low-support__layout-a,v35_open_completion,drawer,action_intrinsic_pregrasp_bowl_registered_v1,29,383,12,f598f486a32782cc98bfad505745987af2a8f37f2e9c4aa94b4ec2f8b9fa8ae4,False,False,False,False,False,,True,677,1.3681925046673333
stagea__drawer-open__possession-on-table__locus-drawer-side__support-transverse-low-support__layout-a,v35_open_completion,drawer,action_intrinsic_pregrasp_bowl_registered_v1,30,738,12,8eabf11d95595bb7c52a4944a62cc03da44e1f462b7ad8a09519f9c8d10286aa,True,False,True,False,False,206.0,True,685,1.8764892822549306
stagea__drawer-open__possession-on-table__locus-drawer-side__support-transverse-low-support__layout-a,v35_open_completion,drawer,action_intrinsic_pregrasp_bowl_registered_v1,31,538,12,08ad1772331225b10cf37ff13b272f62c36cb63525e1e766a49b9b0fcb1a42c6,True,False,True,False,False,209.0,True,684,1.8757351044638118
stagea__drawer-open__possession-on-table__locus-drawer-side__support-transverse-low-support__layout-a,v35_open_completion,drawer,action_intrinsic_pregrasp_bowl_registered_v1,32,465,12,e0429b5fe21a733c15e4703fae6c590da9aaff3e0b059bfd634952b78272b52f,False,False,False,False,False,,True,677,1.3970783142708936
stagea__drawer-open__possession-on-table__locus-drawer-side__support-transverse-low-support__layout-a,v35_open_completion,drawer,action_intrinsic_pregrasp_bowl_registered_v1,33,449,12,f20bb3de976403a90113d79607775b68c63181b9aaba242dc0f356def02dad3e,True,False,True,False,False,235.0,True,703,2.1518950551562277
stagea__drawer-open__possession-on-table__locus-drawer-side__support-transverse-low-support__layout-a,v35_open_completion,drawer,action_intrinsic_pregrasp_bowl_registered_v1,34,711,12,5fbc8383f1842247c97b8be8ec4cb5a910eaea56fe8ac6bc4025f658f74279c2,True,False,True,False,False,240.0,True,689,1.4245777031162996
stagea__drawer-open__possession-on-table__locus-drawer-side__support-transverse-low-support__layout-a,v35_open_completion,drawer,action_intrinsic_pregrasp_bowl_registered_v1,35,387,12,a6b95196dd651f801df5eb0aaac15cabaa4501ebba68b07e61bc42d336c598b2,False,False,False,False,False,,True,733,1.4305125509393009
stagea__drawer-open__possession-on-table__locus-drawer-side__support-transverse-low-support__layout-b,v35_open_completion,cabinet,action_intrinsic_pregrasp_bowl_registered_v1,0,438,18,fc624695eb2d39b20e511c8ac6df4923b6bff3cff56ff389622f45310e9278c2,False,False,False,False,False,,True,625,1.1826166458235288
stagea__drawer-open__possession-on-table__locus-drawer-side__support-transverse-low-support__layout-b,v35_open_completion,cabinet,action_intrinsic_pregrasp_bowl_registered_v1,1,712,18,9af535ed5943f0efe94c6e6136614fdd45017940a69a8267687e68416905a9d8,False,False,False,False,False,,True,626,1.2087526833022917
stagea__drawer-open__possession-on-table__locus-drawer-side__support-transverse-low-support__layout-b,v35_open_completion,cabinet,action_intrinsic_pregrasp_bowl_registered_v1,2,669,18,bb63603def241e17b02c89c5513d1ef93cf75f47c260b5b139f120acf22c26f8,False,False,False,False,False,,True,627,1.1715165706768251
stagea__drawer-open__possession-on-table__locus-drawer-side__support-transverse-low-support__layout-b,v35_open_completion,cabinet,action_intrinsic_pregrasp_bowl_registered_v1,3,590,18,0348abe806a47069551301e2e86e25fcca5b8db8fd3f5b128630180e19057a9c,False,False,False,False,False,,True,629,1.2133671815737535
stagea__drawer-open__possession-on-table__locus-drawer-side__support-transverse-low-support__layout-b,v35_open_completion,cabinet,action_intrinsic_pregrasp_bowl_registered_v1,4,597,18,3bd590038acfecf91321ca683267c834fb8ebbd4f559e5fd8f89bf1dda561e9f,False,False,False,False,False,,True,629,1.1883647984930008
stagea__drawer-open__possession-on-table__locus-drawer-side__support-transverse-low-support__layout-b,v35_open_completion,cabinet,action_intrinsic_pregrasp_bowl_registered_v1,5,660,18,082d8ee4933e7774b752cd6fbf2ea76a20ff927bf4afa8bd09b7ddc47aefba34,False,False,False,False,False,,True,629,1.0313124571420023
stagea__drawer-open__possession-on-table__locus-drawer-side__support-transverse-low-support__layout-b,v35_open_completion,cabinet,action_intrinsic_pregrasp_bowl_registered_v1,6,458,18,4d4a24b15ada9177614865d055b4dccd354dd4ce8dac9eb391c68984fc50691e,False,False,False,False,False,,True,630,1.2478013132194328
stagea__drawer-open__possession-on-table__locus-drawer-side__support-transverse-low-support__layout-b,v35_open_completion,cabinet,action_intrinsic_pregrasp_bowl_registered_v1,7,573,18,2e42787c67b5b157b79e3c3b2980a13563d41b4cbf69a9279c710d30a6292e92,False,False,False,False,False,,True,630,1.231255749441578
stagea__drawer-open__possession-on-table__locus-drawer-side__support-transverse-low-support__layout-b,v35_open_completion,cabinet,action_intrinsic_pregrasp_bowl_registered_v1,8,681,18,32bf1db8cfb866d929b97eaf4f6ad55599246fef24edf68fea15ede3b5cf005e,False,False,False,False,False,,True,630,1.1771658235223703
stagea__drawer-open__possession-on-table__locus-drawer-side__support-transverse-low-support__layout-b,v35_open_completion,cabinet,action_intrinsic_pregrasp_bowl_registered_v1,9,452,18,016fe7cdd6622e9f77775f108f3cb4e4f836ec330ac07003f39fb7e5dbd594d5,False,False,False,False,False,,True,632,1.0905743311989176
stagea__drawer-open__possession-on-table__locus-drawer-side__support-transverse-low-support__layout-b,v35_open_completion,cabinet,action_intrinsic_pregrasp_bowl_registered_v1,10,775,18,b7e8758503c46c2273a688c9d98a5cbf14447ba59301bb326ca3a9078d7ea079,False,False,False,False,False,,True,632,1.2518572154034948
stagea__drawer-open__possession-on-table__locus-drawer-side__support-transverse-low-support__layout-b,v35_open_completion,cabinet,action_intrinsic_pregrasp_bowl_registered_v1,11,665,18,a4a985f59f32ec185896dca87996aa455a720e318f579d3c58b2a88d391ef2bd,False,False,False,False,False,,True,634,1.0818631608004678
stagea__drawer-open__possession-on-table__locus-drawer-side__support-transverse-low-support__layout-b,v35_open_completion,cabinet,action_intrinsic_pregrasp_bowl_registered_v1,12,444,18,4d00108fccbba095038c80424e863deb2221dea2d50d4f2c5a3442f48d6466a2,False,False,False,False,False,,True,635,1.2462937020026772
stagea__drawer-open__possession-on-table__locus-drawer-side__support-transverse-low-support__layout-b,v35_open_completion,cabinet,action_intrinsic_pregrasp_bowl_registered_v1,13,501,18,033327dbdb43b4bfddc6ed286bf6f8e8a6112ffe991905c700c75ec0676b386c,False,False,False,False,False,,True,635,1.166264344180258
stagea__drawer-open__possession-on-table__locus-drawer-side__support-transverse-low-support__layout-b,v35_open_completion,cabinet,action_intrinsic_pregrasp_bowl_registered_v1,14,638,18,a8d81987e6f0f385619548c3982d9078c5c54a76d95ade16b8a982ad08234932,False,False,False,False,False,,True,635,1.2705729231260372
stagea__drawer-open__possession-on-table__locus-drawer-side__support-transverse-low-support__layout-b,v35_open_completion,cabinet,action_intrinsic_pregrasp_bowl_registered_v1,15,674,18,9b9937400a6e113f3901f66bf04dbac00fcbef6b9d999843ef0c651c1d76ce93,True,False,True,False,False,81.0,True,621,1.1786415071387075
stagea__drawer-open__possession-on-table__locus-drawer-side__support-transverse-low-support__layout-b,v35_open_completion,cabinet,action_intrinsic_pregrasp_bowl_registered_v1,16,493,18,6cd7e138d3e7108f26e5396426d285829d7a3044a5068557110ad529c60f88fb,False,False,False,False,False,,True,636,1.2329692176179112
stagea__drawer-open__possession-on-table__locus-drawer-side__support-transverse-low-support__layout-b,v35_open_completion,cabinet,action_intrinsic_pregrasp_bowl_registered_v1,17,636,18,0a4fa289713d5467f4f401adaef6d834685933041fe590343f19ee059e605170,False,False,False,False,False,,True,636,1.1696120358159716
stagea__drawer-open__possession-on-table__locus-drawer-side__support-transverse-low-support__layout-b,v35_open_completion,cabinet,action_intrinsic_pregrasp_bowl_registered_v1,18,699,18,9504ca4f990d01cd111eed0f44cf9f286704e69d2bef21680ad53de5b6c6e501,True,False,True,False,False,81.0,True,621,1.258423147169998
stagea__drawer-open__possession-on-table__locus-drawer-side__support-transverse-low-support__layout-b,v35_open_completion,cabinet,action_intrinsic_pregrasp_bowl_registered_v1,19,456,18,fe869cc76141d5cbf6d64ee2c3c80a872e3f32bfcb5763bfe38221d3c6f8774f,False,False,False,False,False,,True,637,1.2853884811202152
stagea__drawer-open__possession-on-table__locus-drawer-side__support-transverse-low-support__layout-b,v35_open_completion,cabinet,action_intrinsic_pregrasp_bowl_registered_v1,20,570,18,c2d4c5bdce9483b0609598e4bd984122284c5eef5a4d26eac9681c616139a807,False,False,False,False,False,,True,637,1.2787729886527464
stagea__drawer-open__possession-on-table__locus-drawer-side__support-transverse-low-support__layout-b,v35_open_completion,cabinet,action_intrinsic_pregrasp_bowl_registered_v1,21,662,18,9b8d4f7149a62a256faa3e7ea0e5c2f3125d95bea41d4c479b86904e2d505dcf,False,False,False,False,False,,True,637,1.2121568266476928
stagea__drawer-open__possession-on-table__locus-drawer-side__support-transverse-low-support__layout-b,v35_open_completion,cabinet,action_intrinsic_pregrasp_bowl_registered_v1,22,732,18,c3b4ba9df80cca1c1bc20693376c230d3bc01ba9f981bb21aff3d94f5df62a66,False,False,False,False,False,,True,637,1.1743986740805188
stagea__drawer-open__possession-on-table__locus-drawer-side__support-transverse-low-support__layout-b,v35_open_completion,cabinet,action_intrinsic_pregrasp_bowl_registered_v1,23,505,18,69ffa114adff6ac44594f47b51bd23b379470a0da01eb7ed63f3d8a0d4c8775a,False,False,False,False,False,,True,638,1.2376477695031194
stagea__drawer-open__possession-on-table__locus-drawer-side__support-transverse-low-support__layout-b,v35_open_completion,cabinet,action_intrinsic_pregrasp_bowl_registered_v1,24,630,18,d47820b50d009ef5f221017fa25bcb7f75e7cde874bf13cd4a5f40b7d49fe74f,False,False,False,False,False,,True,638,1.0871382592714356
stagea__drawer-open__possession-on-table__locus-drawer-side__support-transverse-low-support__layout-b,v35_open_completion,cabinet,action_intrinsic_pregrasp_bowl_registered_v1,25,743,18,1df868b0e126de6c747a3392f2ae0135f2089140e79694115da746d261455e76,True,False,True,False,False,80.0,True,620,1.0869858389503566
stagea__drawer-open__possession-on-table__locus-drawer-side__support-transverse-low-support__layout-b,v35_open_completion,cabinet,action_intrinsic_pregrasp_bowl_registered_v1,26,398,18,dddc06067bf84b0019a1cf050048e588df918f7768911fa406ce110da9ad4689,False,False,False,False,False,,True,639,1.2895796094645906
stagea__drawer-open__possession-on-table__locus-drawer-side__support-transverse-low-support__layout-b,v35_open_completion,cabinet,action_intrinsic_pregrasp_bowl_registered_v1,27,446,18,171014841f360ccb7f224b68357849b87ebcfb38ea27c23f8309cdfd830c7760,False,False,False,False,False,,True,639,1.2637424919493698
stagea__drawer-open__possession-on-table__locus-drawer-side__support-transverse-low-support__layout-b,v35_open_completion,cabinet,action_intrinsic_pregrasp_bowl_registered_v1,28,724,18,8bbb07bf3048a11cd3879887766413ad6a041eb78ef54667a0528d0ab13f7c0c,False,False,False,False,False,,True,640,1.1269419050325808
stagea__drawer-open__possession-on-table__locus-drawer-side__support-transverse-low-support__layout-b,v35_open_completion,cabinet,action_intrinsic_pregrasp_bowl_registered_v1,29,521,18,f404e35757cca7351a7956c0091493689bcae213ebc3f600ad9ca7ec35cc19d8,False,False,False,False,False,,True,641,1.1373458368312215
stagea__drawer-open__possession-on-table__locus-drawer-side__support-transverse-low-support__layout-b,v35_open_completion,cabinet,action_intrinsic_pregrasp_bowl_registered_v1,30,791,18,ab8bc2c0ead1910b94bd3b22c327af072be2575c2b190a011406f4f7286f5de9,False,False,False,False,False,,True,641,1.244364378448312
stagea__drawer-open__possession-on-table__locus-drawer-side__support-transverse-low-support__layout-b,v35_open_completion,cabinet,action_intrinsic_pregrasp_bowl_registered_v1,31,474,18,5d93ae0bbe8618d7ad32e89a85261166b35dec3bcaa972751dddbaae8f07150c,True,True,True,False,False,79.0,True,619,1.1522276164546064
stagea__drawer-open__possession-on-table__locus-drawer-side__support-transverse-low-support__layout-b,v35_open_completion,cabinet,action_intrinsic_pregrasp_bowl_registered_v1,32,514,18,f0570adf2e2cdf55ef01180c8cf15f14c96b33219a8bdcfb110accc19eb31f44,True,False,True,False,False,89.0,True,629,1.2975552501213536
stagea__drawer-open__possession-on-table__locus-drawer-side__support-transverse-low-support__layout-b,v35_open_completion,cabinet,action_intrinsic_pregrasp_bowl_registered_v1,33,793,18,321fba85a693c5b82c8fc5d19d784724998b7ca98e765b826b728c3015762066,False,False,False,False,False,,True,642,1.2480635103347701
stagea__drawer-open__possession-on-table__locus-drawer-side__support-transverse-low-support__layout-b,v35_open_completion,cabinet,action_intrinsic_pregrasp_bowl_registered_v1,34,608,18,51b3f339ae2711ec2dee1dcd740cd2c0f3834f5ec75aa5be171a8aabfa384705,False,False,False,False,False,,True,643,1.116856848524519
stagea__drawer-open__possession-on-table__locus-drawer-side__support-transverse-low-support__layout-b,v35_open_completion,cabinet,action_intrinsic_pregrasp_bowl_registered_v1,35,696,18,27ac40ae5b0142c7d2dd195b068a73088bc3ab3ec1564e44ffca7f7e715939b7,False,False,False,False,False,,True,643,1.227163546832499
stagea__drawer-open__possession-on-table__locus-drawer-side__support-transverse-low-support__layout-b,v35_open_completion,cabinet,action_intrinsic_pregrasp_bowl_registered_v1,36,661,18,79a603a018e5f911a590ae269ad2060c3e7efd307ce515d5e88df99491a895e8,False,False,False,False,False,,True,644,1.1949155416067054
stagea__drawer-open__possession-on-table__locus-drawer-side__support-transverse-low-support__layout-b,v35_open_completion,cabinet,action_intrinsic_pregrasp_bowl_registered_v1,37,745,18,aa1a3bff114b4b0887abbac25cd7b26200e2b2d232d51d48484012ca3ac3efce,False,False,False,False,False,,True,644,1.2298030237241184
stagea__drawer-open__possession-on-table__locus-drawer-side__support-transverse-low-support__layout-b,v35_open_completion,cabinet,action_intrinsic_pregrasp_bowl_registered_v1,38,767,18,bbf383faef21636081e61ca9fa795f26d897115b2e20fe6c0265b2d8e57172af,False,False,False,False,False,,True,644,1.1102246468211383
stagea__drawer-open__possession-on-table__locus-drawer-side__support-transverse-low-support__layout-b,v35_open_completion,cabinet,action_intrinsic_pregrasp_bowl_registered_v1,39,702,18,3fb5394b81ace7223fa4dc390332e7caab954344c8941276b13b63b0de1c2138,False,False,False,False,False,,True,645,1.151723949479203
stagea__drawer-open__possession-on-table__locus-drawer-side__support-transverse-low-support__layout-b,v35_open_completion,cabinet,action_intrinsic_pregrasp_bowl_registered_v1,40,794,18,dcf5210e4570b197e56bdf6a478e82d539aed8c6cdfe5c988d35706a308b1cca,False,False,False,False,False,,True,647,1.1520880645071525
stagea__drawer-open__possession-on-table__locus-drawer-side__support-transverse-low-support__layout-b,v35_open_completion,cabinet,action_intrinsic_pregrasp_bowl_registered_v1,41,689,18,aa0ba50ca5b7f2632e0e1a5e2bb54df31c7b6cda867839b03bdd0567c6411689,False,False,False,False,False,,True,648,1.1821104664974977
stagea__drawer-open__possession-on-table__locus-drawer-side__support-transverse-low-support__layout-b,v35_open_completion,cabinet,action_intrinsic_pregrasp_bowl_registered_v1,42,402,18,8d680111f934c94908dcb0f1528eef18063eb08cd7ed0c0a56e84debd7464d8c,False,False,False,False,False,,True,649,1.2515008952524158
stagea__drawer-open__possession-on-table__locus-drawer-side__support-transverse-low-support__layout-b,v35_open_completion,cabinet,action_intrinsic_pregrasp_bowl_registered_v1,43,731,18,5be6d721a6fca1ef425074e8042fb05a80633e90f73f84091fca7a570ba71c84,False,False,False,False,False,,True,651,1.3327863237379278
stagea__drawer-open__possession-on-table__locus-drawer-side__support-transverse-low-support__layout-b,v35_open_completion,cabinet,action_intrinsic_pregrasp_bowl_registered_v1,44,601,18,356b2a75f9d362a1cfb0d6e3fdb65c08269c619643db134c6cedc24fe14feff4,False,False,False,False,False,,True,659,1.2648011454745876
stagea__drawer-open__possession-on-table__locus-drawer-side__support-transverse-low-support__layout-b,v35_open_completion,cabinet,action_intrinsic_pregrasp_bowl_registered_v1,45,706,18,239ae28404bef990e918f40b44f2aa59e45059ea0befe4a202d06f573aa4c5fd,False,False,False,False,False,,True,662,1.2172572915989852
stagea__drawer-open__possession-on-table__locus-drawer-side__support-transverse-low-support__layout-b,v35_open_completion,drawer,action_intrinsic_pregrasp_bowl_registered_v1,0,576,12,c4dc33e0754f25efdaa87c75195a9e18ba603fd17aa500a5ab8751927234e465,False,False,False,False,False,,True,660,1.5296019235441305
stagea__drawer-open__possession-on-table__locus-drawer-side__support-transverse-low-support__layout-b,v35_open_completion,drawer,action_intrinsic_pregrasp_bowl_registered_v1,1,694,12,e4d0e6805b6a960d0454858721550b66c578ada98014d5f852301b7bccee4c6e,True,True,True,False,False,162.0,True,646,1.5174985408765829
stagea__drawer-open__possession-on-table__locus-drawer-side__support-transverse-low-support__layout-b,v35_open_completion,drawer,action_intrinsic_pregrasp_bowl_registered_v1,2,614,12,e61d01ded7ab086478e718b79d5a82f3b03ba2f66dca79962533600239750733,False,False,False,False,False,,False,540,0.6539675354513617
stagea__drawer-open__possession-on-table__locus-drawer-side__support-transverse-low-support__layout-b,v35_open_completion,drawer,action_intrinsic_pregrasp_bowl_registered_v1,3,382,12,f26c8e95841a34fdf898d203d26239d6a90e1c07c81f581944655edeb4f60915,False,False,False,False,False,,True,670,1.3322856871303261
stagea__drawer-open__possession-on-table__locus-drawer-side__support-transverse-low-support__layout-b,v35_open_completion,drawer,action_intrinsic_pregrasp_bowl_registered_v1,4,526,12,8ebeecff1ddaa357856da5ef867f3055f43a1fe01692dd469542c151b39ea3fc,False,False,False,False,False,,True,664,1.612683776972084
stagea__drawer-open__possession-on-table__locus-drawer-side__support-transverse-low-support__layout-b,v35_open_completion,drawer,action_intrinsic_pregrasp_bowl_registered_v1,5,594,12,d5c8812af2a306355bb71a52c35164f93ef95ab0ec2a57638db05edb030de728,False,False,False,False,False,,True,663,1.6864994185079498
stagea__drawer-open__possession-on-table__locus-drawer-side__support-transverse-low-support__layout-b,v35_open_completion,drawer,action_intrinsic_pregrasp_bowl_registered_v1,6,559,12,6338c79a0fb6aadb247d383c82552982be98a0fe67a07210aa6cdbb957870a0e,False,False,False,False,False,,False,540,0.6311283858357928
stagea__drawer-open__possession-on-table__locus-drawer-side__support-transverse-low-support__layout-b,v35_open_completion,drawer,action_intrinsic_pregrasp_bowl_registered_v1,7,624,12,adb56e3ec63a390538504dce7dbcfce5bc5f780cf2a323a68559c4952810dca4,False,False,False,False,False,,False,540,0.6504885433745977
stagea__drawer-open__possession-on-table__locus-drawer-side__support-transverse-low-support__layout-b,v35_open_completion,drawer,action_intrinsic_pregrasp_bowl_registered_v1,8,560,12,257886fa56c8ca594b7a52c9ba5c2ece42a4910673fe22140ee0be23dedc7fed,True,False,True,False,False,172.0,True,659,1.611980758238873
stagea__drawer-open__possession-on-table__locus-drawer-side__support-transverse-low-support__layout-b,v35_open_completion,drawer,action_intrinsic_pregrasp_bowl_registered_v1,9,627,12,54c3e36183cf5ef2a823d528e9503368965fc007ae422f9ac129decd6be47724,False,False,False,False,False,,True,650,1.2131326753243417
stagea__drawer-open__possession-on-table__locus-drawer-side__support-transverse-low-support__layout-b,v35_open_completion,drawer,action_intrinsic_pregrasp_bowl_registered_v1,10,684,12,4b41c4e5e61e059c2e83642794a66dcb58b90e9370db1b39755f83c021da75d2,False,False,False,False,False,,True,668,1.6318614898327524
stagea__drawer-open__possession-on-table__locus-drawer-side__support-transverse-low-support__layout-b,v35_open_completion,drawer,action_intrinsic_pregrasp_bowl_registered_v1,11,409,12,e8aa2651d0fba6006bbd1ce8844606d4c1e24568d5b42dae3098ea158f05f04f,False,False,False,False,False,,True,665,1.451785078858256
stagea__drawer-open__possession-on-table__locus-drawer-side__support-transverse-low-support__layout-b,v35_open_completion,drawer,action_intrinsic_pregrasp_bowl_registered_v1,12,548,12,8039f55efc1d3b2afff01d9544afe9a27c13a9fde71ed489cc1888b03d05d72d,False,False,False,False,False,,False,540,0.6809948131393262
stagea__drawer-open__possession-on-table__locus-drawer-side__support-transverse-low-support__layout-b,v35_open_completion,drawer,action_intrinsic_pregrasp_bowl_registered_v1,13,742,12,db2e8c6a4ceb523133f51e21d0d31a8320ab88d1c0c7c0b124435499ea21a230,False,False,False,False,False,,False,540,0.62294495119513
stagea__drawer-open__possession-on-table__locus-drawer-side__support-transverse-low-support__layout-b,v35_open_completion,drawer,action_intrinsic_pregrasp_bowl_registered_v1,14,790,12,92034ebae21e287f92cdafcaaf1c4cc9ca7d732c105e28653f41c814086a107c,False,False,False,False,False,,False,540,0.6813705559648113
stagea__drawer-open__possession-on-table__locus-drawer-side__support-transverse-low-support__layout-b,v35_open_completion,drawer,action_intrinsic_pregrasp_bowl_registered_v1,15,534,12,47ec06d84d5536c7bc2c903e0f4bc40c38674a2cc7e48d22e791a529d149c23f,False,False,False,False,False,,False,540,0.6526596172208532
stagea__drawer-open__possession-on-table__locus-drawer-side__support-transverse-low-support__layout-b,v35_open_completion,drawer,action_intrinsic_pregrasp_bowl_registered_v1,16,498,12,f6ffd6f59a512dc3d6da39d1c991a246f1f6c4fda28c9c6951d1ead81b79d73e,False,False,False,False,False,,True,660,1.5525885365422265
stagea__drawer-open__possession-on-table__locus-drawer-side__support-transverse-low-support__layout-b,v35_open_completion,drawer,action_intrinsic_pregrasp_bowl_registered_v1,17,737,12,24d53009f0c5a3917d02b3366eb875314813a60de3081d1bf69f19e04fcfd2ec,False,False,False,False,False,,True,666,1.6157122497319347
stagea__drawer-open__possession-on-table__locus-drawer-side__support-transverse-low-support__layout-b,v35_open_completion,drawer,action_intrinsic_pregrasp_bowl_registered_v1,18,489,12,548f110a2e4050299ae8b3a610c9806b51995a65b74f8a79b83dece3b9636a3f,True,False,True,False,False,184.0,True,655,1.6319273213820058
stagea__drawer-open__possession-on-table__locus-drawer-side__support-transverse-low-support__layout-b,v35_open_completion,drawer,action_intrinsic_pregrasp_bowl_registered_v1,19,784,12,d61fad8212342e13bc37c975339f3effa6841a3166deace8fa063482deeb95c4,False,False,False,False,False,,False,540,0.6222166364881421
stagea__drawer-open__possession-on-table__locus-drawer-side__support-transverse-low-support__layout-b,v35_open_completion,drawer,action_intrinsic_pregrasp_bowl_registered_v1,20,701,12,4b63123279f4f228439254b39a178ae1dc4773dc6dc6d53eb6d453f24e40eda3,False,False,False,False,False,,True,665,1.4198145254341776
stagea__drawer-open__possession-on-table__locus-drawer-side__support-transverse-low-support__layout-b,v35_open_completion,drawer,action_intrinsic_pregrasp_bowl_registered_v1,21,416,12,41b4ab3c6eab78d6c7d147d6b7319f520c6dafa8eee44a2166e002b28cb2fdfd,False,False,False,False,False,,True,664,1.5843118386987485
stagea__drawer-open__possession-on-table__locus-drawer-side__support-transverse-low-support__layout-b,v35_open_completion,drawer,action_intrinsic_pregrasp_bowl_registered_v1,22,462,12,40dafe57a26443dcd16aaaca097715e50661a8f0bc112c64947bc2ee28c75703,True,False,True,False,False,190.0,True,673,1.6747911274594296
stagea__drawer-open__possession-on-table__locus-drawer-side__support-transverse-low-support__layout-b,v35_open_completion,drawer,action_intrinsic_pregrasp_bowl_registered_v1,23,494,12,93f39f1498437ddba0efc6eb059cd2b642ab544fab2f3336525878a4763097d4,True,False,True,False,False,189.0,True,655,1.3772577097274168
stagea__drawer-open__possession-on-table__locus-drawer-side__support-transverse-low-support__layout-b,v35_open_completion,drawer,action_intrinsic_pregrasp_bowl_registered_v1,24,414,12,9ec592154057d5c791bd6ea65380646ea92cd0d23d38116bae61bcd4d9af6daa,True,False,True,False,False,179.0,True,648,1.569805780605247
stagea__drawer-open__possession-on-table__locus-drawer-side__support-transverse-low-support__layout-b,v35_open_completion,drawer,action_intrinsic_pregrasp_bowl_registered_v1,25,523,12,eff93d2d3123718e86e9f1b41fb58d6a377fbec3687a6300f32204f553b41906,True,False,True,False,False,193.0,True,666,1.5980245125419226
stagea__drawer-open__possession-on-table__locus-drawer-side__support-transverse-low-support__layout-b,v35_open_completion,drawer,action_intrinsic_pregrasp_bowl_registered_v1,26,762,12,5a6ad00de32247a9c04c1b1ae331ac99f700b26de0552cc1171848d4a8682ec3,False,False,False,False,False,,True,662,1.0727260631517475
stagea__drawer-open__possession-on-table__locus-drawer-side__support-transverse-low-support__layout-b,v35_open_completion,drawer,action_intrinsic_pregrasp_bowl_registered_v1,27,758,12,908f23fecbfd35ae5c9dcbedd3858d03ec11dd138bb2dab0f43ee0d4574695b4,False,False,False,False,False,,False,540,0.6627786369339426
stagea__drawer-open__possession-on-table__locus-drawer-side__support-transverse-low-support__layout-b,v35_open_completion,drawer,action_intrinsic_pregrasp_bowl_registered_v1,28,782,12,de7cef4f6a636948f4190f834219967d71ea3e72fe0b4f836e50e047f5d757f3,False,False,False,False,False,,True,676,1.2812625105169395
stagea__drawer-open__possession-on-table__locus-drawer-side__support-transverse-low-support__layout-b,v35_open_completion,drawer,action_intrinsic_pregrasp_bowl_registered_v1,29,383,12,f598f486a32782cc98bfad505745987af2a8f37f2e9c4aa94b4ec2f8b9fa8ae4,False,False,False,False,False,,True,677,1.3686764170343877
stagea__drawer-open__possession-on-table__locus-drawer-side__support-transverse-low-support__layout-b,v35_open_completion,drawer,action_intrinsic_pregrasp_bowl_registered_v1,30,738,12,8eabf11d95595bb7c52a4944a62cc03da44e1f462b7ad8a09519f9c8d10286aa,False,False,False,False,False,,True,697,1.8109144468956746
stagea__drawer-open__possession-on-table__locus-drawer-side__support-transverse-low-support__layout-b,v35_open_completion,drawer,action_intrinsic_pregrasp_bowl_registered_v1,31,538,12,08ad1772331225b10cf37ff13b272f62c36cb63525e1e766a49b9b0fcb1a42c6,False,False,False,False,False,,True,695,1.8019823777544042
stagea__drawer-open__possession-on-table__locus-drawer-side__support-transverse-low-support__layout-b,v35_open_completion,drawer,action_intrinsic_pregrasp_bowl_registered_v1,32,465,12,e0429b5fe21a733c15e4703fae6c590da9aaff3e0b059bfd634952b78272b52f,False,False,False,False,False,,True,677,1.3658805966132985
stagea__drawer-open__possession-on-table__locus-drawer-side__support-transverse-low-support__layout-b,v35_open_completion,drawer,action_intrinsic_pregrasp_bowl_registered_v1,33,449,12,f20bb3de976403a90113d79607775b68c63181b9aaba242dc0f356def02dad3e,True,False,True,False,False,239.0,True,707,2.143871225875239
stagea__drawer-open__possession-on-table__locus-drawer-side__support-transverse-low-support__layout-b,v35_open_completion,drawer,action_intrinsic_pregrasp_bowl_registered_v1,34,711,12,5fbc8383f1842247c97b8be8ec4cb5a910eaea56fe8ac6bc4025f658f74279c2,False,False,False,False,False,,False,540,0.5466904819073443
stagea__drawer-open__possession-on-table__locus-drawer-side__support-transverse-low-support__layout-b,v35_open_completion,drawer,action_intrinsic_pregrasp_bowl_registered_v1,35,387,12,a6b95196dd651f801df5eb0aaac15cabaa4501ebba68b07e61bc42d336c598b2,False,False,False,False,False,,True,733,1.6734439334022826
