target,state_id,source_episode_id,target_goal,V,observed,baseline_prediction,augmented_prediction,proposal_seed,Q,L,query_id,ridge_alpha
V,task03_ep000_step0050,libero_goal_task03_ep000_seed0,cabinet,0.0,0.0,0.5128159790633764,0.5160306682453155,,,,,100.0
V,task03_ep000_step0050,libero_goal_task03_ep000_seed0,drawer,0.125,0.125,0.6040128884276172,0.6060494328551298,,,,,100.0
V,task03_ep000_step0100,libero_goal_task03_ep000_seed0,cabinet,0.125,0.125,0.6253358630622049,0.630719459905924,,,,,100.0
V,task03_ep000_step0100,libero_goal_task03_ep000_seed0,drawer,0.25,0.25,0.8374569966180674,0.8437004969563682,,,,,100.0
V,task03_ep001_step0050,libero_goal_task03_ep001_seed1,cabinet,0.5,0.5,0.08762983227664267,0.08714239401127666,,,,,100.0
V,task03_ep001_step0050,libero_goal_task03_ep001_seed1,drawer,0.875,0.875,0.16353745682319148,0.15799334792670977,,,,,100.0
V,task03_ep001_step0100,libero_goal_task03_ep001_seed1,cabinet,1.0,1.0,0.3745747982506975,0.36740795022815337,,,,,100.0
V,task03_ep001_step0100,libero_goal_task03_ep001_seed1,drawer,1.0,1.0,0.47969557850849986,0.4672295927831495,,,,,100.0
V,task03_ep003_step0100,libero_goal_task03_ep003_seed3,cabinet,0.25,0.25,0.6619691285956822,0.6684402966599293,,,,,100.0
V,task03_ep003_step0100,libero_goal_task03_ep003_seed3,drawer,0.0,0.0,0.287662641345228,0.294728887805351,,,,,100.0
V,task04_ep000_step0050,libero_goal_task04_ep000_seed0,cabinet,1.0,1.0,0.8652383372186794,0.8649119511141383,,,,,100.0
V,task04_ep000_step0050,libero_goal_task04_ep000_seed0,drawer,0.0,0.0,0.17205620154834067,0.17069049903447675,,,,,100.0
V,task04_ep001_step0050,libero_goal_task04_ep001_seed1,cabinet,1.0,1.0,1.034980631622688,1.0345065748631876,,,,,100.0
V,task04_ep001_step0050,libero_goal_task04_ep001_seed1,drawer,0.0,0.0,0.36030715215992026,0.36051018212230973,,,,,100.0
V,task04_ep002_step0050,libero_goal_task04_ep002_seed2,cabinet,1.0,1.0,0.8606663595565561,0.8624146426607158,,,,,100.0
V,task04_ep002_step0050,libero_goal_task04_ep002_seed2,drawer,0.0,0.0,-0.10241625536432708,-0.1023835201578458,,,,,100.0
V,task04_ep003_step0050,libero_goal_task04_ep003_seed3,cabinet,1.0,1.0,0.9912965428679652,0.9955390759330696,,,,,100.0
V,task04_ep003_step0050,libero_goal_task04_ep003_seed3,drawer,0.0,0.0,0.2724571802286503,0.2741645040342539,,,,,100.0
V,task04_ep004_step0050,libero_goal_task04_ep004_seed4,cabinet,1.0,1.0,0.9413530425896819,0.9344934726663202,,,,,100.0
V,task04_ep004_step0050,libero_goal_task04_ep004_seed4,drawer,0.0,0.0,0.0956307541934664,0.08820788804739704,,,,,100.0
Q_preexecution,task03_ep000_step0050,libero_goal_task03_ep000_seed0,cabinet,,0.0,0.37481008274948885,0.4063836165061737,101.0,0.0,0.0,task03_ep000_step0050__goal_cabinet__proposal_101,100.0
Q_preexecution,task03_ep000_step0050,libero_goal_task03_ep000_seed0,cabinet,,0.0,0.4431130643196283,0.4749921192027527,202.0,0.0,0.0,task03_ep000_step0050__goal_cabinet__proposal_202,100.0
Q_preexecution,task03_ep000_step0050,libero_goal_task03_ep000_seed0,cabinet,,0.0,0.4334625153112475,0.4746499181844342,303.0,0.0,0.0,task03_ep000_step0050__goal_cabinet__proposal_303,100.0
Q_preexecution,task03_ep000_step0050,libero_goal_task03_ep000_seed0,cabinet,,0.0,0.4842748119530963,0.5248009013909747,404.0,0.0,0.0,task03_ep000_step0050__goal_cabinet__proposal_404,100.0
Q_preexecution,task03_ep000_step0050,libero_goal_task03_ep000_seed0,drawer,,0.0,0.6101604191117432,0.6352527409783337,101.0,0.0,-0.125,task03_ep000_step0050__goal_drawer__proposal_101,100.0
Q_preexecution,task03_ep000_step0050,libero_goal_task03_ep000_seed0,drawer,,0.0,0.6422396176846441,0.6608891437386308,202.0,0.0,-0.125,task03_ep000_step0050__goal_drawer__proposal_202,100.0
Q_preexecution,task03_ep000_step0050,libero_goal_task03_ep000_seed0,drawer,,0.0,0.6217626124253289,0.6576794092129365,303.0,0.0,-0.125,task03_ep000_step0050__goal_drawer__proposal_303,100.0
Q_preexecution,task03_ep000_step0050,libero_goal_task03_ep000_seed0,drawer,,0.5,0.6691345711489237,0.6757005422692933,404.0,0.5,0.375,task03_ep000_step0050__goal_drawer__proposal_404,100.0
Q_preexecution,task03_ep000_step0100,libero_goal_task03_ep000_seed0,cabinet,,0.0,0.5323227219999873,0.523446672320107,101.0,0.0,-0.125,task03_ep000_step0100__goal_cabinet__proposal_101,100.0
Q_preexecution,task03_ep000_step0100,libero_goal_task03_ep000_seed0,cabinet,,0.0,0.5534005632183576,0.5432994220238422,202.0,0.0,-0.125,task03_ep000_step0100__goal_cabinet__proposal_202,100.0
Q_preexecution,task03_ep000_step0100,libero_goal_task03_ep000_seed0,cabinet,,0.5,0.6082222704826902,0.6005082699875346,303.0,0.5,0.375,task03_ep000_step0100__goal_cabinet__proposal_303,100.0
Q_preexecution,task03_ep000_step0100,libero_goal_task03_ep000_seed0,cabinet,,0.0,0.6035712801229554,0.5919970228618567,404.0,0.0,-0.125,task03_ep000_step0100__goal_cabinet__proposal_404,100.0
Q_preexecution,task03_ep000_step0100,libero_goal_task03_ep000_seed0,drawer,,0.0,0.8305238526789684,0.8142925606772833,101.0,0.0,-0.25,task03_ep000_step0100__goal_drawer__proposal_101,100.0
Q_preexecution,task03_ep000_step0100,libero_goal_task03_ep000_seed0,drawer,,1.0,0.7928186873582512,0.7801767784860354,202.0,1.0,0.75,task03_ep000_step0100__goal_drawer__proposal_202,100.0
Q_preexecution,task03_ep000_step0100,libero_goal_task03_ep000_seed0,drawer,,0.0,0.8958724278450323,0.8846698942165105,303.0,0.0,-0.25,task03_ep000_step0100__goal_drawer__proposal_303,100.0
Q_preexecution,task03_ep000_step0100,libero_goal_task03_ep000_seed0,drawer,,0.0,0.8849404399914104,0.8614077071765734,404.0,0.0,-0.25,task03_ep000_step0100__goal_drawer__proposal_404,100.0
Q_preexecution,task03_ep001_step0050,libero_goal_task03_ep001_seed1,cabinet,,0.0,-0.025927931383668112,-0.0632292574091109,101.0,0.0,-0.5,task03_ep001_step0050__goal_cabinet__proposal_101,100.0
Q_preexecution,task03_ep001_step0050,libero_goal_task03_ep001_seed1,cabinet,,1.0,0.03041212523854936,-0.02161715787695334,202.0,1.0,0.5,task03_ep001_step0050__goal_cabinet__proposal_202,100.0
Q_preexecution,task03_ep001_step0050,libero_goal_task03_ep001_seed1,cabinet,,0.0,0.051962955085089746,0.0039462319713417515,303.0,0.0,-0.5,task03_ep001_step0050__goal_cabinet__proposal_303,100.0
Q_preexecution,task03_ep001_step0050,libero_goal_task03_ep001_seed1,cabinet,,1.0,-0.007144083011270119,-0.03817417009966084,404.0,1.0,0.5,task03_ep001_step0050__goal_cabinet__proposal_404,100.0
Q_preexecution,task03_ep001_step0050,libero_goal_task03_ep001_seed1,drawer,,1.0,0.11565025970746742,0.09962771089084416,101.0,1.0,0.125,task03_ep001_step0050__goal_drawer__proposal_101,100.0
Q_preexecution,task03_ep001_step0050,libero_goal_task03_ep001_seed1,drawer,,0.5,0.16073897462276815,0.1392639555832635,202.0,0.5,-0.375,task03_ep001_step0050__goal_drawer__proposal_202,100.0
Q_preexecution,task03_ep001_step0050,libero_goal_task03_ep001_seed1,drawer,,1.0,0.1824634696859051,0.16087628121531283,303.0,1.0,0.125,task03_ep001_step0050__goal_drawer__proposal_303,100.0
Q_preexecution,task03_ep001_step0050,libero_goal_task03_ep001_seed1,drawer,,1.0,0.1449776071294779,0.1298605414250664,404.0,1.0,0.125,task03_ep001_step0050__goal_drawer__proposal_404,100.0
Q_preexecution,task03_ep001_step0100,libero_goal_task03_ep001_seed1,cabinet,,1.0,0.30196575959193245,0.26729699150239444,101.0,1.0,0.0,task03_ep001_step0100__goal_cabinet__proposal_101,100.0
Q_preexecution,task03_ep001_step0100,libero_goal_task03_ep001_seed1,cabinet,,1.0,0.3620519934058939,0.33523458740904866,202.0,1.0,0.0,task03_ep001_step0100__goal_cabinet__proposal_202,100.0
Q_preexecution,task03_ep001_step0100,libero_goal_task03_ep001_seed1,cabinet,,1.0,0.3956540321699457,0.3621028054034735,303.0,1.0,0.0,task03_ep001_step0100__goal_cabinet__proposal_303,100.0
Q_preexecution,task03_ep001_step0100,libero_goal_task03_ep001_seed1,cabinet,,1.0,0.3262651605784709,0.2858217321393939,404.0,1.0,0.0,task03_ep001_step0100__goal_cabinet__proposal_404,100.0
Q_preexecution,task03_ep001_step0100,libero_goal_task03_ep001_seed1,drawer,,1.0,0.43438171710299994,0.403664967269413,101.0,1.0,0.0,task03_ep001_step0100__goal_drawer__proposal_101,100.0
Q_preexecution,task03_ep001_step0100,libero_goal_task03_ep001_seed1,drawer,,1.0,0.49226275688225485,0.46250044095156767,202.0,1.0,0.0,task03_ep001_step0100__goal_drawer__proposal_202,100.0
Q_preexecution,task03_ep001_step0100,libero_goal_task03_ep001_seed1,drawer,,1.0,0.5286798615267212,0.4979274676611508,303.0,1.0,0.0,task03_ep001_step0100__goal_drawer__proposal_303,100.0
Q_preexecution,task03_ep001_step0100,libero_goal_task03_ep001_seed1,drawer,,1.0,0.4637756541129483,0.44045867868612,404.0,1.0,0.0,task03_ep001_step0100__goal_drawer__proposal_404,100.0
Q_preexecution,task03_ep003_step0100,libero_goal_task03_ep003_seed3,cabinet,,0.0,0.7047104726809655,0.7398886167957525,101.0,0.0,-0.25,task03_ep003_step0100__goal_cabinet__proposal_101,100.0
Q_preexecution,task03_ep003_step0100,libero_goal_task03_ep003_seed3,cabinet,,0.0,0.7927355637756057,0.8299210969728203,202.0,0.0,-0.25,task03_ep003_step0100__goal_cabinet__proposal_202,100.0
Q_preexecution,task03_ep003_step0100,libero_goal_task03_ep003_seed3,cabinet,,1.0,0.7384618695359662,0.7643434848071511,303.0,1.0,0.75,task03_ep003_step0100__goal_cabinet__proposal_303,100.0
Q_preexecution,task03_ep003_step0100,libero_goal_task03_ep003_seed3,cabinet,,0.0,0.7930232994794827,0.8112966001580206,404.0,0.0,-0.25,task03_ep003_step0100__goal_cabinet__proposal_404,100.0
Q_preexecution,task03_ep003_step0100,libero_goal_task03_ep003_seed3,drawer,,0.0,0.19005633762977314,0.07078164817681576,101.0,0.0,0.0,task03_ep003_step0100__goal_drawer__proposal_101,100.0
Q_preexecution,task03_ep003_step0100,libero_goal_task03_ep003_seed3,drawer,,0.0,0.2934803516085014,0.17658738389825718,202.0,0.0,0.0,task03_ep003_step0100__goal_drawer__proposal_202,100.0
Q_preexecution,task03_ep003_step0100,libero_goal_task03_ep003_seed3,drawer,,0.0,0.2108862248427723,0.08703051967569925,303.0,0.0,0.0,task03_ep003_step0100__goal_drawer__proposal_303,100.0
Q_preexecution,task03_ep003_step0100,libero_goal_task03_ep003_seed3,drawer,,0.0,0.2766420774438593,0.14329865899898603,404.0,0.0,0.0,task03_ep003_step0100__goal_drawer__proposal_404,100.0
Q_preexecution,task04_ep000_step0050,libero_goal_task04_ep000_seed0,cabinet,,1.0,0.844859806192293,0.8327163939952851,101.0,1.0,0.0,task04_ep000_step0050__goal_cabinet__proposal_101,100.0
Q_preexecution,task04_ep000_step0050,libero_goal_task04_ep000_seed0,cabinet,,1.0,0.9218372901774692,0.9244962549251874,202.0,1.0,0.0,task04_ep000_step0050__goal_cabinet__proposal_202,100.0
Q_preexecution,task04_ep000_step0050,libero_goal_task04_ep000_seed0,cabinet,,1.0,0.9271420320835321,0.9257935169421485,303.0,1.0,0.0,task04_ep000_step0050__goal_cabinet__proposal_303,100.0
Q_preexecution,task04_ep000_step0050,libero_goal_task04_ep000_seed0,cabinet,,1.0,0.9230787495438282,0.9314544325455785,404.0,1.0,0.0,task04_ep000_step0050__goal_cabinet__proposal_404,100.0
Q_preexecution,task04_ep000_step0050,libero_goal_task04_ep000_seed0,drawer,,0.0,0.0675148436540392,0.07653076619274118,101.0,0.0,0.0,task04_ep000_step0050__goal_drawer__proposal_101,100.0
Q_preexecution,task04_ep000_step0050,libero_goal_task04_ep000_seed0,drawer,,0.0,0.14655395845880986,0.1542721304917669,202.0,0.0,0.0,task04_ep000_step0050__goal_drawer__proposal_202,100.0
Q_preexecution,task04_ep000_step0050,libero_goal_task04_ep000_seed0,drawer,,0.0,0.1598141179080942,0.15281272956285274,303.0,0.0,0.0,task04_ep000_step0050__goal_drawer__proposal_303,100.0
Q_preexecution,task04_ep000_step0050,libero_goal_task04_ep000_seed0,drawer,,0.0,0.14594512982669317,0.13574699475437535,404.0,0.0,0.0,task04_ep000_step0050__goal_drawer__proposal_404,100.0
Q_preexecution,task04_ep001_step0050,libero_goal_task04_ep001_seed1,cabinet,,1.0,1.0516127339626318,1.055088281135992,101.0,1.0,0.0,task04_ep001_step0050__goal_cabinet__proposal_101,100.0
Q_preexecution,task04_ep001_step0050,libero_goal_task04_ep001_seed1,cabinet,,1.0,1.1347154482303405,1.1393916871006053,202.0,1.0,0.0,task04_ep001_step0050__goal_cabinet__proposal_202,100.0
Q_preexecution,task04_ep001_step0050,libero_goal_task04_ep001_seed1,cabinet,,1.0,1.1611953034111775,1.1589015363200716,303.0,1.0,0.0,task04_ep001_step0050__goal_cabinet__proposal_303,100.0
Q_preexecution,task04_ep001_step0050,libero_goal_task04_ep001_seed1,cabinet,,1.0,1.1409389306173885,1.154848844105114,404.0,1.0,0.0,task04_ep001_step0050__goal_cabinet__proposal_404,100.0
Q_preexecution,task04_ep001_step0050,libero_goal_task04_ep001_seed1,drawer,,0.0,0.2997213490493157,0.29791299899384566,101.0,0.0,0.0,task04_ep001_step0050__goal_drawer__proposal_101,100.0
Q_preexecution,task04_ep001_step0050,libero_goal_task04_ep001_seed1,drawer,,0.0,0.3776480910310174,0.38120892660326355,202.0,0.0,0.0,task04_ep001_step0050__goal_drawer__proposal_202,100.0
Q_preexecution,task04_ep001_step0050,libero_goal_task04_ep001_seed1,drawer,,0.0,0.3896093210208637,0.37392238754058743,303.0,0.0,0.0,task04_ep001_step0050__goal_drawer__proposal_303,100.0
Q_preexecution,task04_ep001_step0050,libero_goal_task04_ep001_seed1,drawer,,0.0,0.37903101220748525,0.3671387835110411,404.0,0.0,0.0,task04_ep001_step0050__goal_drawer__proposal_404,100.0
Q_preexecution,task04_ep002_step0050,libero_goal_task04_ep002_seed2,cabinet,,1.0,0.7987101533659378,0.7977462818603834,101.0,1.0,0.0,task04_ep002_step0050__goal_cabinet__proposal_101,100.0
Q_preexecution,task04_ep002_step0050,libero_goal_task04_ep002_seed2,cabinet,,1.0,0.880030943081977,0.8928175354944267,202.0,1.0,0.0,task04_ep002_step0050__goal_cabinet__proposal_202,100.0
Q_preexecution,task04_ep002_step0050,libero_goal_task04_ep002_seed2,cabinet,,1.0,0.8876135034748254,0.9110796751049871,303.0,1.0,0.0,task04_ep002_step0050__goal_cabinet__proposal_303,100.0
Q_preexecution,task04_ep002_step0050,libero_goal_task04_ep002_seed2,cabinet,,1.0,0.875618906346068,0.8919441770020828,404.0,1.0,0.0,task04_ep002_step0050__goal_cabinet__proposal_404,100.0
Q_preexecution,task04_ep002_step0050,libero_goal_task04_ep002_seed2,drawer,,0.0,-0.3260238588388036,-0.32806566394772413,101.0,0.0,0.0,task04_ep002_step0050__goal_drawer__proposal_101,100.0
Q_preexecution,task04_ep002_step0050,libero_goal_task04_ep002_seed2,drawer,,0.0,-0.2481495181186909,-0.24410684389825815,202.0,0.0,0.0,task04_ep002_step0050__goal_drawer__proposal_202,100.0
Q_preexecution,task04_ep002_step0050,libero_goal_task04_ep002_seed2,drawer,,0.0,-0.2437941331012239,-0.23046354508824812,303.0,0.0,0.0,task04_ep002_step0050__goal_drawer__proposal_303,100.0
Q_preexecution,task04_ep002_step0050,libero_goal_task04_ep002_seed2,drawer,,0.0,-0.25938258820082905,-0.24046388665194957,404.0,0.0,0.0,task04_ep002_step0050__goal_drawer__proposal_404,100.0
Q_preexecution,task04_ep003_step0050,libero_goal_task04_ep003_seed3,cabinet,,1.0,1.0247311322260662,1.0277117560832667,101.0,1.0,0.0,task04_ep003_step0050__goal_cabinet__proposal_101,100.0
Q_preexecution,task04_ep003_step0050,libero_goal_task04_ep003_seed3,cabinet,,1.0,1.0916280463347303,1.0780699348358944,202.0,1.0,0.0,task04_ep003_step0050__goal_cabinet__proposal_202,100.0
Q_preexecution,task04_ep003_step0050,libero_goal_task04_ep003_seed3,cabinet,,1.0,1.1111341467175868,1.098772514871152,303.0,1.0,0.0,task04_ep003_step0050__goal_cabinet__proposal_303,100.0
Q_preexecution,task04_ep003_step0050,libero_goal_task04_ep003_seed3,cabinet,,1.0,1.1050989948594063,1.0967085147527322,404.0,1.0,0.0,task04_ep003_step0050__goal_cabinet__proposal_404,100.0
Q_preexecution,task04_ep003_step0050,libero_goal_task04_ep003_seed3,drawer,,0.0,0.20093235016842587,0.21850474160734878,101.0,0.0,0.0,task04_ep003_step0050__goal_drawer__proposal_101,100.0
Q_preexecution,task04_ep003_step0050,libero_goal_task04_ep003_seed3,drawer,,0.0,0.2733499545036323,0.2717423211502631,202.0,0.0,0.0,task04_ep003_step0050__goal_drawer__proposal_202,100.0
Q_preexecution,task04_ep003_step0050,libero_goal_task04_ep003_seed3,drawer,,0.0,0.29509075399013923,0.2903996228869417,303.0,0.0,0.0,task04_ep003_step0050__goal_drawer__proposal_303,100.0
Q_preexecution,task04_ep003_step0050,libero_goal_task04_ep003_seed3,drawer,,0.0,0.27574823864254067,0.2685316911732422,404.0,0.0,0.0,task04_ep003_step0050__goal_drawer__proposal_404,100.0
Q_preexecution,task04_ep004_step0050,libero_goal_task04_ep004_seed4,cabinet,,1.0,0.9586601962342454,0.9605353721630907,101.0,1.0,0.0,task04_ep004_step0050__goal_cabinet__proposal_101,100.0
Q_preexecution,task04_ep004_step0050,libero_goal_task04_ep004_seed4,cabinet,,1.0,1.0249680778655774,1.0181235414884195,202.0,1.0,0.0,task04_ep004_step0050__goal_cabinet__proposal_202,100.0
Q_preexecution,task04_ep004_step0050,libero_goal_task04_ep004_seed4,cabinet,,1.0,1.0423825035171013,1.0495571984519354,303.0,1.0,0.0,task04_ep004_step0050__goal_cabinet__proposal_303,100.0
Q_preexecution,task04_ep004_step0050,libero_goal_task04_ep004_seed4,cabinet,,1.0,1.0327540725750324,1.0339952459051807,404.0,1.0,0.0,task04_ep004_step0050__goal_cabinet__proposal_404,100.0
Q_preexecution,task04_ep004_step0050,libero_goal_task04_ep004_seed4,drawer,,0.0,-0.04974363655947445,-0.04821999638290464,101.0,0.0,0.0,task04_ep004_step0050__goal_drawer__proposal_101,100.0
Q_preexecution,task04_ep004_step0050,libero_goal_task04_ep004_seed4,drawer,,0.0,0.021828704554827105,0.017304352760196984,202.0,0.0,0.0,task04_ep004_step0050__goal_drawer__proposal_202,100.0
Q_preexecution,task04_ep004_step0050,libero_goal_task04_ep004_seed4,drawer,,0.0,0.03800262598714016,0.04039840631875424,303.0,0.0,0.0,task04_ep004_step0050__goal_drawer__proposal_303,100.0
Q_preexecution,task04_ep004_step0050,libero_goal_task04_ep004_seed4,drawer,,0.0,0.024541593197966227,0.030671826480503206,404.0,0.0,0.0,task04_ep004_step0050__goal_drawer__proposal_404,100.0
Q_effect_controlled,task03_ep000_step0050,libero_goal_task03_ep000_seed0,cabinet,,0.0,0.388437393411264,0.42069699526249144,101.0,0.0,0.0,task03_ep000_step0050__goal_cabinet__proposal_101,100.0
Q_effect_controlled,task03_ep000_step0050,libero_goal_task03_ep000_seed0,cabinet,,0.0,0.4593543635974599,0.4918542774421205,202.0,0.0,0.0,task03_ep000_step0050__goal_cabinet__proposal_202,100.0
Q_effect_controlled,task03_ep000_step0050,libero_goal_task03_ep000_seed0,cabinet,,0.0,0.43607714817792814,0.47799445902127036,303.0,0.0,0.0,task03_ep000_step0050__goal_cabinet__proposal_303,100.0
Q_effect_controlled,task03_ep000_step0050,libero_goal_task03_ep000_seed0,cabinet,,0.0,0.48988861263891126,0.5321519329162162,404.0,0.0,0.0,task03_ep000_step0050__goal_cabinet__proposal_404,100.0
Q_effect_controlled,task03_ep000_step0050,libero_goal_task03_ep000_seed0,drawer,,0.0,0.6296734702412461,0.655081167061257,101.0,0.0,-0.125,task03_ep000_step0050__goal_drawer__proposal_101,100.0
Q_effect_controlled,task03_ep000_step0050,libero_goal_task03_ep000_seed0,drawer,,0.0,0.6637701492640907,0.6835962894426888,202.0,0.0,-0.125,task03_ep000_step0050__goal_drawer__proposal_202,100.0
Q_effect_controlled,task03_ep000_step0050,libero_goal_task03_ep000_seed0,drawer,,0.0,0.6330615736777806,0.6694766185991716,303.0,0.0,-0.125,task03_ep000_step0050__goal_drawer__proposal_303,100.0
Q_effect_controlled,task03_ep000_step0050,libero_goal_task03_ep000_seed0,drawer,,0.5,0.6839910048119275,0.6933769697128584,404.0,0.5,0.375,task03_ep000_step0050__goal_drawer__proposal_404,100.0
Q_effect_controlled,task03_ep000_step0100,libero_goal_task03_ep000_seed0,cabinet,,0.0,0.4525600232116907,0.44457218006878757,101.0,0.0,-0.125,task03_ep000_step0100__goal_cabinet__proposal_101,100.0
Q_effect_controlled,task03_ep000_step0100,libero_goal_task03_ep000_seed0,cabinet,,0.0,0.4742401884912564,0.46564945601105423,202.0,0.0,-0.125,task03_ep000_step0100__goal_cabinet__proposal_202,100.0
Q_effect_controlled,task03_ep000_step0100,libero_goal_task03_ep000_seed0,cabinet,,0.5,0.646605589563378,0.6387720740980541,303.0,0.5,0.375,task03_ep000_step0100__goal_cabinet__proposal_303,100.0
Q_effect_controlled,task03_ep000_step0100,libero_goal_task03_ep000_seed0,cabinet,,0.0,0.5163467898058353,0.505939067711632,404.0,0.0,-0.125,task03_ep000_step0100__goal_cabinet__proposal_404,100.0
Q_effect_controlled,task03_ep000_step0100,libero_goal_task03_ep000_seed0,drawer,,0.0,0.7587062554413738,0.7457685201672987,101.0,0.0,-0.25,task03_ep000_step0100__goal_drawer__proposal_101,100.0
Q_effect_controlled,task03_ep000_step0100,libero_goal_task03_ep000_seed0,drawer,,1.0,0.7261488567654822,0.7164776642814034,202.0,1.0,0.75,task03_ep000_step0100__goal_drawer__proposal_202,100.0
Q_effect_controlled,task03_ep000_step0100,libero_goal_task03_ep000_seed0,drawer,,0.0,0.8130802215476409,0.8046026205552506,303.0,0.0,-0.25,task03_ep000_step0100__goal_drawer__proposal_303,100.0
Q_effect_controlled,task03_ep000_step0100,libero_goal_task03_ep000_seed0,drawer,,0.0,0.8052538075107243,0.7843771184532465,404.0,0.0,-0.25,task03_ep000_step0100__goal_drawer__proposal_404,100.0
Q_effect_controlled,task03_ep001_step0050,libero_goal_task03_ep001_seed1,cabinet,,0.0,-0.037276756651410614,-0.07147623127668112,101.0,0.0,-0.5,task03_ep001_step0050__goal_cabinet__proposal_101,100.0
Q_effect_controlled,task03_ep001_step0050,libero_goal_task03_ep001_seed1,cabinet,,1.0,0.028829981255344472,-0.020223475641895916,202.0,1.0,0.5,task03_ep001_step0050__goal_cabinet__proposal_202,100.0
Q_effect_controlled,task03_ep001_step0050,libero_goal_task03_ep001_seed1,cabinet,,0.0,0.014143519547357819,-0.029938451773925567,303.0,0.0,-0.5,task03_ep001_step0050__goal_cabinet__proposal_303,100.0
Q_effect_controlled,task03_ep001_step0050,libero_goal_task03_ep001_seed1,cabinet,,1.0,-0.017856465640411268,-0.043208261823383776,404.0,1.0,0.5,task03_ep001_step0050__goal_cabinet__proposal_404,100.0
Q_effect_controlled,task03_ep001_step0050,libero_goal_task03_ep001_seed1,drawer,,1.0,0.10282176190349213,0.08552470329567824,101.0,1.0,0.125,task03_ep001_step0050__goal_drawer__proposal_101,100.0
Q_effect_controlled,task03_ep001_step0050,libero_goal_task03_ep001_seed1,drawer,,0.5,0.1536406773492969,0.13259063402441837,202.0,0.5,-0.375,task03_ep001_step0050__goal_drawer__proposal_202,100.0
Q_effect_controlled,task03_ep001_step0050,libero_goal_task03_ep001_seed1,drawer,,1.0,0.14357825255879345,0.12091989235550316,303.0,1.0,0.125,task03_ep001_step0050__goal_drawer__proposal_303,100.0
Q_effect_controlled,task03_ep001_step0050,libero_goal_task03_ep001_seed1,drawer,,1.0,0.1295564800125307,0.11415833872399553,404.0,1.0,0.125,task03_ep001_step0050__goal_drawer__proposal_404,100.0
Q_effect_controlled,task03_ep001_step0100,libero_goal_task03_ep001_seed1,cabinet,,1.0,0.37589332893665656,0.33760532770086166,101.0,1.0,0.0,task03_ep001_step0100__goal_cabinet__proposal_101,100.0
Q_effect_controlled,task03_ep001_step0100,libero_goal_task03_ep001_seed1,cabinet,,1.0,0.5340822326443965,0.5042407718587522,202.0,1.0,0.0,task03_ep001_step0100__goal_cabinet__proposal_202,100.0
Q_effect_controlled,task03_ep001_step0100,libero_goal_task03_ep001_seed1,cabinet,,1.0,0.5146366035384315,0.47640276252350705,303.0,1.0,0.0,task03_ep001_step0100__goal_cabinet__proposal_303,100.0
Q_effect_controlled,task03_ep001_step0100,libero_goal_task03_ep001_seed1,cabinet,,1.0,0.48649045820536074,0.44055335810798674,404.0,1.0,0.0,task03_ep001_step0100__goal_cabinet__proposal_404,100.0
Q_effect_controlled,task03_ep001_step0100,libero_goal_task03_ep001_seed1,drawer,,1.0,0.5664817155509492,0.5338451079057132,101.0,1.0,0.0,task03_ep001_step0100__goal_drawer__proposal_101,100.0
Q_effect_controlled,task03_ep001_step0100,libero_goal_task03_ep001_seed1,drawer,,1.0,0.5724873876075498,0.5426970555527979,202.0,1.0,0.0,task03_ep001_step0100__goal_drawer__proposal_202,100.0
Q_effect_controlled,task03_ep001_step0100,libero_goal_task03_ep001_seed1,drawer,,1.0,0.6282682005135563,0.5944338766839197,303.0,1.0,0.0,task03_ep001_step0100__goal_drawer__proposal_303,100.0
Q_effect_controlled,task03_ep001_step0100,libero_goal_task03_ep001_seed1,drawer,,1.0,0.5911191738720243,0.565500797666857,404.0,1.0,0.0,task03_ep001_step0100__goal_drawer__proposal_404,100.0
Q_effect_controlled,task03_ep003_step0100,libero_goal_task03_ep003_seed3,cabinet,,0.0,0.6046009858087512,0.6405469840893767,101.0,0.0,-0.25,task03_ep003_step0100__goal_cabinet__proposal_101,100.0
Q_effect_controlled,task03_ep003_step0100,libero_goal_task03_ep003_seed3,cabinet,,0.0,0.6923574430782009,0.7304582328122079,202.0,0.0,-0.25,task03_ep003_step0100__goal_cabinet__proposal_202,100.0
Q_effect_controlled,task03_ep003_step0100,libero_goal_task03_ep003_seed3,cabinet,,1.0,0.6993618048773727,0.7259845928462791,303.0,1.0,0.75,task03_ep003_step0100__goal_cabinet__proposal_303,100.0
Q_effect_controlled,task03_ep003_step0100,libero_goal_task03_ep003_seed3,cabinet,,0.0,0.6897541173092452,0.7083810107167604,404.0,0.0,-0.25,task03_ep003_step0100__goal_cabinet__proposal_404,100.0
Q_effect_controlled,task03_ep003_step0100,libero_goal_task03_ep003_seed3,drawer,,0.0,0.1871000096414091,0.06964847928979767,101.0,0.0,0.0,task03_ep003_step0100__goal_drawer__proposal_101,100.0
Q_effect_controlled,task03_ep003_step0100,libero_goal_task03_ep003_seed3,drawer,,0.0,0.2901895523592035,0.17515546202372734,202.0,0.0,0.0,task03_ep003_step0100__goal_drawer__proposal_202,100.0
Q_effect_controlled,task03_ep003_step0100,libero_goal_task03_ep003_seed3,drawer,,0.0,0.20070546142171425,0.0791185137954516,303.0,0.0,0.0,task03_ep003_step0100__goal_drawer__proposal_303,100.0
Q_effect_controlled,task03_ep003_step0100,libero_goal_task03_ep003_seed3,drawer,,0.0,0.26903957817388435,0.1380210758202997,404.0,0.0,0.0,task03_ep003_step0100__goal_drawer__proposal_404,100.0
Q_effect_controlled,task04_ep000_step0050,libero_goal_task04_ep000_seed0,cabinet,,1.0,0.9125984494390207,0.8984739610645067,101.0,1.0,0.0,task04_ep000_step0050__goal_cabinet__proposal_101,100.0
Q_effect_controlled,task04_ep000_step0050,libero_goal_task04_ep000_seed0,cabinet,,1.0,0.9403965561551939,0.9391350252749222,202.0,1.0,0.0,task04_ep000_step0050__goal_cabinet__proposal_202,100.0
Q_effect_controlled,task04_ep000_step0050,libero_goal_task04_ep000_seed0,cabinet,,1.0,0.972359329584197,0.9690225033362642,303.0,1.0,0.0,task04_ep000_step0050__goal_cabinet__proposal_303,100.0
Q_effect_controlled,task04_ep000_step0050,libero_goal_task04_ep000_seed0,cabinet,,1.0,0.9239218310689237,0.9292080253489203,404.0,1.0,0.0,task04_ep000_step0050__goal_cabinet__proposal_404,100.0
Q_effect_controlled,task04_ep000_step0050,libero_goal_task04_ep000_seed0,drawer,,0.0,0.08714200430667718,0.0927370811878444,101.0,0.0,0.0,task04_ep000_step0050__goal_drawer__proposal_101,100.0
Q_effect_controlled,task04_ep000_step0050,libero_goal_task04_ep000_seed0,drawer,,0.0,0.15347278142166304,0.1575192238027876,202.0,0.0,0.0,task04_ep000_step0050__goal_drawer__proposal_202,100.0
Q_effect_controlled,task04_ep000_step0050,libero_goal_task04_ep000_seed0,drawer,,0.0,0.15371366422830685,0.14558017641890902,303.0,0.0,0.0,task04_ep000_step0050__goal_drawer__proposal_303,100.0
Q_effect_controlled,task04_ep000_step0050,libero_goal_task04_ep000_seed0,drawer,,0.0,0.140636617335745,0.12935336334331154,404.0,0.0,0.0,task04_ep000_step0050__goal_drawer__proposal_404,100.0
Q_effect_controlled,task04_ep001_step0050,libero_goal_task04_ep001_seed1,cabinet,,1.0,1.0486105479856398,1.0548274527666062,101.0,1.0,0.0,task04_ep001_step0050__goal_cabinet__proposal_101,100.0
Q_effect_controlled,task04_ep001_step0050,libero_goal_task04_ep001_seed1,cabinet,,1.0,1.1345569525248174,1.1409643864481,202.0,1.0,0.0,task04_ep001_step0050__goal_cabinet__proposal_202,100.0
Q_effect_controlled,task04_ep001_step0050,libero_goal_task04_ep001_seed1,cabinet,,1.0,1.1326001324129527,1.1322569000239255,303.0,1.0,0.0,task04_ep001_step0050__goal_cabinet__proposal_303,100.0
Q_effect_controlled,task04_ep001_step0050,libero_goal_task04_ep001_seed1,cabinet,,1.0,1.1320909510409911,1.1466837237742615,404.0,1.0,0.0,task04_ep001_step0050__goal_cabinet__proposal_404,100.0
Q_effect_controlled,task04_ep001_step0050,libero_goal_task04_ep001_seed1,drawer,,0.0,0.2630830275685965,0.2646969876438644,101.0,0.0,0.0,task04_ep001_step0050__goal_drawer__proposal_101,100.0
Q_effect_controlled,task04_ep001_step0050,libero_goal_task04_ep001_seed1,drawer,,0.0,0.3381825490476005,0.34337938137749435,202.0,0.0,0.0,task04_ep001_step0050__goal_drawer__proposal_202,100.0
Q_effect_controlled,task04_ep001_step0050,libero_goal_task04_ep001_seed1,drawer,,0.0,0.33414071268821377,0.3207885812178728,303.0,0.0,0.0,task04_ep001_step0050__goal_drawer__proposal_303,100.0
Q_effect_controlled,task04_ep001_step0050,libero_goal_task04_ep001_seed1,drawer,,0.0,0.3445970226367118,0.3346628644536577,404.0,0.0,0.0,task04_ep001_step0050__goal_drawer__proposal_404,100.0
Q_effect_controlled,task04_ep002_step0050,libero_goal_task04_ep002_seed2,cabinet,,1.0,0.8291382958761744,0.8276493171087609,101.0,1.0,0.0,task04_ep002_step0050__goal_cabinet__proposal_101,100.0
Q_effect_controlled,task04_ep002_step0050,libero_goal_task04_ep002_seed2,cabinet,,1.0,0.9112764504573987,0.9225303419089542,202.0,1.0,0.0,task04_ep002_step0050__goal_cabinet__proposal_202,100.0
Q_effect_controlled,task04_ep002_step0050,libero_goal_task04_ep002_seed2,cabinet,,1.0,0.8917340825714775,0.9149901172402861,303.0,1.0,0.0,task04_ep002_step0050__goal_cabinet__proposal_303,100.0
Q_effect_controlled,task04_ep002_step0050,libero_goal_task04_ep002_seed2,cabinet,,1.0,0.9560344964527928,0.9716689837112167,404.0,1.0,0.0,task04_ep002_step0050__goal_cabinet__proposal_404,100.0
Q_effect_controlled,task04_ep002_step0050,libero_goal_task04_ep002_seed2,drawer,,0.0,-0.25588871615671205,-0.2578536060497418,101.0,0.0,0.0,task04_ep002_step0050__goal_drawer__proposal_101,100.0
Q_effect_controlled,task04_ep002_step0050,libero_goal_task04_ep002_seed2,drawer,,0.0,-0.17800556779968402,-0.17285048584722246,202.0,0.0,0.0,task04_ep002_step0050__goal_drawer__proposal_202,100.0
Q_effect_controlled,task04_ep002_step0050,libero_goal_task04_ep002_seed2,drawer,,0.0,-0.1969302107642531,-0.18242887446829154,303.0,0.0,0.0,task04_ep002_step0050__goal_drawer__proposal_303,100.0
Q_effect_controlled,task04_ep002_step0050,libero_goal_task04_ep002_seed2,drawer,,0.0,-0.1933026568234555,-0.17342253973101213,404.0,0.0,0.0,task04_ep002_step0050__goal_drawer__proposal_404,100.0
Q_effect_controlled,task04_ep003_step0050,libero_goal_task04_ep003_seed3,cabinet,,1.0,1.005895345722117,1.007833480253792,101.0,1.0,0.0,task04_ep003_step0050__goal_cabinet__proposal_101,100.0
Q_effect_controlled,task04_ep003_step0050,libero_goal_task04_ep003_seed3,cabinet,,1.0,1.0783725673005378,1.0644458226936466,202.0,1.0,0.0,task04_ep003_step0050__goal_cabinet__proposal_202,100.0
Q_effect_controlled,task04_ep003_step0050,libero_goal_task04_ep003_seed3,cabinet,,1.0,1.075360876099964,1.063375095698221,303.0,1.0,0.0,task04_ep003_step0050__goal_cabinet__proposal_303,100.0
Q_effect_controlled,task04_ep003_step0050,libero_goal_task04_ep003_seed3,cabinet,,1.0,1.0858339089171485,1.07668696226225,404.0,1.0,0.0,task04_ep003_step0050__goal_cabinet__proposal_404,100.0
Q_effect_controlled,task04_ep003_step0050,libero_goal_task04_ep003_seed3,drawer,,0.0,0.19813842997058762,0.21530465662914988,101.0,0.0,0.0,task04_ep003_step0050__goal_drawer__proposal_101,100.0
Q_effect_controlled,task04_ep003_step0050,libero_goal_task04_ep003_seed3,drawer,,0.0,0.2777250075526,0.2751548221110563,202.0,0.0,0.0,task04_ep003_step0050__goal_drawer__proposal_202,100.0
Q_effect_controlled,task04_ep003_step0050,libero_goal_task04_ep003_seed3,drawer,,0.0,0.2657757715629635,0.26011032887868984,303.0,0.0,0.0,task04_ep003_step0050__goal_drawer__proposal_303,100.0
Q_effect_controlled,task04_ep003_step0050,libero_goal_task04_ep003_seed3,drawer,,0.0,0.27252533571231274,0.2650253628013267,404.0,0.0,0.0,task04_ep003_step0050__goal_drawer__proposal_404,100.0
Q_effect_controlled,task04_ep004_step0050,libero_goal_task04_ep004_seed4,cabinet,,1.0,0.9598774670790851,0.9645489032727302,101.0,1.0,0.0,task04_ep004_step0050__goal_cabinet__proposal_101,100.0
Q_effect_controlled,task04_ep004_step0050,libero_goal_task04_ep004_seed4,cabinet,,1.0,1.0365458335933169,1.0320904983704366,202.0,1.0,0.0,task04_ep004_step0050__goal_cabinet__proposal_202,100.0
Q_effect_controlled,task04_ep004_step0050,libero_goal_task04_ep004_seed4,cabinet,,1.0,1.083015084874895,1.0933136951822764,303.0,1.0,0.0,task04_ep004_step0050__goal_cabinet__proposal_303,100.0
Q_effect_controlled,task04_ep004_step0050,libero_goal_task04_ep004_seed4,cabinet,,1.0,1.0887006388539693,1.0930692937882247,404.0,1.0,0.0,task04_ep004_step0050__goal_cabinet__proposal_404,100.0
Q_effect_controlled,task04_ep004_step0050,libero_goal_task04_ep004_seed4,drawer,,0.0,-0.04729712958048632,-0.041188841757611394,101.0,0.0,0.0,task04_ep004_step0050__goal_drawer__proposal_101,100.0
Q_effect_controlled,task04_ep004_step0050,libero_goal_task04_ep004_seed4,drawer,,0.0,-0.001739197921955149,-0.00295188331935603,202.0,0.0,0.0,task04_ep004_step0050__goal_drawer__proposal_202,100.0
Q_effect_controlled,task04_ep004_step0050,libero_goal_task04_ep004_seed4,drawer,,0.0,0.002975282481503805,0.009194716073802178,303.0,0.0,0.0,task04_ep004_step0050__goal_drawer__proposal_303,100.0
Q_effect_controlled,task04_ep004_step0050,libero_goal_task04_ep004_seed4,drawer,,0.0,0.00915722784384948,0.020418156874585702,404.0,0.0,0.0,task04_ep004_step0050__goal_drawer__proposal_404,100.0
L_effect_controlled,task03_ep000_step0050,libero_goal_task03_ep000_seed0,cabinet,,0.0,-0.06266152991007493,-0.062238411733230976,101.0,0.0,0.0,task03_ep000_step0050__goal_cabinet__proposal_101,100.0
L_effect_controlled,task03_ep000_step0050,libero_goal_task03_ep000_seed0,cabinet,,0.0,0.011140160806721538,0.015239312020388147,202.0,0.0,0.0,task03_ep000_step0050__goal_cabinet__proposal_202,100.0
L_effect_controlled,task03_ep000_step0050,libero_goal_task03_ep000_seed0,cabinet,,0.0,0.0010016865325534387,0.004255282188978908,303.0,0.0,0.0,task03_ep000_step0050__goal_cabinet__proposal_303,100.0
L_effect_controlled,task03_ep000_step0050,libero_goal_task03_ep000_seed0,cabinet,,0.0,0.035961102729094044,0.04491260168884395,404.0,0.0,0.0,task03_ep000_step0050__goal_cabinet__proposal_404,100.0
L_effect_controlled,task03_ep000_step0050,libero_goal_task03_ep000_seed0,drawer,,-0.125,-0.018260943928745537,-0.020185557396769867,101.0,0.0,-0.125,task03_ep000_step0050__goal_drawer__proposal_101,100.0
L_effect_controlled,task03_ep000_step0050,libero_goal_task03_ep000_seed0,drawer,,-0.125,0.0350260149738848,0.031989393082421325,202.0,0.0,-0.125,task03_ep000_step0050__goal_drawer__proposal_202,100.0
L_effect_controlled,task03_ep000_step0050,libero_goal_task03_ep000_seed0,drawer,,-0.125,0.0331457890830605,0.037120478385257574,303.0,0.0,-0.125,task03_ep000_step0050__goal_drawer__proposal_303,100.0
L_effect_controlled,task03_ep000_step0050,libero_goal_task03_ep000_seed0,drawer,,0.375,0.05901388790880099,0.04797534341509953,404.0,0.5,0.375,task03_ep000_step0050__goal_drawer__proposal_404,100.0
L_effect_controlled,task03_ep000_step0100,libero_goal_task03_ep000_seed0,cabinet,,-0.125,-0.13440915101238265,-0.1426769307591612,101.0,0.0,-0.125,task03_ep000_step0100__goal_cabinet__proposal_101,100.0
L_effect_controlled,task03_ep000_step0100,libero_goal_task03_ep000_seed0,cabinet,,-0.125,-0.09973500192650175,-0.10685493652847773,202.0,0.0,-0.125,task03_ep000_step0100__goal_cabinet__proposal_202,100.0
L_effect_controlled,task03_ep000_step0100,libero_goal_task03_ep000_seed0,cabinet,,0.375,0.041294447812326496,0.03055418028929445,303.0,0.5,0.375,task03_ep000_step0100__goal_cabinet__proposal_303,100.0
L_effect_controlled,task03_ep000_step0100,libero_goal_task03_ep000_seed0,cabinet,,-0.125,-0.07442658799356741,-0.08556207187237819,404.0,0.0,-0.125,task03_ep000_step0100__goal_cabinet__proposal_404,100.0
L_effect_controlled,task03_ep000_step0100,libero_goal_task03_ep000_seed0,drawer,,-0.25,-0.07550541959774493,-0.08900653170144725,101.0,0.0,-0.25,task03_ep000_step0100__goal_drawer__proposal_101,100.0
L_effect_controlled,task03_ep000_step0100,libero_goal_task03_ep000_seed0,drawer,,0.75,-0.04850841622027244,-0.05216614823892375,202.0,1.0,0.75,task03_ep000_step0100__goal_drawer__proposal_202,100.0
L_effect_controlled,task03_ep000_step0100,libero_goal_task03_ep000_seed0,drawer,,-0.25,-0.017592168702855227,-0.028662111046158605,303.0,0.0,-0.25,task03_ep000_step0100__goal_drawer__proposal_303,100.0
L_effect_controlled,task03_ep000_step0100,libero_goal_task03_ep000_seed0,drawer,,-0.25,-0.010553277949737332,-0.031641795755486826,404.0,0.0,-0.25,task03_ep000_step0100__goal_drawer__proposal_404,100.0
L_effect_controlled,task03_ep001_step0050,libero_goal_task03_ep001_seed1,cabinet,,-0.5,-0.10198916803000938,-0.09500958783217055,101.0,0.0,-0.5,task03_ep001_step0050__goal_cabinet__proposal_101,100.0
L_effect_controlled,task03_ep001_step0050,libero_goal_task03_ep001_seed1,cabinet,,0.5,-0.042820895316871964,-0.04196652241758291,202.0,1.0,0.5,task03_ep001_step0050__goal_cabinet__proposal_202,100.0
L_effect_controlled,task03_ep001_step0050,libero_goal_task03_ep001_seed1,cabinet,,-0.5,-0.03126739450530771,-0.025529395802732852,303.0,0.0,-0.5,task03_ep001_step0050__goal_cabinet__proposal_303,100.0
L_effect_controlled,task03_ep001_step0050,libero_goal_task03_ep001_seed1,cabinet,,0.5,-0.07740933733444842,-0.053358741454271746,404.0,1.0,0.5,task03_ep001_step0050__goal_cabinet__proposal_404,100.0
L_effect_controlled,task03_ep001_step0050,libero_goal_task03_ep001_seed1,drawer,,0.125,-0.10419870258739015,-0.10516056752282636,101.0,1.0,0.125,task03_ep001_step0050__goal_drawer__proposal_101,100.0
L_effect_controlled,task03_ep001_step0050,libero_goal_task03_ep001_seed1,drawer,,-0.375,-0.06408076567633497,-0.06108437277381878,202.0,0.5,-0.375,task03_ep001_step0050__goal_drawer__proposal_202,100.0
L_effect_controlled,task03_ep001_step0050,libero_goal_task03_ep001_seed1,drawer,,0.125,-0.040858416803412914,-0.04602184859950396,303.0,1.0,0.125,task03_ep001_step0050__goal_drawer__proposal_303,100.0
L_effect_controlled,task03_ep001_step0050,libero_goal_task03_ep001_seed1,drawer,,0.125,-0.07501039485187741,-0.07048469404989545,404.0,1.0,0.125,task03_ep001_step0050__goal_drawer__proposal_404,100.0
L_effect_controlled,task03_ep001_step0100,libero_goal_task03_ep001_seed1,cabinet,,0.0,0.012042175233562068,0.0007457568530681981,101.0,1.0,0.0,task03_ep001_step0100__goal_cabinet__proposal_101,100.0
L_effect_controlled,task03_ep001_step0100,libero_goal_task03_ep001_seed1,cabinet,,0.0,0.1537142682134208,0.15498960247474028,202.0,1.0,0.0,task03_ep001_step0100__goal_cabinet__proposal_202,100.0
L_effect_controlled,task03_ep001_step0100,libero_goal_task03_ep001_seed1,cabinet,,0.0,0.1431150113251431,0.13038497271232885,303.0,1.0,0.0,task03_ep001_step0100__goal_cabinet__proposal_303,100.0
L_effect_controlled,task03_ep001_step0100,libero_goal_task03_ep001_seed1,cabinet,,0.0,0.10617419225956429,0.08401161968884978,404.0,1.0,0.0,task03_ep001_step0100__goal_cabinet__proposal_404,100.0
L_effect_controlled,task03_ep001_step0100,libero_goal_task03_ep001_seed1,drawer,,0.0,0.10018052094380832,0.09377378102701187,101.0,1.0,0.0,task03_ep001_step0100__goal_drawer__proposal_101,100.0
L_effect_controlled,task03_ep001_step0100,libero_goal_task03_ep001_seed1,drawer,,0.0,0.1146681706280658,0.1179615466656013,202.0,1.0,0.0,task03_ep001_step0100__goal_drawer__proposal_202,100.0
L_effect_controlled,task03_ep001_step0100,libero_goal_task03_ep001_seed1,drawer,,0.0,0.16599378037732374,0.1555900312442645,303.0,1.0,0.0,task03_ep001_step0100__goal_drawer__proposal_303,100.0
L_effect_controlled,task03_ep001_step0100,libero_goal_task03_ep001_seed1,drawer,,0.0,0.12336034554215261,0.12100466160918572,404.0,1.0,0.0,task03_ep001_step0100__goal_drawer__proposal_404,100.0
L_effect_controlled,task03_ep003_step0100,libero_goal_task03_ep003_seed3,cabinet,,-0.25,-0.07270666057608348,-0.058996900551031094,101.0,0.0,-0.25,task03_ep003_step0100__goal_cabinet__proposal_101,100.0
L_effect_controlled,task03_ep003_step0100,libero_goal_task03_ep003_seed3,cabinet,,-0.25,0.007784081626622865,0.028331271783404527,202.0,0.0,-0.25,task03_ep003_step0100__goal_cabinet__proposal_202,100.0
L_effect_controlled,task03_ep003_step0100,libero_goal_task03_ep003_seed3,cabinet,,0.75,0.00871768717089336,0.013178778358927007,303.0,1.0,0.75,task03_ep003_step0100__goal_cabinet__proposal_303,100.0
L_effect_controlled,task03_ep003_step0100,libero_goal_task03_ep003_seed3,cabinet,,-0.25,-3.3886608537846757e-06,-0.005967004405640476,404.0,0.0,-0.25,task03_ep003_step0100__goal_cabinet__proposal_404,100.0
L_effect_controlled,task03_ep003_step0100,libero_goal_task03_ep003_seed3,drawer,,0.0,-0.08773831303292212,-0.11139827826459063,101.0,0.0,0.0,task03_ep003_step0100__goal_drawer__proposal_101,100.0
L_effect_controlled,task03_ep003_step0100,libero_goal_task03_ep003_seed3,drawer,,0.0,0.013201913583991214,-0.009559493378393305,202.0,0.0,0.0,task03_ep003_step0100__goal_drawer__proposal_202,100.0
L_effect_controlled,task03_ep003_step0100,libero_goal_task03_ep003_seed3,drawer,,0.0,-0.06249164145192496,-0.08694265163053334,303.0,0.0,0.0,task03_ep003_step0100__goal_drawer__proposal_303,100.0
L_effect_controlled,task03_ep003_step0100,libero_goal_task03_ep003_seed3,drawer,,0.0,0.003363373670261735,-0.029323611576691316,404.0,0.0,0.0,task03_ep003_step0100__goal_drawer__proposal_404,100.0
L_effect_controlled,task04_ep000_step0050,libero_goal_task04_ep000_seed0,cabinet,,0.0,-0.0023375670809468348,-0.010066602291228964,101.0,1.0,0.0,task04_ep000_step0050__goal_cabinet__proposal_101,100.0
L_effect_controlled,task04_ep000_step0050,libero_goal_task04_ep000_seed0,cabinet,,0.0,0.031201907748702195,0.02661817490166432,202.0,1.0,0.0,task04_ep000_step0050__goal_cabinet__proposal_202,100.0
L_effect_controlled,task04_ep000_step0050,libero_goal_task04_ep000_seed0,cabinet,,0.0,0.06251735796464153,0.062160155164251385,303.0,1.0,0.0,task04_ep000_step0050__goal_cabinet__proposal_303,100.0
L_effect_controlled,task04_ep000_step0050,libero_goal_task04_ep000_seed0,cabinet,,0.0,0.013375750587187324,0.018545526136128865,404.0,1.0,0.0,task04_ep000_step0050__goal_cabinet__proposal_404,100.0
L_effect_controlled,task04_ep000_step0050,libero_goal_task04_ep000_seed0,drawer,,0.0,-0.0377827739211386,-0.025001696221162856,101.0,0.0,0.0,task04_ep000_step0050__goal_drawer__proposal_101,100.0
L_effect_controlled,task04_ep000_step0050,libero_goal_task04_ep000_seed0,drawer,,0.0,0.02623032789892844,0.03434646264480602,202.0,0.0,0.0,task04_ep000_step0050__goal_drawer__proposal_202,100.0
L_effect_controlled,task04_ep000_step0050,libero_goal_task04_ep000_seed0,drawer,,0.0,0.01990601184982379,0.023613592067357195,303.0,0.0,0.0,task04_ep000_step0050__goal_drawer__proposal_303,100.0
L_effect_controlled,task04_ep000_step0050,libero_goal_task04_ep000_seed0,drawer,,0.0,0.012773558143377984,0.014526814415330063,404.0,0.0,0.0,task04_ep000_step0050__goal_drawer__proposal_404,100.0
L_effect_controlled,task04_ep001_step0050,libero_goal_task04_ep001_seed1,cabinet,,0.0,-0.03826199080457355,-0.03402056198257037,101.0,1.0,0.0,task04_ep001_step0050__goal_cabinet__proposal_101,100.0
L_effect_controlled,task04_ep001_step0050,libero_goal_task04_ep001_seed1,cabinet,,0.0,0.04350879236746294,0.04321449966299595,202.0,1.0,0.0,task04_ep001_step0050__goal_cabinet__proposal_202,100.0
L_effect_controlled,task04_ep001_step0050,libero_goal_task04_ep001_seed1,cabinet,,0.0,0.02759724514077812,0.024270595019023823,303.0,1.0,0.0,task04_ep001_step0050__goal_cabinet__proposal_303,100.0
L_effect_controlled,task04_ep001_step0050,libero_goal_task04_ep001_seed1,cabinet,,0.0,0.04239101972499928,0.04516276392630489,404.0,1.0,0.0,task04_ep001_step0050__goal_cabinet__proposal_404,100.0
L_effect_controlled,task04_ep001_step0050,libero_goal_task04_ep001_seed1,drawer,,0.0,-0.03496114901681411,-0.02743503984076057,101.0,0.0,0.0,task04_ep001_step0050__goal_drawer__proposal_101,100.0
L_effect_controlled,task04_ep001_step0050,libero_goal_task04_ep001_seed1,drawer,,0.0,0.0387743302998496,0.041864217641211524,202.0,0.0,0.0,task04_ep001_step0050__goal_drawer__proposal_202,100.0
L_effect_controlled,task04_ep001_step0050,libero_goal_task04_ep001_seed1,drawer,,0.0,0.03094496286259599,0.021755286513374876,303.0,0.0,0.0,task04_ep001_step0050__goal_drawer__proposal_303,100.0
L_effect_controlled,task04_ep001_step0050,libero_goal_task04_ep001_seed1,drawer,,0.0,0.04830948885815053,0.03961528676430385,404.0,0.0,0.0,task04_ep001_step0050__goal_drawer__proposal_404,100.0
L_effect_controlled,task04_ep002_step0050,libero_goal_task04_ep002_seed2,cabinet,,0.0,-0.08456990190677671,-0.09902360105007442,101.0,1.0,0.0,task04_ep002_step0050__goal_cabinet__proposal_101,100.0
L_effect_controlled,task04_ep002_step0050,libero_goal_task04_ep002_seed2,cabinet,,0.0,-0.0121409848801025,-0.017730441075781724,202.0,1.0,0.0,task04_ep002_step0050__goal_cabinet__proposal_202,100.0
L_effect_controlled,task04_ep002_step0050,libero_goal_task04_ep002_seed2,cabinet,,0.0,-0.028047453341781145,-0.016586958603469353,303.0,1.0,0.0,task04_ep002_step0050__goal_cabinet__proposal_303,100.0
L_effect_controlled,task04_ep002_step0050,libero_goal_task04_ep002_seed2,cabinet,,0.0,0.035143816105482985,0.040297485447555195,404.0,1.0,0.0,task04_ep002_step0050__goal_cabinet__proposal_404,100.0
L_effect_controlled,task04_ep002_step0050,libero_goal_task04_ep002_seed2,drawer,,0.0,-0.041933636906132936,-0.06540568132643423,101.0,0.0,0.0,task04_ep002_step0050__goal_drawer__proposal_101,100.0
L_effect_controlled,task04_ep002_step0050,libero_goal_task04_ep002_seed2,drawer,,0.0,0.02943222156244899,0.014521781878649302,202.0,0.0,0.0,task04_ep002_step0050__goal_drawer__proposal_202,100.0
L_effect_controlled,task04_ep002_step0050,libero_goal_task04_ep002_seed2,drawer,,0.0,0.011889906317373028,0.008561828469462171,303.0,0.0,0.0,task04_ep002_step0050__goal_drawer__proposal_303,100.0
L_effect_controlled,task04_ep002_step0050,libero_goal_task04_ep002_seed2,drawer,,0.0,0.023339656548286326,0.026599035916142277,404.0,0.0,0.0,task04_ep002_step0050__goal_drawer__proposal_404,100.0
L_effect_controlled,task04_ep003_step0050,libero_goal_task04_ep003_seed3,cabinet,,0.0,-0.07774608332451992,-0.068574564470936,101.0,1.0,0.0,task04_ep003_step0050__goal_cabinet__proposal_101,100.0
L_effect_controlled,task04_ep003_step0050,libero_goal_task04_ep003_seed3,cabinet,,0.0,0.00022892787047179027,-0.00028242209990962463,202.0,1.0,0.0,task04_ep003_step0050__goal_cabinet__proposal_202,100.0
L_effect_controlled,task04_ep003_step0050,libero_goal_task04_ep003_seed3,cabinet,,0.0,-0.011905388130079476,-0.00806345870693317,303.0,1.0,0.0,task04_ep003_step0050__goal_cabinet__proposal_303,100.0
L_effect_controlled,task04_ep003_step0050,libero_goal_task04_ep003_seed3,cabinet,,0.0,-0.003947234120767533,-0.004211428084725101,404.0,1.0,0.0,task04_ep003_step0050__goal_cabinet__proposal_404,100.0
L_effect_controlled,task04_ep003_step0050,libero_goal_task04_ep003_seed3,drawer,,0.0,-0.0347277566256276,-0.011530173976174906,101.0,0.0,0.0,task04_ep003_step0050__goal_drawer__proposal_101,100.0
L_effect_controlled,task04_ep003_step0050,libero_goal_task04_ep003_seed3,drawer,,0.0,0.049933773651838285,0.05282888769451076,202.0,0.0,0.0,task04_ep003_step0050__goal_drawer__proposal_202,100.0
L_effect_controlled,task04_ep003_step0050,libero_goal_task04_ep003_seed3,drawer,,0.0,0.02482872089914294,0.02824345037526587,303.0,0.0,0.0,task04_ep003_step0050__goal_drawer__proposal_303,100.0
L_effect_controlled,task04_ep003_step0050,libero_goal_task04_ep003_seed3,drawer,,0.0,0.046057709114961445,0.04769581084723683,404.0,0.0,0.0,task04_ep003_step0050__goal_drawer__proposal_404,100.0
L_effect_controlled,task04_ep004_step0050,libero_goal_task04_ep004_seed4,cabinet,,0.0,-0.04348825005358032,-0.052971350005397995,101.0,1.0,0.0,task04_ep004_step0050__goal_cabinet__proposal_101,100.0
L_effect_controlled,task04_ep004_step0050,libero_goal_task04_ep004_seed4,cabinet,,0.0,0.039002952596077695,0.017941589281267854,202.0,1.0,0.0,task04_ep004_step0050__goal_cabinet__proposal_202,100.0
L_effect_controlled,task04_ep004_step0050,libero_goal_task04_ep004_seed4,cabinet,,0.0,0.07118251090535667,0.06577111485107057,303.0,1.0,0.0,task04_ep004_step0050__goal_cabinet__proposal_303,100.0
L_effect_controlled,task04_ep004_step0050,libero_goal_task04_ep004_seed4,cabinet,,0.0,0.07904593829706406,0.07000447075241004,404.0,1.0,0.0,task04_ep004_step0050__goal_cabinet__proposal_404,100.0
L_effect_controlled,task04_ep004_step0050,libero_goal_task04_ep004_seed4,drawer,,0.0,-0.041915727077861314,-0.05145271675015521,101.0,0.0,0.0,task04_ep004_step0050__goal_drawer__proposal_101,100.0
L_effect_controlled,task04_ep004_step0050,libero_goal_task04_ep004_seed4,drawer,,0.0,-0.011623608312568505,-0.03286388246858282,202.0,0.0,0.0,task04_ep004_step0050__goal_drawer__proposal_202,100.0
L_effect_controlled,task04_ep004_step0050,libero_goal_task04_ep004_seed4,drawer,,0.0,-0.0017797485693759115,-0.013996591654177543,303.0,0.0,0.0,task04_ep004_step0050__goal_drawer__proposal_303,100.0
L_effect_controlled,task04_ep004_step0050,libero_goal_task04_ep004_seed4,drawer,,0.0,0.01160438438775023,0.008606218468156257,404.0,0.0,0.0,task04_ep004_step0050__goal_drawer__proposal_404,100.0
V,task03_ep000_step0050,libero_goal_task03_ep000_seed0,cabinet,0.0,0.0,0.39183463711253436,0.3938259072707608,,,,,10.0
V,task03_ep000_step0050,libero_goal_task03_ep000_seed0,drawer,0.125,0.125,0.6208174030395933,0.6226122896256596,,,,,10.0
V,task03_ep000_step0100,libero_goal_task03_ep000_seed0,cabinet,0.125,0.125,0.5686353577856362,0.5720456279762113,,,,,10.0
V,task03_ep000_step0100,libero_goal_task03_ep000_seed0,drawer,0.25,0.25,0.8248131342645637,0.8308817093206269,,,,,10.0
V,task03_ep001_step0050,libero_goal_task03_ep001_seed1,cabinet,0.5,0.5,0.061666698541098464,0.06077316510982683,,,,,10.0
V,task03_ep001_step0050,libero_goal_task03_ep001_seed1,drawer,0.875,0.875,0.23669284998650414,0.2312609375702952,,,,,10.0
V,task03_ep001_step0100,libero_goal_task03_ep001_seed1,cabinet,1.0,1.0,0.4085066556604764,0.3993279002026036,,,,,10.0
V,task03_ep001_step0100,libero_goal_task03_ep001_seed1,drawer,1.0,1.0,0.49096923612842625,0.4764700009519445,,,,,10.0
V,task03_ep003_step0100,libero_goal_task03_ep003_seed3,cabinet,0.25,0.25,0.7024155809353654,0.7105393843824679,,,,,10.0
V,task03_ep003_step0100,libero_goal_task03_ep003_seed3,drawer,0.0,0.0,0.2941048503395284,0.3074965086121335,,,,,10.0
V,task04_ep000_step0050,libero_goal_task04_ep000_seed0,cabinet,1.0,1.0,0.9127060787572385,0.9127371918436645,,,,,10.0
V,task04_ep000_step0050,libero_goal_task04_ep000_seed0,drawer,0.0,0.0,0.1109176875840196,0.11096630622261727,,,,,10.0
V,task04_ep001_step0050,libero_goal_task04_ep001_seed1,cabinet,1.0,1.0,1.0785772155012632,1.0785626669037636,,,,,10.0
V,task04_ep001_step0050,libero_goal_task04_ep001_seed1,drawer,0.0,0.0,0.25779606886709294,0.2599847253291091,,,,,10.0
V,task04_ep002_step0050,libero_goal_task04_ep002_seed2,cabinet,1.0,1.0,0.9253748717446979,0.9257120809882085,,,,,10.0
V,task04_ep002_step0050,libero_goal_task04_ep002_seed2,drawer,0.0,0.0,-0.25888539758728313,-0.25933103650113276,,,,,10.0
V,task04_ep003_step0050,libero_goal_task04_ep003_seed3,cabinet,1.0,1.0,1.104305852381785,1.1055898755477294,,,,,10.0
V,task04_ep003_step0050,libero_goal_task04_ep003_seed3,drawer,0.0,0.0,0.2164914009812453,0.2171903800657525,,,,,10.0
V,task04_ep004_step0050,libero_goal_task04_ep004_seed4,cabinet,1.0,1.0,1.0283663784921464,1.019806447418733,,,,,10.0
V,task04_ep004_step0050,libero_goal_task04_ep004_seed4,drawer,0.0,0.0,-0.03353792661902327,-0.041529195123355955,,,,,10.0
Q_preexecution,task03_ep000_step0050,libero_goal_task03_ep000_seed0,cabinet,,0.0,0.2878075820975315,0.31037904683825657,101.0,0.0,0.0,task03_ep000_step0050__goal_cabinet__proposal_101,10.0
Q_preexecution,task03_ep000_step0050,libero_goal_task03_ep000_seed0,cabinet,,0.0,0.5088930633717459,0.5376704755394459,202.0,0.0,0.0,task03_ep000_step0050__goal_cabinet__proposal_202,10.0
Q_preexecution,task03_ep000_step0050,libero_goal_task03_ep000_seed0,cabinet,,0.0,0.40273330700124177,0.43189840231201104,303.0,0.0,0.0,task03_ep000_step0050__goal_cabinet__proposal_303,10.0
Q_preexecution,task03_ep000_step0050,libero_goal_task03_ep000_seed0,cabinet,,0.0,0.6139918681399157,0.6458787452318484,404.0,0.0,0.0,task03_ep000_step0050__goal_cabinet__proposal_404,10.0
Q_preexecution,task03_ep000_step0050,libero_goal_task03_ep000_seed0,drawer,,0.0,0.735869398943853,0.7306592285821469,101.0,0.0,-0.125,task03_ep000_step0050__goal_drawer__proposal_101,10.0
Q_preexecution,task03_ep000_step0050,libero_goal_task03_ep000_seed0,drawer,,0.0,0.7848840650657174,0.7774988291160856,202.0,0.0,-0.125,task03_ep000_step0050__goal_drawer__proposal_202,10.0
Q_preexecution,task03_ep000_step0050,libero_goal_task03_ep000_seed0,drawer,,0.0,0.733760603100928,0.7535851822019073,303.0,0.0,-0.125,task03_ep000_step0050__goal_drawer__proposal_303,10.0
Q_preexecution,task03_ep000_step0050,libero_goal_task03_ep000_seed0,drawer,,0.5,0.889444600002606,0.8322950908906614,404.0,0.5,0.375,task03_ep000_step0050__goal_drawer__proposal_404,10.0
Q_preexecution,task03_ep000_step0100,libero_goal_task03_ep000_seed0,cabinet,,0.0,0.48862679144078963,0.4752786522797111,101.0,0.0,-0.125,task03_ep000_step0100__goal_cabinet__proposal_101,10.0
Q_preexecution,task03_ep000_step0100,libero_goal_task03_ep000_seed0,cabinet,,0.0,0.5135728977747511,0.49796391777780646,202.0,0.0,-0.125,task03_ep000_step0100__goal_cabinet__proposal_202,10.0
Q_preexecution,task03_ep000_step0100,libero_goal_task03_ep000_seed0,cabinet,,0.5,0.5963398932544176,0.5822199738121028,303.0,0.5,0.375,task03_ep000_step0100__goal_cabinet__proposal_303,10.0
Q_preexecution,task03_ep000_step0100,libero_goal_task03_ep000_seed0,cabinet,,0.0,0.589642466058564,0.5672774166151096,404.0,0.0,-0.125,task03_ep000_step0100__goal_cabinet__proposal_404,10.0
Q_preexecution,task03_ep000_step0100,libero_goal_task03_ep000_seed0,drawer,,0.0,0.6788037677355252,0.6778985319647495,101.0,0.0,-0.25,task03_ep000_step0100__goal_drawer__proposal_101,10.0
Q_preexecution,task03_ep000_step0100,libero_goal_task03_ep000_seed0,drawer,,1.0,0.6573131700659878,0.6691629151292686,202.0,1.0,0.75,task03_ep000_step0100__goal_drawer__proposal_202,10.0
Q_preexecution,task03_ep000_step0100,libero_goal_task03_ep000_seed0,drawer,,0.0,0.7814148500284899,0.7867302017937032,303.0,0.0,-0.25,task03_ep000_step0100__goal_drawer__proposal_303,10.0
Q_preexecution,task03_ep000_step0100,libero_goal_task03_ep000_seed0,drawer,,0.0,0.8071917959321488,0.7867777215084489,404.0,0.0,-0.25,task03_ep000_step0100__goal_drawer__proposal_404,10.0
Q_preexecution,task03_ep001_step0050,libero_goal_task03_ep001_seed1,cabinet,,0.0,-0.18825832612264187,-0.18556009498652876,101.0,0.0,-0.5,task03_ep001_step0050__goal_cabinet__proposal_101,10.0
Q_preexecution,task03_ep001_step0050,libero_goal_task03_ep001_seed1,cabinet,,1.0,-0.12837495546077998,-0.14784847476212176,202.0,1.0,0.5,task03_ep001_step0050__goal_cabinet__proposal_202,10.0
Q_preexecution,task03_ep001_step0050,libero_goal_task03_ep001_seed1,cabinet,,0.0,-0.07934363568176644,-0.08179512941970446,303.0,0.0,-0.5,task03_ep001_step0050__goal_cabinet__proposal_303,10.0
Q_preexecution,task03_ep001_step0050,libero_goal_task03_ep001_seed1,cabinet,,1.0,-0.15987880209154698,-0.12187301166131975,404.0,1.0,0.5,task03_ep001_step0050__goal_cabinet__proposal_404,10.0
Q_preexecution,task03_ep001_step0050,libero_goal_task03_ep001_seed1,drawer,,1.0,-0.060447680046791075,-0.08140101816404155,101.0,1.0,0.125,task03_ep001_step0050__goal_drawer__proposal_101,10.0
Q_preexecution,task03_ep001_step0050,libero_goal_task03_ep001_seed1,drawer,,0.5,-0.09883541678766372,-0.10756318227621364,202.0,0.5,-0.375,task03_ep001_step0050__goal_drawer__proposal_202,10.0
Q_preexecution,task03_ep001_step0050,libero_goal_task03_ep001_seed1,drawer,,1.0,0.000256465427000252,-0.026916128960864483,303.0,1.0,0.125,task03_ep001_step0050__goal_drawer__proposal_303,10.0
Q_preexecution,task03_ep001_step0050,libero_goal_task03_ep001_seed1,drawer,,1.0,0.004562088051615953,-0.0023950146903065073,404.0,1.0,0.125,task03_ep001_step0050__goal_drawer__proposal_404,10.0
Q_preexecution,task03_ep001_step0100,libero_goal_task03_ep001_seed1,cabinet,,1.0,0.25567049131165687,0.17260002110821407,101.0,1.0,0.0,task03_ep001_step0100__goal_cabinet__proposal_101,10.0
Q_preexecution,task03_ep001_step0100,libero_goal_task03_ep001_seed1,cabinet,,1.0,0.3258035954609528,0.2662241260413631,202.0,1.0,0.0,task03_ep001_step0100__goal_cabinet__proposal_202,10.0
Q_preexecution,task03_ep001_step0100,libero_goal_task03_ep001_seed1,cabinet,,1.0,0.4036783972393196,0.3164567214770054,303.0,1.0,0.0,task03_ep001_step0100__goal_cabinet__proposal_303,10.0
Q_preexecution,task03_ep001_step0100,libero_goal_task03_ep001_seed1,cabinet,,1.0,0.264642253016809,0.15833637268304557,404.0,1.0,0.0,task03_ep001_step0100__goal_cabinet__proposal_404,10.0
Q_preexecution,task03_ep001_step0100,libero_goal_task03_ep001_seed1,drawer,,1.0,0.5838875772347227,0.4970622627339001,101.0,1.0,0.0,task03_ep001_step0100__goal_drawer__proposal_101,10.0
Q_preexecution,task03_ep001_step0100,libero_goal_task03_ep001_seed1,drawer,,1.0,0.6495413558553278,0.5831120851356416,202.0,1.0,0.0,task03_ep001_step0100__goal_drawer__proposal_202,10.0
Q_preexecution,task03_ep001_step0100,libero_goal_task03_ep001_seed1,drawer,,1.0,0.7114542973076527,0.6151007123592194,303.0,1.0,0.0,task03_ep001_step0100__goal_drawer__proposal_303,10.0
Q_preexecution,task03_ep001_step0100,libero_goal_task03_ep001_seed1,drawer,,1.0,0.5953421080958932,0.5187991791853048,404.0,1.0,0.0,task03_ep001_step0100__goal_drawer__proposal_404,10.0
Q_preexecution,task03_ep003_step0100,libero_goal_task03_ep003_seed3,cabinet,,0.0,0.8557180764851937,0.9149291729411269,101.0,0.0,-0.25,task03_ep003_step0100__goal_cabinet__proposal_101,10.0
Q_preexecution,task03_ep003_step0100,libero_goal_task03_ep003_seed3,cabinet,,0.0,0.9318901828789815,1.0073480170885416,202.0,0.0,-0.25,task03_ep003_step0100__goal_cabinet__proposal_202,10.0
Q_preexecution,task03_ep003_step0100,libero_goal_task03_ep003_seed3,cabinet,,1.0,0.8934703722480857,0.9194556073934987,303.0,1.0,0.75,task03_ep003_step0100__goal_cabinet__proposal_303,10.0
Q_preexecution,task03_ep003_step0100,libero_goal_task03_ep003_seed3,cabinet,,0.0,0.9233125008284533,0.9256209520058045,404.0,0.0,-0.25,task03_ep003_step0100__goal_cabinet__proposal_404,10.0
Q_preexecution,task03_ep003_step0100,libero_goal_task03_ep003_seed3,drawer,,0.0,-0.15641449047459471,-0.35502028416937736,101.0,0.0,0.0,task03_ep003_step0100__goal_drawer__proposal_101,10.0
Q_preexecution,task03_ep003_step0100,libero_goal_task03_ep003_seed3,drawer,,0.0,0.00046874728461909765,-0.19089218055877688,202.0,0.0,0.0,task03_ep003_step0100__goal_drawer__proposal_202,10.0
Q_preexecution,task03_ep003_step0100,libero_goal_task03_ep003_seed3,drawer,,0.0,-0.1349260508046924,-0.34230913204430724,303.0,0.0,0.0,task03_ep003_step0100__goal_drawer__proposal_303,10.0
Q_preexecution,task03_ep003_step0100,libero_goal_task03_ep003_seed3,drawer,,0.0,-0.036290256284999545,-0.2750122326118908,404.0,0.0,0.0,task03_ep003_step0100__goal_drawer__proposal_404,10.0
Q_preexecution,task04_ep000_step0050,libero_goal_task04_ep000_seed0,cabinet,,1.0,0.9220446282066992,0.9165991481169914,101.0,1.0,0.0,task04_ep000_step0050__goal_cabinet__proposal_101,10.0
Q_preexecution,task04_ep000_step0050,libero_goal_task04_ep000_seed0,cabinet,,1.0,0.965128633348681,0.9776177231378179,202.0,1.0,0.0,task04_ep000_step0050__goal_cabinet__proposal_202,10.0
Q_preexecution,task04_ep000_step0050,libero_goal_task04_ep000_seed0,cabinet,,1.0,1.0089436035244237,1.0260063764811882,303.0,1.0,0.0,task04_ep000_step0050__goal_cabinet__proposal_303,10.0
Q_preexecution,task04_ep000_step0050,libero_goal_task04_ep000_seed0,cabinet,,1.0,0.9647492692155872,0.9988296076385065,404.0,1.0,0.0,task04_ep000_step0050__goal_cabinet__proposal_404,10.0
Q_preexecution,task04_ep000_step0050,libero_goal_task04_ep000_seed0,drawer,,0.0,0.05515287205905833,0.1124352210815932,101.0,0.0,0.0,task04_ep000_step0050__goal_drawer__proposal_101,10.0
Q_preexecution,task04_ep000_step0050,libero_goal_task04_ep000_seed0,drawer,,0.0,0.09387854297943393,0.14106921070331452,202.0,0.0,0.0,task04_ep000_step0050__goal_drawer__proposal_202,10.0
Q_preexecution,task04_ep000_step0050,libero_goal_task04_ep000_seed0,drawer,,0.0,0.13384925311137819,0.158199658865476,303.0,0.0,0.0,task04_ep000_step0050__goal_drawer__proposal_303,10.0
Q_preexecution,task04_ep000_step0050,libero_goal_task04_ep000_seed0,drawer,,0.0,0.08903875641363296,0.11218204597937925,404.0,0.0,0.0,task04_ep000_step0050__goal_drawer__proposal_404,10.0
Q_preexecution,task04_ep001_step0050,libero_goal_task04_ep001_seed1,cabinet,,1.0,1.146721306488466,1.1385648695802537,101.0,1.0,0.0,task04_ep001_step0050__goal_cabinet__proposal_101,10.0
Q_preexecution,task04_ep001_step0050,libero_goal_task04_ep001_seed1,cabinet,,1.0,1.2319089972650348,1.2215941736679807,202.0,1.0,0.0,task04_ep001_step0050__goal_cabinet__proposal_202,10.0
Q_preexecution,task04_ep001_step0050,libero_goal_task04_ep001_seed1,cabinet,,1.0,1.2862053300166931,1.2626621263686317,303.0,1.0,0.0,task04_ep001_step0050__goal_cabinet__proposal_303,10.0
Q_preexecution,task04_ep001_step0050,libero_goal_task04_ep001_seed1,cabinet,,1.0,1.2586513772698567,1.2700166128731818,404.0,1.0,0.0,task04_ep001_step0050__goal_cabinet__proposal_404,10.0
Q_preexecution,task04_ep001_step0050,libero_goal_task04_ep001_seed1,drawer,,0.0,0.34521248997668375,0.3318978976216246,101.0,0.0,0.0,task04_ep001_step0050__goal_drawer__proposal_101,10.0
Q_preexecution,task04_ep001_step0050,libero_goal_task04_ep001_seed1,drawer,,0.0,0.40651491442412524,0.3999651555206455,202.0,0.0,0.0,task04_ep001_step0050__goal_drawer__proposal_202,10.0
Q_preexecution,task04_ep001_step0050,libero_goal_task04_ep001_seed1,drawer,,0.0,0.4352288645083139,0.3833183336739292,303.0,0.0,0.0,task04_ep001_step0050__goal_drawer__proposal_303,10.0
Q_preexecution,task04_ep001_step0050,libero_goal_task04_ep001_seed1,drawer,,0.0,0.4342964392199772,0.39108058843899984,404.0,0.0,0.0,task04_ep001_step0050__goal_drawer__proposal_404,10.0
Q_preexecution,task04_ep002_step0050,libero_goal_task04_ep002_seed2,cabinet,,1.0,0.6252019151544763,0.5966250261793258,101.0,1.0,0.0,task04_ep002_step0050__goal_cabinet__proposal_101,10.0
Q_preexecution,task04_ep002_step0050,libero_goal_task04_ep002_seed2,cabinet,,1.0,0.6486626669956942,0.6469930103597595,202.0,1.0,0.0,task04_ep002_step0050__goal_cabinet__proposal_202,10.0
Q_preexecution,task04_ep002_step0050,libero_goal_task04_ep002_seed2,cabinet,,1.0,0.7116294224440574,0.7560722504531893,303.0,1.0,0.0,task04_ep002_step0050__goal_cabinet__proposal_303,10.0
Q_preexecution,task04_ep002_step0050,libero_goal_task04_ep002_seed2,cabinet,,1.0,0.6608517470122068,0.6865854292921498,404.0,1.0,0.0,task04_ep002_step0050__goal_cabinet__proposal_404,10.0
Q_preexecution,task04_ep002_step0050,libero_goal_task04_ep002_seed2,drawer,,0.0,-0.47435015333231223,-0.5444798946533962,101.0,0.0,0.0,task04_ep002_step0050__goal_drawer__proposal_101,10.0
Q_preexecution,task04_ep002_step0050,libero_goal_task04_ep002_seed2,drawer,,0.0,-0.4561226751833234,-0.5061178979994201,202.0,0.0,0.0,task04_ep002_step0050__goal_drawer__proposal_202,10.0
Q_preexecution,task04_ep002_step0050,libero_goal_task04_ep002_seed2,drawer,,0.0,-0.4548263798769959,-0.47019182859784986,303.0,0.0,0.0,task04_ep002_step0050__goal_drawer__proposal_303,10.0
Q_preexecution,task04_ep002_step0050,libero_goal_task04_ep002_seed2,drawer,,0.0,-0.48859813832900967,-0.4860448704087294,404.0,0.0,0.0,task04_ep002_step0050__goal_drawer__proposal_404,10.0
Q_preexecution,task04_ep003_step0050,libero_goal_task04_ep003_seed3,cabinet,,1.0,1.1222351937503268,1.1417531020845044,101.0,1.0,0.0,task04_ep003_step0050__goal_cabinet__proposal_101,10.0
Q_preexecution,task04_ep003_step0050,libero_goal_task04_ep003_seed3,cabinet,,1.0,1.13413438938928,1.1136694429484524,202.0,1.0,0.0,task04_ep003_step0050__goal_cabinet__proposal_202,10.0
Q_preexecution,task04_ep003_step0050,libero_goal_task04_ep003_seed3,cabinet,,1.0,1.2015528715212842,1.1896181997026336,303.0,1.0,0.0,task04_ep003_step0050__goal_cabinet__proposal_303,10.0
Q_preexecution,task04_ep003_step0050,libero_goal_task04_ep003_seed3,cabinet,,1.0,1.1585293599347715,1.1430429751053717,404.0,1.0,0.0,task04_ep003_step0050__goal_cabinet__proposal_404,10.0
Q_preexecution,task04_ep003_step0050,libero_goal_task04_ep003_seed3,drawer,,0.0,0.314248275687937,0.3881190787956088,101.0,0.0,0.0,task04_ep003_step0050__goal_drawer__proposal_101,10.0
Q_preexecution,task04_ep003_step0050,libero_goal_task04_ep003_seed3,drawer,,0.0,0.34235055498616374,0.3536188728542658,202.0,0.0,0.0,task04_ep003_step0050__goal_drawer__proposal_202,10.0
Q_preexecution,task04_ep003_step0050,libero_goal_task04_ep003_seed3,drawer,,0.0,0.3929511178983912,0.40373911399655116,303.0,0.0,0.0,task04_ep003_step0050__goal_drawer__proposal_303,10.0
Q_preexecution,task04_ep003_step0050,libero_goal_task04_ep003_seed3,drawer,,0.0,0.34824064289875245,0.3538920044054503,404.0,0.0,0.0,task04_ep003_step0050__goal_drawer__proposal_404,10.0
Q_preexecution,task04_ep004_step0050,libero_goal_task04_ep004_seed4,cabinet,,1.0,1.0645701662766833,0.9895551628743852,101.0,1.0,0.0,task04_ep004_step0050__goal_cabinet__proposal_101,10.0
Q_preexecution,task04_ep004_step0050,libero_goal_task04_ep004_seed4,cabinet,,1.0,1.0622267848418108,0.9546699664990449,202.0,1.0,0.0,task04_ep004_step0050__goal_cabinet__proposal_202,10.0
Q_preexecution,task04_ep004_step0050,libero_goal_task04_ep004_seed4,cabinet,,1.0,1.119062290648887,1.0541013038834928,303.0,1.0,0.0,task04_ep004_step0050__goal_cabinet__proposal_303,10.0
Q_preexecution,task04_ep004_step0050,libero_goal_task04_ep004_seed4,cabinet,,1.0,1.0824058326714425,1.0055145068875306,404.0,1.0,0.0,task04_ep004_step0050__goal_cabinet__proposal_404,10.0
Q_preexecution,task04_ep004_step0050,libero_goal_task04_ep004_seed4,drawer,,0.0,-0.06865870683708236,-0.16335119568386192,101.0,0.0,0.0,task04_ep004_step0050__goal_drawer__proposal_101,10.0
Q_preexecution,task04_ep004_step0050,libero_goal_task04_ep004_seed4,drawer,,0.0,-0.08873211429944544,-0.20952710571769761,202.0,0.0,0.0,task04_ep004_step0050__goal_drawer__proposal_202,10.0
Q_preexecution,task04_ep004_step0050,libero_goal_task04_ep004_seed4,drawer,,0.0,-0.009563108894041827,-0.10287103950615561,303.0,0.0,0.0,task04_ep004_step0050__goal_drawer__proposal_303,10.0
Q_preexecution,task04_ep004_step0050,libero_goal_task04_ep004_seed4,drawer,,0.0,-0.05233274925728565,-0.12565878928683683,404.0,0.0,0.0,task04_ep004_step0050__goal_drawer__proposal_404,10.0
Q_effect_controlled,task03_ep000_step0050,libero_goal_task03_ep000_seed0,cabinet,,0.0,0.339650175524601,0.3790404133593547,101.0,0.0,0.0,task03_ep000_step0050__goal_cabinet__proposal_101,10.0
Q_effect_controlled,task03_ep000_step0050,libero_goal_task03_ep000_seed0,cabinet,,0.0,0.527217491865364,0.5718560279077963,202.0,0.0,0.0,task03_ep000_step0050__goal_cabinet__proposal_202,10.0
Q_effect_controlled,task03_ep000_step0050,libero_goal_task03_ep000_seed0,cabinet,,0.0,0.4210733379684174,0.471371467905282,303.0,0.0,0.0,task03_ep000_step0050__goal_cabinet__proposal_303,10.0
Q_effect_controlled,task03_ep000_step0050,libero_goal_task03_ep000_seed0,cabinet,,0.0,0.6140273431164657,0.671281763572683,404.0,0.0,0.0,task03_ep000_step0050__goal_cabinet__proposal_404,10.0
Q_effect_controlled,task03_ep000_step0050,libero_goal_task03_ep000_seed0,drawer,,0.0,0.7542286381646941,0.7593343622028874,101.0,0.0,-0.125,task03_ep000_step0050__goal_drawer__proposal_101,10.0
Q_effect_controlled,task03_ep000_step0050,libero_goal_task03_ep000_seed0,drawer,,0.0,0.7771824328460331,0.7846522196714707,202.0,0.0,-0.125,task03_ep000_step0050__goal_drawer__proposal_202,10.0
Q_effect_controlled,task03_ep000_step0050,libero_goal_task03_ep000_seed0,drawer,,0.0,0.736342628564913,0.7682069660398013,303.0,0.0,-0.125,task03_ep000_step0050__goal_drawer__proposal_303,10.0
Q_effect_controlled,task03_ep000_step0050,libero_goal_task03_ep000_seed0,drawer,,0.5,0.8845824750573683,0.8588196592100048,404.0,0.5,0.375,task03_ep000_step0050__goal_drawer__proposal_404,10.0
Q_effect_controlled,task03_ep000_step0100,libero_goal_task03_ep000_seed0,cabinet,,0.0,0.0686104039387152,0.05095736524576383,101.0,0.0,-0.125,task03_ep000_step0100__goal_cabinet__proposal_101,10.0
Q_effect_controlled,task03_ep000_step0100,libero_goal_task03_ep000_seed0,cabinet,,0.0,0.08750796026923824,0.07118465711876332,202.0,0.0,-0.125,task03_ep000_step0100__goal_cabinet__proposal_202,10.0
Q_effect_controlled,task03_ep000_step0100,libero_goal_task03_ep000_seed0,cabinet,,0.5,0.6466842322959252,0.6280725702540635,303.0,0.5,0.375,task03_ep000_step0100__goal_cabinet__proposal_303,10.0
Q_effect_controlled,task03_ep000_step0100,libero_goal_task03_ep000_seed0,cabinet,,0.0,0.14390725396214832,0.11805738136981558,404.0,0.0,-0.125,task03_ep000_step0100__goal_cabinet__proposal_404,10.0
Q_effect_controlled,task03_ep000_step0100,libero_goal_task03_ep000_seed0,drawer,,0.0,0.4993644844618274,0.4979699076050619,101.0,0.0,-0.25,task03_ep000_step0100__goal_drawer__proposal_101,10.0
Q_effect_controlled,task03_ep000_step0100,libero_goal_task03_ep000_seed0,drawer,,1.0,0.4552041522243607,0.45616973625333085,202.0,1.0,0.75,task03_ep000_step0100__goal_drawer__proposal_202,10.0
Q_effect_controlled,task03_ep000_step0100,libero_goal_task03_ep000_seed0,drawer,,0.0,0.5595748988220343,0.5596729290176049,303.0,0.0,-0.25,task03_ep000_step0100__goal_drawer__proposal_303,10.0
Q_effect_controlled,task03_ep000_step0100,libero_goal_task03_ep000_seed0,drawer,,0.0,0.5713198838713148,0.543238835809591,404.0,0.0,-0.25,task03_ep000_step0100__goal_drawer__proposal_404,10.0
Q_effect_controlled,task03_ep001_step0050,libero_goal_task03_ep001_seed1,cabinet,,0.0,-0.2175329053259637,-0.20452153022061714,101.0,0.0,-0.5,task03_ep001_step0050__goal_cabinet__proposal_101,10.0
Q_effect_controlled,task03_ep001_step0050,libero_goal_task03_ep001_seed1,cabinet,,1.0,-0.17326941169289656,-0.18462408435337807,202.0,1.0,0.5,task03_ep001_step0050__goal_cabinet__proposal_202,10.0
Q_effect_controlled,task03_ep001_step0050,libero_goal_task03_ep001_seed1,cabinet,,0.0,-0.18489902728550978,-0.17422638468347118,303.0,0.0,-0.5,task03_ep001_step0050__goal_cabinet__proposal_303,10.0
Q_effect_controlled,task03_ep001_step0050,libero_goal_task03_ep001_seed1,cabinet,,1.0,-0.1945503446768707,-0.12396538803757579,404.0,1.0,0.5,task03_ep001_step0050__goal_cabinet__proposal_404,10.0
Q_effect_controlled,task03_ep001_step0050,libero_goal_task03_ep001_seed1,drawer,,1.0,-0.12611382259364162,-0.151889813167281,101.0,1.0,0.125,task03_ep001_step0050__goal_drawer__proposal_101,10.0
Q_effect_controlled,task03_ep001_step0050,libero_goal_task03_ep001_seed1,drawer,,0.5,-0.16458593442458969,-0.16367845909645506,202.0,0.5,-0.375,task03_ep001_step0050__goal_drawer__proposal_202,10.0
Q_effect_controlled,task03_ep001_step0050,libero_goal_task03_ep001_seed1,drawer,,1.0,-0.12626931297786692,-0.1545131813867161,303.0,1.0,0.125,task03_ep001_step0050__goal_drawer__proposal_303,10.0
Q_effect_controlled,task03_ep001_step0050,libero_goal_task03_ep001_seed1,drawer,,1.0,-0.06159521473227825,-0.06092804329217544,404.0,1.0,0.125,task03_ep001_step0050__goal_drawer__proposal_404,10.0
Q_effect_controlled,task03_ep001_step0100,libero_goal_task03_ep001_seed1,cabinet,,1.0,0.5409558521461268,0.4407389651179806,101.0,1.0,0.0,task03_ep001_step0100__goal_cabinet__proposal_101,10.0
Q_effect_controlled,task03_ep001_step0100,libero_goal_task03_ep001_seed1,cabinet,,1.0,0.759629327893851,0.6937937081271512,202.0,1.0,0.0,task03_ep001_step0100__goal_cabinet__proposal_202,10.0
Q_effect_controlled,task03_ep001_step0100,libero_goal_task03_ep001_seed1,cabinet,,1.0,0.6707108361682289,0.5604932035428389,303.0,1.0,0.0,task03_ep001_step0100__goal_cabinet__proposal_303,10.0
Q_effect_controlled,task03_ep001_step0100,libero_goal_task03_ep001_seed1,cabinet,,1.0,0.6956202595031997,0.5622721250772943,404.0,1.0,0.0,task03_ep001_step0100__goal_cabinet__proposal_404,10.0
Q_effect_controlled,task03_ep001_step0100,libero_goal_task03_ep001_seed1,drawer,,1.0,0.886872103117607,0.7839458281594296,101.0,1.0,0.0,task03_ep001_step0100__goal_drawer__proposal_101,10.0
Q_effect_controlled,task03_ep001_step0100,libero_goal_task03_ep001_seed1,drawer,,1.0,0.8846222802173023,0.8196254130961789,202.0,1.0,0.0,task03_ep001_step0100__goal_drawer__proposal_202,10.0
Q_effect_controlled,task03_ep001_step0100,libero_goal_task03_ep001_seed1,drawer,,1.0,0.89434641885991,0.7733659347746631,303.0,1.0,0.0,task03_ep001_step0100__goal_drawer__proposal_303,10.0
Q_effect_controlled,task03_ep001_step0100,libero_goal_task03_ep001_seed1,drawer,,1.0,0.8889841591826733,0.7916805608055573,404.0,1.0,0.0,task03_ep001_step0100__goal_drawer__proposal_404,10.0
Q_effect_controlled,task03_ep003_step0100,libero_goal_task03_ep003_seed3,cabinet,,0.0,0.5092363097075661,0.5801316507651065,101.0,0.0,-0.25,task03_ep003_step0100__goal_cabinet__proposal_101,10.0
Q_effect_controlled,task03_ep003_step0100,libero_goal_task03_ep003_seed3,cabinet,,0.0,0.58354594387624,0.6680856366253356,202.0,0.0,-0.25,task03_ep003_step0100__goal_cabinet__proposal_202,10.0
Q_effect_controlled,task03_ep003_step0100,libero_goal_task03_ep003_seed3,cabinet,,1.0,0.7571083171326481,0.7977574270397093,303.0,1.0,0.75,task03_ep003_step0100__goal_cabinet__proposal_303,10.0
Q_effect_controlled,task03_ep003_step0100,libero_goal_task03_ep003_seed3,cabinet,,0.0,0.5690121788456919,0.5826421814633012,404.0,0.0,-0.25,task03_ep003_step0100__goal_cabinet__proposal_404,10.0
Q_effect_controlled,task03_ep003_step0100,libero_goal_task03_ep003_seed3,drawer,,0.0,-0.18327835759406058,-0.3981656229861531,101.0,0.0,0.0,task03_ep003_step0100__goal_drawer__proposal_101,10.0
Q_effect_controlled,task03_ep003_step0100,libero_goal_task03_ep003_seed3,drawer,,0.0,-0.012455959900517788,-0.21976655983614957,202.0,0.0,0.0,task03_ep003_step0100__goal_drawer__proposal_202,10.0
Q_effect_controlled,task03_ep003_step0100,libero_goal_task03_ep003_seed3,drawer,,0.0,-0.17183562490207233,-0.3940682498330941,303.0,0.0,0.0,task03_ep003_step0100__goal_drawer__proposal_303,10.0
Q_effect_controlled,task03_ep003_step0100,libero_goal_task03_ep003_seed3,drawer,,0.0,-0.055151082823289455,-0.30695849866288405,404.0,0.0,0.0,task03_ep003_step0100__goal_drawer__proposal_404,10.0
Q_effect_controlled,task04_ep000_step0050,libero_goal_task04_ep000_seed0,cabinet,,1.0,1.0834837074171437,1.0742206516338244,101.0,1.0,0.0,task04_ep000_step0050__goal_cabinet__proposal_101,10.0
Q_effect_controlled,task04_ep000_step0050,libero_goal_task04_ep000_seed0,cabinet,,1.0,1.0458469905817693,1.043583233957432,202.0,1.0,0.0,task04_ep000_step0050__goal_cabinet__proposal_202,10.0
Q_effect_controlled,task04_ep000_step0050,libero_goal_task04_ep000_seed0,cabinet,,1.0,1.1179022712305937,1.1300748603022068,303.0,1.0,0.0,task04_ep000_step0050__goal_cabinet__proposal_303,10.0
Q_effect_controlled,task04_ep000_step0050,libero_goal_task04_ep000_seed0,cabinet,,1.0,0.973014559691831,0.9976286330777999,404.0,1.0,0.0,task04_ep000_step0050__goal_cabinet__proposal_404,10.0
Q_effect_controlled,task04_ep000_step0050,libero_goal_task04_ep000_seed0,drawer,,0.0,0.1458936832021795,0.18772614700199264,101.0,0.0,0.0,task04_ep000_step0050__goal_drawer__proposal_101,10.0
Q_effect_controlled,task04_ep000_step0050,libero_goal_task04_ep000_seed0,drawer,,0.0,0.1478926594873749,0.1793617674194829,202.0,0.0,0.0,task04_ep000_step0050__goal_drawer__proposal_202,10.0
Q_effect_controlled,task04_ep000_step0050,libero_goal_task04_ep000_seed0,drawer,,0.0,0.15751732971705318,0.17697513077847665,303.0,0.0,0.0,task04_ep000_step0050__goal_drawer__proposal_303,10.0
Q_effect_controlled,task04_ep000_step0050,libero_goal_task04_ep000_seed0,drawer,,0.0,0.08882914190926522,0.10858425867643023,404.0,0.0,0.0,task04_ep000_step0050__goal_drawer__proposal_404,10.0
Q_effect_controlled,task04_ep001_step0050,libero_goal_task04_ep001_seed1,cabinet,,1.0,1.0438685843193853,1.0570160034877225,101.0,1.0,0.0,task04_ep001_step0050__goal_cabinet__proposal_101,10.0
Q_effect_controlled,task04_ep001_step0050,libero_goal_task04_ep001_seed1,cabinet,,1.0,1.1395344727066015,1.1431769991600294,202.0,1.0,0.0,task04_ep001_step0050__goal_cabinet__proposal_202,10.0
Q_effect_controlled,task04_ep001_step0050,libero_goal_task04_ep001_seed1,cabinet,,1.0,1.1129751283968445,1.1051559126453463,303.0,1.0,0.0,task04_ep001_step0050__goal_cabinet__proposal_303,10.0
Q_effect_controlled,task04_ep001_step0050,libero_goal_task04_ep001_seed1,cabinet,,1.0,1.141813248870089,1.1576878137621793,404.0,1.0,0.0,task04_ep001_step0050__goal_cabinet__proposal_404,10.0
Q_effect_controlled,task04_ep001_step0050,libero_goal_task04_ep001_seed1,drawer,,0.0,0.20726670162344718,0.21122086370930615,101.0,0.0,0.0,task04_ep001_step0050__goal_drawer__proposal_101,10.0
Q_effect_controlled,task04_ep001_step0050,libero_goal_task04_ep001_seed1,drawer,,0.0,0.2661732050060862,0.26331708523877156,202.0,0.0,0.0,task04_ep001_step0050__goal_drawer__proposal_202,10.0
Q_effect_controlled,task04_ep001_step0050,libero_goal_task04_ep001_seed1,drawer,,0.0,0.2508623656950074,0.21303828288382082,303.0,0.0,0.0,task04_ep001_step0050__goal_drawer__proposal_303,10.0
Q_effect_controlled,task04_ep001_step0050,libero_goal_task04_ep001_seed1,drawer,,0.0,0.30593311193572903,0.2744547506799426,404.0,0.0,0.0,task04_ep001_step0050__goal_drawer__proposal_404,10.0
Q_effect_controlled,task04_ep002_step0050,libero_goal_task04_ep002_seed2,cabinet,,1.0,0.817408099862058,0.7784010122201073,101.0,1.0,0.0,task04_ep002_step0050__goal_cabinet__proposal_101,10.0
Q_effect_controlled,task04_ep002_step0050,libero_goal_task04_ep002_seed2,cabinet,,1.0,0.8477591664057063,0.8274845394461365,202.0,1.0,0.0,task04_ep002_step0050__goal_cabinet__proposal_202,10.0
Q_effect_controlled,task04_ep002_step0050,libero_goal_task04_ep002_seed2,cabinet,,1.0,0.8297008285967991,0.8614730552976633,303.0,1.0,0.0,task04_ep002_step0050__goal_cabinet__proposal_303,10.0
Q_effect_controlled,task04_ep002_step0050,libero_goal_task04_ep002_seed2,cabinet,,1.0,0.9486184775529922,0.9617843929905714,404.0,1.0,0.0,task04_ep002_step0050__goal_cabinet__proposal_404,10.0
Q_effect_controlled,task04_ep002_step0050,libero_goal_task04_ep002_seed2,drawer,,0.0,-0.21603182402686721,-0.2951100237392983,101.0,0.0,0.0,task04_ep002_step0050__goal_drawer__proposal_101,10.0
Q_effect_controlled,task04_ep002_step0050,libero_goal_task04_ep002_seed2,drawer,,0.0,-0.18847857134265195,-0.2413078277189148,202.0,0.0,0.0,task04_ep002_step0050__goal_drawer__proposal_202,10.0
Q_effect_controlled,task04_ep002_step0050,libero_goal_task04_ep002_seed2,drawer,,0.0,-0.23467838390597223,-0.25629597920526614,303.0,0.0,0.0,task04_ep002_step0050__goal_drawer__proposal_303,10.0
Q_effect_controlled,task04_ep002_step0050,libero_goal_task04_ep002_seed2,drawer,,0.0,-0.22869174174302614,-0.2334617163788799,404.0,0.0,0.0,task04_ep002_step0050__goal_drawer__proposal_404,10.0
Q_effect_controlled,task04_ep003_step0050,libero_goal_task04_ep003_seed3,cabinet,,1.0,1.0052409923935293,1.0218434084950583,101.0,1.0,0.0,task04_ep003_step0050__goal_cabinet__proposal_101,10.0
Q_effect_controlled,task04_ep003_step0050,libero_goal_task04_ep003_seed3,cabinet,,1.0,1.037293287847986,1.0202823534443661,202.0,1.0,0.0,task04_ep003_step0050__goal_cabinet__proposal_202,10.0
Q_effect_controlled,task04_ep003_step0050,libero_goal_task04_ep003_seed3,cabinet,,1.0,1.0344006076583667,1.0264967778111422,303.0,1.0,0.0,task04_ep003_step0050__goal_cabinet__proposal_303,10.0
Q_effect_controlled,task04_ep003_step0050,libero_goal_task04_ep003_seed3,cabinet,,1.0,1.045967085390445,1.0352372078818193,404.0,1.0,0.0,task04_ep003_step0050__goal_cabinet__proposal_404,10.0
Q_effect_controlled,task04_ep003_step0050,libero_goal_task04_ep003_seed3,drawer,,0.0,0.25603148726155084,0.32773385590762094,101.0,0.0,0.0,task04_ep003_step0050__goal_drawer__proposal_101,10.0
Q_effect_controlled,task04_ep003_step0050,libero_goal_task04_ep003_seed3,drawer,,0.0,0.3321706055019048,0.34538075488064324,202.0,0.0,0.0,task04_ep003_step0050__goal_drawer__proposal_202,10.0
Q_effect_controlled,task04_ep003_step0050,libero_goal_task04_ep003_seed3,drawer,,0.0,0.2708796124005532,0.2799467268592485,303.0,0.0,0.0,task04_ep003_step0050__goal_drawer__proposal_303,10.0
Q_effect_controlled,task04_ep003_step0050,libero_goal_task04_ep003_seed3,drawer,,0.0,0.3173698238372217,0.33004031631100805,404.0,0.0,0.0,task04_ep003_step0050__goal_drawer__proposal_404,10.0
Q_effect_controlled,task04_ep004_step0050,libero_goal_task04_ep004_seed4,cabinet,,1.0,1.095259911314625,1.0273044068834138,101.0,1.0,0.0,task04_ep004_step0050__goal_cabinet__proposal_101,10.0
Q_effect_controlled,task04_ep004_step0050,libero_goal_task04_ep004_seed4,cabinet,,1.0,1.1455254230264493,1.045488240156449,202.0,1.0,0.0,task04_ep004_step0050__goal_cabinet__proposal_202,10.0
Q_effect_controlled,task04_ep004_step0050,libero_goal_task04_ep004_seed4,cabinet,,1.0,1.22270250164275,1.167202321037535,303.0,1.0,0.0,task04_ep004_step0050__goal_cabinet__proposal_303,10.0
Q_effect_controlled,task04_ep004_step0050,libero_goal_task04_ep004_seed4,cabinet,,1.0,1.2219600853184784,1.1566519434586602,404.0,1.0,0.0,task04_ep004_step0050__goal_cabinet__proposal_404,10.0
Q_effect_controlled,task04_ep004_step0050,libero_goal_task04_ep004_seed4,drawer,,0.0,0.006994783199495369,-0.06934314918679152,101.0,0.0,0.0,task04_ep004_step0050__goal_drawer__proposal_101,10.0
Q_effect_controlled,task04_ep004_step0050,libero_goal_task04_ep004_seed4,drawer,,0.0,-0.13005043892988877,-0.23817988595788808,202.0,0.0,0.0,task04_ep004_step0050__goal_drawer__proposal_202,10.0
Q_effect_controlled,task04_ep004_step0050,libero_goal_task04_ep004_seed4,drawer,,0.0,-0.05525013866180872,-0.13566862036688232,303.0,0.0,0.0,task04_ep004_step0050__goal_drawer__proposal_303,10.0
Q_effect_controlled,task04_ep004_step0050,libero_goal_task04_ep004_seed4,drawer,,0.0,-0.040998206883978094,-0.09203303156333331,404.0,0.0,0.0,task04_ep004_step0050__goal_drawer__proposal_404,10.0
L_effect_controlled,task03_ep000_step0050,libero_goal_task03_ep000_seed0,cabinet,,0.0,-0.05178608733584846,-0.05574538561139827,101.0,0.0,0.0,task03_ep000_step0050__goal_cabinet__proposal_101,10.0
L_effect_controlled,task03_ep000_step0050,libero_goal_task03_ep000_seed0,cabinet,,0.0,0.15053165798820384,0.15296861195008746,202.0,0.0,0.0,task03_ep000_step0050__goal_cabinet__proposal_202,10.0
L_effect_controlled,task03_ep000_step0050,libero_goal_task03_ep000_seed0,cabinet,,0.0,0.041830646610776796,0.04074184822903226,303.0,0.0,0.0,task03_ep000_step0050__goal_cabinet__proposal_303,10.0
L_effect_controlled,task03_ep000_step0050,libero_goal_task03_ep000_seed0,cabinet,,0.0,0.2220816158779466,0.22983956824099705,404.0,0.0,0.0,task03_ep000_step0050__goal_cabinet__proposal_404,10.0
L_effect_controlled,task03_ep000_step0050,libero_goal_task03_ep000_seed0,drawer,,-0.125,0.12011795442449857,0.09580125581435385,101.0,0.0,-0.125,task03_ep000_step0050__goal_drawer__proposal_101,10.0
L_effect_controlled,task03_ep000_step0050,libero_goal_task03_ep000_seed0,drawer,,-0.125,0.17795496228481297,0.1552159633323829,202.0,0.0,-0.125,task03_ep000_step0050__goal_drawer__proposal_202,10.0
L_effect_controlled,task03_ep000_step0050,libero_goal_task03_ep000_seed0,drawer,,-0.125,0.1421093079324311,0.1370375197195467,303.0,0.0,-0.125,task03_ep000_step0050__goal_drawer__proposal_303,10.0
L_effect_controlled,task03_ep000_step0050,libero_goal_task03_ep000_seed0,drawer,,0.375,0.2742692700815819,0.22110375640293115,404.0,0.5,0.375,task03_ep000_step0050__goal_drawer__proposal_404,10.0
L_effect_controlled,task03_ep000_step0100,libero_goal_task03_ep000_seed0,cabinet,,-0.125,-0.48162887974600466,-0.5063376126046295,101.0,0.0,-0.125,task03_ep000_step0100__goal_cabinet__proposal_101,10.0
L_effect_controlled,task03_ep000_step0100,libero_goal_task03_ep000_seed0,cabinet,,-0.125,-0.4449437329313194,-0.4692087959704159,202.0,0.0,-0.125,task03_ep000_step0100__goal_cabinet__proposal_202,10.0
L_effect_controlled,task03_ep000_step0100,libero_goal_task03_ep000_seed0,cabinet,,0.375,0.08370046645668833,0.054254911896943786,303.0,0.5,0.375,task03_ep000_step0100__goal_cabinet__proposal_303,10.0
L_effect_controlled,task03_ep000_step0100,libero_goal_task03_ep000_seed0,cabinet,,-0.125,-0.41555498158118925,-0.4477187993617135,404.0,0.0,-0.125,task03_ep000_step0100__goal_cabinet__proposal_404,10.0
L_effect_controlled,task03_ep000_step0100,libero_goal_task03_ep000_seed0,drawer,,-0.25,-0.30146256674431987,-0.31240261847515094,101.0,0.0,-0.25,task03_ep000_step0100__goal_drawer__proposal_101,10.0
L_effect_controlled,task03_ep000_step0100,libero_goal_task03_ep000_seed0,drawer,,0.75,-0.2801956478772488,-0.2802813456484837,202.0,1.0,0.75,task03_ep000_step0100__goal_drawer__proposal_202,10.0
L_effect_controlled,task03_ep000_step0100,libero_goal_task03_ep000_seed0,drawer,,-0.25,-0.23831447995865684,-0.24746977820165658,303.0,0.0,-0.25,task03_ep000_step0100__goal_drawer__proposal_303,10.0
L_effect_controlled,task03_ep000_step0100,libero_goal_task03_ep000_seed0,drawer,,-0.25,-0.21070774410511747,-0.24412528845869258,404.0,0.0,-0.25,task03_ep000_step0100__goal_drawer__proposal_404,10.0
L_effect_controlled,task03_ep001_step0050,libero_goal_task03_ep001_seed1,cabinet,,-0.5,-0.2778026174182924,-0.215348194642463,101.0,0.0,-0.5,task03_ep001_step0050__goal_cabinet__proposal_101,10.0
L_effect_controlled,task03_ep001_step0050,libero_goal_task03_ep001_seed1,cabinet,,0.5,-0.24548687391385582,-0.19663434162425025,202.0,1.0,0.5,task03_ep001_step0050__goal_cabinet__proposal_202,10.0
L_effect_controlled,task03_ep001_step0050,libero_goal_task03_ep001_seed1,cabinet,,-0.5,-0.23749559690925479,-0.16800460841295736,303.0,0.0,-0.5,task03_ep001_step0050__goal_cabinet__proposal_303,10.0
L_effect_controlled,task03_ep001_step0050,libero_goal_task03_ep001_seed1,cabinet,,0.5,-0.25720080585716987,-0.1320462197866014,404.0,1.0,0.5,task03_ep001_step0050__goal_cabinet__proposal_404,10.0
L_effect_controlled,task03_ep001_step0050,libero_goal_task03_ep001_seed1,drawer,,0.125,-0.3823293325598677,-0.3684885846742331,101.0,1.0,0.125,task03_ep001_step0050__goal_drawer__proposal_101,10.0
L_effect_controlled,task03_ep001_step0050,libero_goal_task03_ep001_seed1,drawer,,-0.375,-0.4324034937146301,-0.3870242090685889,202.0,0.5,-0.375,task03_ep001_step0050__goal_drawer__proposal_202,10.0
L_effect_controlled,task03_ep001_step0050,libero_goal_task03_ep001_seed1,drawer,,0.125,-0.3702199080145083,-0.35814814786431426,303.0,1.0,0.125,task03_ep001_step0050__goal_drawer__proposal_303,10.0
L_effect_controlled,task03_ep001_step0050,libero_goal_task03_ep001_seed1,drawer,,0.125,-0.3241692076795672,-0.2821822135189595,404.0,1.0,0.125,task03_ep001_step0050__goal_drawer__proposal_404,10.0
L_effect_controlled,task03_ep001_step0100,libero_goal_task03_ep001_seed1,cabinet,,0.0,0.14549785182966501,0.10489357868736297,101.0,1.0,0.0,task03_ep001_step0100__goal_cabinet__proposal_101,10.0
L_effect_controlled,task03_ep001_step0100,libero_goal_task03_ep001_seed1,cabinet,,0.0,0.35396464474342154,0.3505952314596709,202.0,1.0,0.0,task03_ep001_step0100__goal_cabinet__proposal_202,10.0
L_effect_controlled,task03_ep001_step0100,libero_goal_task03_ep001_seed1,cabinet,,0.0,0.2710084377684829,0.21980819170866503,303.0,1.0,0.0,task03_ep001_step0100__goal_cabinet__proposal_303,10.0
L_effect_controlled,task03_ep001_step0100,libero_goal_task03_ep001_seed1,cabinet,,0.0,0.2871696060632635,0.21275534647166722,404.0,1.0,0.0,task03_ep001_step0100__goal_cabinet__proposal_404,10.0
L_effect_controlled,task03_ep001_step0100,libero_goal_task03_ep001_seed1,drawer,,0.0,0.41527967958266493,0.36893315831715834,101.0,1.0,0.0,task03_ep001_step0100__goal_drawer__proposal_101,10.0
L_effect_controlled,task03_ep001_step0100,libero_goal_task03_ep001_seed1,drawer,,0.0,0.4140465261910261,0.40917892979639886,202.0,1.0,0.0,task03_ep001_step0100__goal_drawer__proposal_202,10.0
L_effect_controlled,task03_ep001_step0100,libero_goal_task03_ep001_seed1,drawer,,0.0,0.4249041693426912,0.35982426056629385,303.0,1.0,0.0,task03_ep001_step0100__goal_drawer__proposal_303,10.0
L_effect_controlled,task03_ep001_step0100,libero_goal_task03_ep001_seed1,drawer,,0.0,0.4160717394337816,0.373485700047339,404.0,1.0,0.0,task03_ep001_step0100__goal_drawer__proposal_404,10.0
L_effect_controlled,task03_ep003_step0100,libero_goal_task03_ep003_seed3,cabinet,,-0.25,-0.15990969683740533,-0.13029240475158638,101.0,0.0,-0.25,task03_ep003_step0100__goal_cabinet__proposal_101,10.0
L_effect_controlled,task03_ep003_step0100,libero_goal_task03_ep003_seed3,cabinet,,-0.25,-0.09717795437744321,-0.0476078885708625,202.0,0.0,-0.25,task03_ep003_step0100__goal_cabinet__proposal_202,10.0
L_effect_controlled,task03_ep003_step0100,libero_goal_task03_ep003_seed3,cabinet,,0.75,0.07987950239971021,0.08335267086353217,303.0,1.0,0.75,task03_ep003_step0100__goal_cabinet__proposal_303,10.0
L_effect_controlled,task03_ep003_step0100,libero_goal_task03_ep003_seed3,cabinet,,-0.25,-0.11566950256412456,-0.13965619706963658,404.0,0.0,-0.25,task03_ep003_step0100__goal_cabinet__proposal_404,10.0
L_effect_controlled,task03_ep003_step0100,libero_goal_task03_ep003_seed3,drawer,,0.0,-0.481776044931619,-0.5371332567836903,101.0,0.0,0.0,task03_ep003_step0100__goal_drawer__proposal_101,10.0
L_effect_controlled,task03_ep003_step0100,libero_goal_task03_ep003_seed3,drawer,,0.0,-0.32213047449747334,-0.37326703047875387,202.0,0.0,0.0,task03_ep003_step0100__goal_drawer__proposal_202,10.0
L_effect_controlled,task03_ep003_step0100,libero_goal_task03_ep003_seed3,drawer,,0.0,-0.46246836064878744,-0.5160063595426675,303.0,0.0,0.0,task03_ep003_step0100__goal_drawer__proposal_303,10.0
L_effect_controlled,task03_ep003_step0100,libero_goal_task03_ep003_seed3,drawer,,0.0,-0.3478111595060277,-0.42824472379511275,404.0,0.0,0.0,task03_ep003_step0100__goal_drawer__proposal_404,10.0
L_effect_controlled,task04_ep000_step0050,libero_goal_task04_ep000_seed0,cabinet,,0.0,0.1740428223768124,0.17669781509501295,101.0,1.0,0.0,task04_ep000_step0050__goal_cabinet__proposal_101,10.0
L_effect_controlled,task04_ep000_step0050,libero_goal_task04_ep000_seed0,cabinet,,0.0,0.13722958790768658,0.14141991142441504,202.0,1.0,0.0,task04_ep000_step0050__goal_cabinet__proposal_202,10.0
L_effect_controlled,task04_ep000_step0050,libero_goal_task04_ep000_seed0,cabinet,,0.0,0.21688262265601088,0.2359006074904975,303.0,1.0,0.0,task04_ep000_step0050__goal_cabinet__proposal_303,10.0
L_effect_controlled,task04_ep000_step0050,libero_goal_task04_ep000_seed0,cabinet,,0.0,0.06487664944284036,0.09652782737459846,404.0,1.0,0.0,task04_ep000_step0050__goal_cabinet__proposal_404,10.0
L_effect_controlled,task04_ep000_step0050,libero_goal_task04_ep000_seed0,drawer,,0.0,0.05707996229827145,0.1135722587536945,101.0,0.0,0.0,task04_ep000_step0050__goal_drawer__proposal_101,10.0
L_effect_controlled,task04_ep000_step0050,libero_goal_task04_ep000_seed0,drawer,,0.0,0.05970922827987564,0.10386394403050693,202.0,0.0,0.0,task04_ep000_step0050__goal_drawer__proposal_202,10.0
L_effect_controlled,task04_ep000_step0050,libero_goal_task04_ep000_seed0,drawer,,0.0,0.0630615369994741,0.09911525557913238,303.0,0.0,0.0,task04_ep000_step0050__goal_drawer__proposal_303,10.0
L_effect_controlled,task04_ep000_step0050,libero_goal_task04_ep000_seed0,drawer,,0.0,-0.0019009641737093989,0.035122896707650474,404.0,0.0,0.0,task04_ep000_step0050__goal_drawer__proposal_404,10.0
L_effect_controlled,task04_ep001_step0050,libero_goal_task04_ep001_seed1,cabinet,,0.0,-0.04261122865955688,-0.03793895721141022,101.0,1.0,0.0,task04_ep001_step0050__goal_cabinet__proposal_101,10.0
L_effect_controlled,task04_ep001_step0050,libero_goal_task04_ep001_seed1,cabinet,,0.0,0.042394237149961614,0.03468281847426539,202.0,1.0,0.0,task04_ep001_step0050__goal_cabinet__proposal_202,10.0
L_effect_controlled,task04_ep001_step0050,libero_goal_task04_ep001_seed1,cabinet,,0.0,0.004091038112348686,-0.01155138569008161,303.0,1.0,0.0,task04_ep001_step0050__goal_cabinet__proposal_303,10.0
L_effect_controlled,task04_ep001_step0050,libero_goal_task04_ep001_seed1,cabinet,,0.0,0.049697510122278646,0.048438136524239665,404.0,1.0,0.0,task04_ep001_step0050__goal_cabinet__proposal_404,10.0
L_effect_controlled,task04_ep001_step0050,libero_goal_task04_ep001_seed1,drawer,,0.0,-0.042474111880105664,-0.03828020854514579,101.0,0.0,0.0,task04_ep001_step0050__goal_drawer__proposal_101,10.0
L_effect_controlled,task04_ep001_step0050,libero_goal_task04_ep001_seed1,drawer,,0.0,0.010932080851705748,0.0027190903088912454,202.0,0.0,0.0,task04_ep001_step0050__goal_drawer__proposal_202,10.0
L_effect_controlled,task04_ep001_step0050,libero_goal_task04_ep001_seed1,drawer,,0.0,-0.002839576962425351,-0.03984695454013802,303.0,0.0,0.0,task04_ep001_step0050__goal_drawer__proposal_303,10.0
L_effect_controlled,task04_ep001_step0050,libero_goal_task04_ep001_seed1,drawer,,0.0,0.05605730608151389,0.022538935024295263,404.0,0.0,0.0,task04_ep001_step0050__goal_drawer__proposal_404,10.0
L_effect_controlled,task04_ep002_step0050,libero_goal_task04_ep002_seed2,cabinet,,0.0,-0.12082765176706523,-0.1800578998747888,101.0,1.0,0.0,task04_ep002_step0050__goal_cabinet__proposal_101,10.0
L_effect_controlled,task04_ep002_step0050,libero_goal_task04_ep002_seed2,cabinet,,0.0,-0.09885826986331955,-0.1410927950910009,202.0,1.0,0.0,task04_ep002_step0050__goal_cabinet__proposal_202,10.0
L_effect_controlled,task04_ep002_step0050,libero_goal_task04_ep002_seed2,cabinet,,0.0,-0.11348571762212334,-0.10273695800094275,303.0,1.0,0.0,task04_ep002_step0050__goal_cabinet__proposal_303,10.0
L_effect_controlled,task04_ep002_step0050,libero_goal_task04_ep002_seed2,cabinet,,0.0,0.011168146002405495,0.0056769844431419705,404.0,1.0,0.0,task04_ep002_step0050__goal_cabinet__proposal_404,10.0
L_effect_controlled,task04_ep002_step0050,libero_goal_task04_ep002_seed2,drawer,,0.0,0.03826140546272932,-0.07168940482078251,101.0,0.0,0.0,task04_ep002_step0050__goal_drawer__proposal_101,10.0
L_effect_controlled,task04_ep002_step0050,libero_goal_task04_ep002_seed2,drawer,,0.0,0.06386888439143051,-0.0192031595884699,202.0,0.0,0.0,task04_ep002_step0050__goal_drawer__proposal_202,10.0
L_effect_controlled,task04_ep002_step0050,libero_goal_task04_ep002_seed2,drawer,,0.0,0.018321963560910398,-0.03282489202944813,303.0,0.0,0.0,task04_ep002_step0050__goal_drawer__proposal_303,10.0
L_effect_controlled,task04_ep002_step0050,libero_goal_task04_ep002_seed2,drawer,,0.0,0.03087825144944633,-0.002447423507091937,404.0,0.0,0.0,task04_ep002_step0050__goal_drawer__proposal_404,10.0
L_effect_controlled,task04_ep003_step0050,libero_goal_task04_ep003_seed3,cabinet,,0.0,-0.10642774469883644,-0.07062134886042783,101.0,1.0,0.0,task04_ep003_step0050__goal_cabinet__proposal_101,10.0
L_effect_controlled,task04_ep003_step0050,libero_goal_task04_ep003_seed3,cabinet,,0.0,-0.06853858909043693,-0.05824660173598034,202.0,1.0,0.0,task04_ep003_step0050__goal_cabinet__proposal_202,10.0
L_effect_controlled,task04_ep003_step0050,libero_goal_task04_ep003_seed3,cabinet,,0.0,-0.0798014835113371,-0.06028849809802942,303.0,1.0,0.0,task04_ep003_step0050__goal_cabinet__proposal_303,10.0
L_effect_controlled,task04_ep003_step0050,libero_goal_task04_ep003_seed3,cabinet,,0.0,-0.06942427750013982,-0.059028984529050824,404.0,1.0,0.0,task04_ep003_step0050__goal_cabinet__proposal_404,10.0
L_effect_controlled,task04_ep003_step0050,libero_goal_task04_ep003_seed3,drawer,,0.0,0.055497214082929264,0.13913014574422625,101.0,0.0,0.0,task04_ep003_step0050__goal_drawer__proposal_101,10.0
L_effect_controlled,task04_ep003_step0050,libero_goal_task04_ep003_seed3,drawer,,0.0,0.1354035296710798,0.16441570331006708,202.0,0.0,0.0,task04_ep003_step0050__goal_drawer__proposal_202,10.0
L_effect_controlled,task04_ep003_step0050,libero_goal_task04_ep003_seed3,drawer,,0.0,0.060872710649178215,0.08895059458775442,303.0,0.0,0.0,task04_ep003_step0050__goal_drawer__proposal_303,10.0
L_effect_controlled,task04_ep003_step0050,libero_goal_task04_ep003_seed3,drawer,,0.0,0.12664162869182002,0.15648895981760258,404.0,0.0,0.0,task04_ep003_step0050__goal_drawer__proposal_404,10.0
L_effect_controlled,task04_ep004_step0050,libero_goal_task04_ep004_seed4,cabinet,,0.0,0.049129060606874615,-0.0449551072483234,101.0,1.0,0.0,task04_ep004_step0050__goal_cabinet__proposal_101,10.0
L_effect_controlled,task04_ep004_step0050,libero_goal_task04_ep004_seed4,cabinet,,0.0,0.1066378096465752,-0.020610000959969923,202.0,1.0,0.0,task04_ep004_step0050__goal_cabinet__proposal_202,10.0
L_effect_controlled,task04_ep004_step0050,libero_goal_task04_ep004_seed4,cabinet,,0.0,0.17235099517591945,0.08851137379977134,303.0,1.0,0.0,task04_ep004_step0050__goal_cabinet__proposal_303,10.0
L_effect_controlled,task04_ep004_step0050,libero_goal_task04_ep004_seed4,cabinet,,0.0,0.17539411406055477,0.08440309182871543,404.0,1.0,0.0,task04_ep004_step0050__goal_cabinet__proposal_404,10.0
L_effect_controlled,task04_ep004_step0050,libero_goal_task04_ep004_seed4,drawer,,0.0,0.053313554305471154,-0.056158352734482074,101.0,0.0,0.0,task04_ep004_step0050__goal_drawer__proposal_101,10.0
L_effect_controlled,task04_ep004_step0050,libero_goal_task04_ep004_seed4,drawer,,0.0,-0.10289035406803372,-0.2461033322577197,202.0,0.0,0.0,task04_ep004_step0050__goal_drawer__proposal_202,10.0
L_effect_controlled,task04_ep004_step0050,libero_goal_task04_ep004_seed4,drawer,,0.0,-0.020520664718076242,-0.13580458888821956,303.0,0.0,0.0,task04_ep004_step0050__goal_drawer__proposal_303,10.0
L_effect_controlled,task04_ep004_step0050,libero_goal_task04_ep004_seed4,drawer,,0.0,0.0031171872231486784,-0.08053467136285385,404.0,0.0,0.0,task04_ep004_step0050__goal_drawer__proposal_404,10.0
V,task03_ep000_step0050,libero_goal_task03_ep000_seed0,cabinet,0.0,0.0,0.567997232224274,0.5695679128815775,,,,,1000.0
V,task03_ep000_step0050,libero_goal_task03_ep000_seed0,drawer,0.125,0.125,0.5633912780919054,0.5633207979831814,,,,,1000.0
V,task03_ep000_step0100,libero_goal_task03_ep000_seed0,cabinet,0.125,0.125,0.7298467581655007,0.7324911351172296,,,,,1000.0
V,task03_ep000_step0100,libero_goal_task03_ep000_seed0,drawer,0.25,0.25,0.8091559696967603,0.811379587938792,,,,,1000.0
V,task03_ep001_step0050,libero_goal_task03_ep001_seed1,cabinet,0.5,0.5,0.16208107425602056,0.16144524010415834,,,,,1000.0
V,task03_ep001_step0050,libero_goal_task03_ep001_seed1,drawer,0.875,0.875,0.15655736843215282,0.15255309108855628,,,,,1000.0
V,task03_ep001_step0100,libero_goal_task03_ep001_seed1,cabinet,1.0,1.0,0.32192296827607214,0.3201887609018763,,,,,1000.0
V,task03_ep001_step0100,libero_goal_task03_ep001_seed1,drawer,1.0,1.0,0.37510508419388955,0.37016181284862426,,,,,1000.0
V,task03_ep003_step0100,libero_goal_task03_ep003_seed3,cabinet,0.25,0.25,0.5233990503459902,0.5264430854649063,,,,,1000.0
V,task03_ep003_step0100,libero_goal_task03_ep003_seed3,drawer,0.0,0.0,0.3578428514163674,0.3595215361652446,,,,,1000.0
V,task04_ep000_step0050,libero_goal_task04_ep000_seed0,cabinet,1.0,1.0,0.6134172142148835,0.6145627924558406,,,,,1000.0
V,task04_ep000_step0050,libero_goal_task04_ep000_seed0,drawer,0.0,0.0,0.3317353245045901,0.3314463387501038,,,,,1000.0
V,task04_ep001_step0050,libero_goal_task04_ep001_seed1,cabinet,1.0,1.0,0.761733888003481,0.7618669284764956,,,,,1000.0
V,task04_ep001_step0050,libero_goal_task04_ep001_seed1,drawer,0.0,0.0,0.497417150685994,0.49663953199171884,,,,,1000.0
V,task04_ep002_step0050,libero_goal_task04_ep002_seed2,cabinet,1.0,1.0,0.6340683998488303,0.6358527606017158,,,,,1000.0
V,task04_ep002_step0050,libero_goal_task04_ep002_seed2,drawer,0.0,0.0,0.26020856349803334,0.2601495142585212,,,,,1000.0
V,task04_ep003_step0050,libero_goal_task04_ep003_seed3,cabinet,1.0,1.0,0.680820962616658,0.683910220096613,,,,,1000.0
V,task04_ep003_step0050,libero_goal_task04_ep003_seed3,drawer,0.0,0.0,0.4044424411645529,0.40554863904582905,,,,,1000.0
V,task04_ep004_step0050,libero_goal_task04_ep004_seed4,cabinet,1.0,1.0,0.707858830368093,0.7047522342566195,,,,,1000.0
V,task04_ep004_step0050,libero_goal_task04_ep004_seed4,drawer,0.0,0.0,0.38181609167126623,0.37735568721849494,,,,,1000.0
Q_preexecution,task03_ep000_step0050,libero_goal_task03_ep000_seed0,cabinet,,0.0,0.5143252959221595,0.5245565197008673,101.0,0.0,0.0,task03_ep000_step0050__goal_cabinet__proposal_101,1000.0
Q_preexecution,task03_ep000_step0050,libero_goal_task03_ep000_seed0,cabinet,,0.0,0.5494102206086052,0.5584773661822436,202.0,0.0,0.0,task03_ep000_step0050__goal_cabinet__proposal_202,1000.0
Q_preexecution,task03_ep000_step0050,libero_goal_task03_ep000_seed0,cabinet,,0.0,0.5667786152837756,0.580958493346122,303.0,0.0,0.0,task03_ep000_step0050__goal_cabinet__proposal_303,1000.0
Q_preexecution,task03_ep000_step0050,libero_goal_task03_ep000_seed0,cabinet,,0.0,0.5771149388118394,0.5899303442834146,404.0,0.0,0.0,task03_ep000_step0050__goal_cabinet__proposal_404,1000.0
Q_preexecution,task03_ep000_step0050,libero_goal_task03_ep000_seed0,drawer,,0.0,0.5504250128197654,0.5741689583681118,101.0,0.0,-0.125,task03_ep000_step0050__goal_drawer__proposal_101,1000.0
Q_preexecution,task03_ep000_step0050,libero_goal_task03_ep000_seed0,drawer,,0.0,0.5783208323836666,0.5978246512125077,202.0,0.0,-0.125,task03_ep000_step0050__goal_drawer__proposal_202,1000.0
Q_preexecution,task03_ep000_step0050,libero_goal_task03_ep000_seed0,drawer,,0.0,0.5816889339999881,0.6080981709572619,303.0,0.0,-0.125,task03_ep000_step0050__goal_drawer__proposal_303,1000.0
Q_preexecution,task03_ep000_step0050,libero_goal_task03_ep000_seed0,drawer,,0.5,0.597458064696574,0.6137318612352137,404.0,0.5,0.375,task03_ep000_step0050__goal_drawer__proposal_404,1000.0
Q_preexecution,task03_ep000_step0100,libero_goal_task03_ep000_seed0,cabinet,,0.0,0.6291646159040714,0.6279584915009904,101.0,0.0,-0.125,task03_ep000_step0100__goal_cabinet__proposal_101,1000.0
Q_preexecution,task03_ep000_step0100,libero_goal_task03_ep000_seed0,cabinet,,0.0,0.6520984119899931,0.6495481160825497,202.0,0.0,-0.125,task03_ep000_step0100__goal_cabinet__proposal_202,1000.0
Q_preexecution,task03_ep000_step0100,libero_goal_task03_ep000_seed0,cabinet,,0.5,0.692813746220914,0.6931818493374251,303.0,0.5,0.375,task03_ep000_step0100__goal_cabinet__proposal_303,1000.0
Q_preexecution,task03_ep000_step0100,libero_goal_task03_ep000_seed0,cabinet,,0.0,0.6861222001706226,0.6850862205692809,404.0,0.0,-0.125,task03_ep000_step0100__goal_cabinet__proposal_404,1000.0
Q_preexecution,task03_ep000_step0100,libero_goal_task03_ep000_seed0,drawer,,0.0,0.8402334536461821,0.8408501722156542,101.0,0.0,-0.25,task03_ep000_step0100__goal_drawer__proposal_101,1000.0
Q_preexecution,task03_ep000_step0100,libero_goal_task03_ep000_seed0,drawer,,1.0,0.8290130877383819,0.8283310689639505,202.0,1.0,0.75,task03_ep000_step0100__goal_drawer__proposal_202,1000.0
Q_preexecution,task03_ep000_step0100,libero_goal_task03_ep000_seed0,drawer,,0.0,0.9016841916544998,0.9045089415403128,303.0,0.0,-0.25,task03_ep000_step0100__goal_drawer__proposal_303,1000.0
Q_preexecution,task03_ep000_step0100,libero_goal_task03_ep000_seed0,drawer,,0.0,0.8884974497242775,0.8883826093631533,404.0,0.0,-0.25,task03_ep000_step0100__goal_drawer__proposal_404,1000.0
Q_preexecution,task03_ep001_step0050,libero_goal_task03_ep001_seed1,cabinet,,0.0,0.07276107504148,0.042491721549329786,101.0,0.0,-0.5,task03_ep001_step0050__goal_cabinet__proposal_101,1000.0
Q_preexecution,task03_ep001_step0050,libero_goal_task03_ep001_seed1,cabinet,,1.0,0.13231603582029478,0.09558162669995507,202.0,1.0,0.5,task03_ep001_step0050__goal_cabinet__proposal_202,1000.0
Q_preexecution,task03_ep001_step0050,libero_goal_task03_ep001_seed1,cabinet,,0.0,0.14696419722629278,0.10991064152892308,303.0,0.0,-0.5,task03_ep001_step0050__goal_cabinet__proposal_303,1000.0
Q_preexecution,task03_ep001_step0050,libero_goal_task03_ep001_seed1,cabinet,,1.0,0.09163519338224518,0.05855691652553957,404.0,1.0,0.5,task03_ep001_step0050__goal_cabinet__proposal_404,1000.0
Q_preexecution,task03_ep001_step0050,libero_goal_task03_ep001_seed1,drawer,,1.0,0.09813333902197913,0.09277520321193072,101.0,1.0,0.125,task03_ep001_step0050__goal_drawer__proposal_101,1000.0
Q_preexecution,task03_ep001_step0050,libero_goal_task03_ep001_seed1,drawer,,0.5,0.16313803507849836,0.15303585296485928,202.0,0.5,-0.375,task03_ep001_step0050__goal_drawer__proposal_202,1000.0
Q_preexecution,task03_ep001_step0050,libero_goal_task03_ep001_seed1,drawer,,1.0,0.1739281467191465,0.16683239874803768,303.0,1.0,0.125,task03_ep001_step0050__goal_drawer__proposal_303,1000.0
Q_preexecution,task03_ep001_step0050,libero_goal_task03_ep001_seed1,drawer,,1.0,0.12222666791456197,0.11565330588210115,404.0,1.0,0.125,task03_ep001_step0050__goal_drawer__proposal_404,1000.0
Q_preexecution,task03_ep001_step0100,libero_goal_task03_ep001_seed1,cabinet,,1.0,0.2912261089918484,0.2715654673894242,101.0,1.0,0.0,task03_ep001_step0100__goal_cabinet__proposal_101,1000.0
Q_preexecution,task03_ep001_step0100,libero_goal_task03_ep001_seed1,cabinet,,1.0,0.34745939176899365,0.32810531267594667,202.0,1.0,0.0,task03_ep001_step0100__goal_cabinet__proposal_202,1000.0
Q_preexecution,task03_ep001_step0100,libero_goal_task03_ep001_seed1,cabinet,,1.0,0.376256719121003,0.35837358446901757,303.0,1.0,0.0,task03_ep001_step0100__goal_cabinet__proposal_303,1000.0
Q_preexecution,task03_ep001_step0100,libero_goal_task03_ep001_seed1,cabinet,,1.0,0.31639708116343984,0.2980129504164592,404.0,1.0,0.0,task03_ep001_step0100__goal_cabinet__proposal_404,1000.0
Q_preexecution,task03_ep001_step0100,libero_goal_task03_ep001_seed1,drawer,,1.0,0.3922518426717233,0.3749460069773382,101.0,1.0,0.0,task03_ep001_step0100__goal_drawer__proposal_101,1000.0
Q_preexecution,task03_ep001_step0100,libero_goal_task03_ep001_seed1,drawer,,1.0,0.44979587152452755,0.4286513957001229,202.0,1.0,0.0,task03_ep001_step0100__goal_drawer__proposal_202,1000.0
Q_preexecution,task03_ep001_step0100,libero_goal_task03_ep001_seed1,drawer,,1.0,0.482770657647439,0.4672212862434997,303.0,1.0,0.0,task03_ep001_step0100__goal_drawer__proposal_303,1000.0
Q_preexecution,task03_ep001_step0100,libero_goal_task03_ep001_seed1,drawer,,1.0,0.42527333330575856,0.4107502608508036,404.0,1.0,0.0,task03_ep001_step0100__goal_drawer__proposal_404,1000.0
Q_preexecution,task03_ep003_step0100,libero_goal_task03_ep003_seed3,cabinet,,0.0,0.5850371510164619,0.6000507474267863,101.0,0.0,-0.25,task03_ep003_step0100__goal_cabinet__proposal_101,1000.0
Q_preexecution,task03_ep003_step0100,libero_goal_task03_ep003_seed3,cabinet,,0.0,0.6685850533259112,0.6821875823660226,202.0,0.0,-0.25,task03_ep003_step0100__goal_cabinet__proposal_202,1000.0
Q_preexecution,task03_ep003_step0100,libero_goal_task03_ep003_seed3,cabinet,,1.0,0.616267050724905,0.6319146471118917,303.0,1.0,0.75,task03_ep003_step0100__goal_cabinet__proposal_303,1000.0
Q_preexecution,task03_ep003_step0100,libero_goal_task03_ep003_seed3,cabinet,,0.0,0.6747386619579631,0.6903409243880263,404.0,0.0,-0.25,task03_ep003_step0100__goal_cabinet__proposal_404,1000.0
Q_preexecution,task03_ep003_step0100,libero_goal_task03_ep003_seed3,drawer,,0.0,0.2604845383472614,0.22966931755431497,101.0,0.0,0.0,task03_ep003_step0100__goal_drawer__proposal_101,1000.0
Q_preexecution,task03_ep003_step0100,libero_goal_task03_ep003_seed3,drawer,,0.0,0.34435258462194124,0.3140983716861919,202.0,0.0,0.0,task03_ep003_step0100__goal_drawer__proposal_202,1000.0
Q_preexecution,task03_ep003_step0100,libero_goal_task03_ep003_seed3,drawer,,0.0,0.2801585784101893,0.24932109006706213,303.0,0.0,0.0,task03_ep003_step0100__goal_drawer__proposal_303,1000.0
Q_preexecution,task03_ep003_step0100,libero_goal_task03_ep003_seed3,drawer,,0.0,0.340835262830377,0.30811375605126734,404.0,0.0,0.0,task03_ep003_step0100__goal_drawer__proposal_404,1000.0
Q_preexecution,task04_ep000_step0050,libero_goal_task04_ep000_seed0,cabinet,,1.0,0.6982697102931155,0.6951272504946914,101.0,1.0,0.0,task04_ep000_step0050__goal_cabinet__proposal_101,1000.0
Q_preexecution,task04_ep000_step0050,libero_goal_task04_ep000_seed0,cabinet,,1.0,0.7782707513063274,0.782193554129138,202.0,1.0,0.0,task04_ep000_step0050__goal_cabinet__proposal_202,1000.0
Q_preexecution,task04_ep000_step0050,libero_goal_task04_ep000_seed0,cabinet,,1.0,0.7797509192339424,0.779674359684893,303.0,1.0,0.0,task04_ep000_step0050__goal_cabinet__proposal_303,1000.0
Q_preexecution,task04_ep000_step0050,libero_goal_task04_ep000_seed0,cabinet,,1.0,0.7804794456886002,0.7835516380837168,404.0,1.0,0.0,task04_ep000_step0050__goal_cabinet__proposal_404,1000.0
Q_preexecution,task04_ep000_step0050,libero_goal_task04_ep000_seed0,drawer,,0.0,0.16919140019562523,0.16560547733044972,101.0,0.0,0.0,task04_ep000_step0050__goal_drawer__proposal_101,1000.0
Q_preexecution,task04_ep000_step0050,libero_goal_task04_ep000_seed0,drawer,,0.0,0.2534035416052385,0.2510022350834261,202.0,0.0,0.0,task04_ep000_step0050__goal_drawer__proposal_202,1000.0
Q_preexecution,task04_ep000_step0050,libero_goal_task04_ep000_seed0,drawer,,0.0,0.2587999865709333,0.2501577281175543,303.0,0.0,0.0,task04_ep000_step0050__goal_drawer__proposal_303,1000.0
Q_preexecution,task04_ep000_step0050,libero_goal_task04_ep000_seed0,drawer,,0.0,0.2524994186785041,0.2425764081979538,404.0,0.0,0.0,task04_ep000_step0050__goal_drawer__proposal_404,1000.0
Q_preexecution,task04_ep001_step0050,libero_goal_task04_ep001_seed1,cabinet,,1.0,0.8744220140409371,0.8788839632102274,101.0,1.0,0.0,task04_ep001_step0050__goal_cabinet__proposal_101,1000.0
Q_preexecution,task04_ep001_step0050,libero_goal_task04_ep001_seed1,cabinet,,1.0,0.9552452884847532,0.9623794151990469,202.0,1.0,0.0,task04_ep001_step0050__goal_cabinet__proposal_202,1000.0
Q_preexecution,task04_ep001_step0050,libero_goal_task04_ep001_seed1,cabinet,,1.0,0.9679540336690561,0.9720004927214244,303.0,1.0,0.0,task04_ep001_step0050__goal_cabinet__proposal_303,1000.0
Q_preexecution,task04_ep001_step0050,libero_goal_task04_ep001_seed1,cabinet,,1.0,0.9579995202512147,0.9691791225674051,404.0,1.0,0.0,task04_ep001_step0050__goal_cabinet__proposal_404,1000.0
Q_preexecution,task04_ep001_step0050,libero_goal_task04_ep001_seed1,drawer,,0.0,0.3870007161185623,0.3844003299220806,101.0,0.0,0.0,task04_ep001_step0050__goal_drawer__proposal_101,1000.0
Q_preexecution,task04_ep001_step0050,libero_goal_task04_ep001_seed1,drawer,,0.0,0.46769079299727306,0.4699436192669471,202.0,0.0,0.0,task04_ep001_step0050__goal_drawer__proposal_202,1000.0
Q_preexecution,task04_ep001_step0050,libero_goal_task04_ep001_seed1,drawer,,0.0,0.47249117868340795,0.4679322109586409,303.0,0.0,0.0,task04_ep001_step0050__goal_drawer__proposal_303,1000.0
Q_preexecution,task04_ep001_step0050,libero_goal_task04_ep001_seed1,drawer,,0.0,0.4655889798183968,0.46298553229786127,404.0,0.0,0.0,task04_ep001_step0050__goal_drawer__proposal_404,1000.0
Q_preexecution,task04_ep002_step0050,libero_goal_task04_ep002_seed2,cabinet,,1.0,0.6984451155469659,0.7033527516445165,101.0,1.0,0.0,task04_ep002_step0050__goal_cabinet__proposal_101,1000.0
Q_preexecution,task04_ep002_step0050,libero_goal_task04_ep002_seed2,cabinet,,1.0,0.7833421667211458,0.7926458367782818,202.0,1.0,0.0,task04_ep002_step0050__goal_cabinet__proposal_202,1000.0
Q_preexecution,task04_ep002_step0050,libero_goal_task04_ep002_seed2,cabinet,,1.0,0.7841524244858336,0.7921419046831157,303.0,1.0,0.0,task04_ep002_step0050__goal_cabinet__proposal_303,1000.0
Q_preexecution,task04_ep002_step0050,libero_goal_task04_ep002_seed2,cabinet,,1.0,0.780024120864461,0.7866153611602684,404.0,1.0,0.0,task04_ep002_step0050__goal_cabinet__proposal_404,1000.0
Q_preexecution,task04_ep002_step0050,libero_goal_task04_ep002_seed2,drawer,,0.0,-0.03296055281184368,-0.029113080212505194,101.0,0.0,0.0,task04_ep002_step0050__goal_drawer__proposal_101,1000.0
Q_preexecution,task04_ep002_step0050,libero_goal_task04_ep002_seed2,drawer,,0.0,0.05303209242063944,0.05734103941391433,202.0,0.0,0.0,task04_ep002_step0050__goal_drawer__proposal_202,1000.0
Q_preexecution,task04_ep002_step0050,libero_goal_task04_ep002_seed2,drawer,,0.0,0.05410279663873602,0.058307882460312876,303.0,0.0,0.0,task04_ep002_step0050__goal_drawer__proposal_303,1000.0
Q_preexecution,task04_ep002_step0050,libero_goal_task04_ep002_seed2,drawer,,0.0,0.046041901169879274,0.05049428143357615,404.0,0.0,0.0,task04_ep002_step0050__goal_drawer__proposal_404,1000.0
Q_preexecution,task04_ep003_step0050,libero_goal_task04_ep003_seed3,cabinet,,1.0,0.8028542834003509,0.8092204376659435,101.0,1.0,0.0,task04_ep003_step0050__goal_cabinet__proposal_101,1000.0
Q_preexecution,task04_ep003_step0050,libero_goal_task04_ep003_seed3,cabinet,,1.0,0.8813158037801967,0.8823023140778478,202.0,1.0,0.0,task04_ep003_step0050__goal_cabinet__proposal_202,1000.0
Q_preexecution,task04_ep003_step0050,libero_goal_task04_ep003_seed3,cabinet,,1.0,0.8869808646221127,0.8874879194780076,303.0,1.0,0.0,task04_ep003_step0050__goal_cabinet__proposal_303,1000.0
Q_preexecution,task04_ep003_step0050,libero_goal_task04_ep003_seed3,cabinet,,1.0,0.8886794261509339,0.8921614561279749,404.0,1.0,0.0,task04_ep003_step0050__goal_cabinet__proposal_404,1000.0
Q_preexecution,task04_ep003_step0050,libero_goal_task04_ep003_seed3,drawer,,0.0,0.2709691113187099,0.27354437799600334,101.0,0.0,0.0,task04_ep003_step0050__goal_drawer__proposal_101,1000.0
Q_preexecution,task04_ep003_step0050,libero_goal_task04_ep003_seed3,drawer,,0.0,0.3500147884175385,0.34952282436753634,202.0,0.0,0.0,task04_ep003_step0050__goal_drawer__proposal_202,1000.0
Q_preexecution,task04_ep003_step0050,libero_goal_task04_ep003_seed3,drawer,,0.0,0.35865485768834937,0.35659193012052415,303.0,0.0,0.0,task04_ep003_step0050__goal_drawer__proposal_303,1000.0
Q_preexecution,task04_ep003_step0050,libero_goal_task04_ep003_seed3,drawer,,0.0,0.3526247142029625,0.34933103923213327,404.0,0.0,0.0,task04_ep003_step0050__goal_drawer__proposal_404,1000.0
Q_preexecution,task04_ep004_step0050,libero_goal_task04_ep004_seed4,cabinet,,1.0,0.7901077455736603,0.794489044028421,101.0,1.0,0.0,task04_ep004_step0050__goal_cabinet__proposal_101,1000.0
Q_preexecution,task04_ep004_step0050,libero_goal_task04_ep004_seed4,cabinet,,1.0,0.8675352530587591,0.8712716073176427,202.0,1.0,0.0,task04_ep004_step0050__goal_cabinet__proposal_202,1000.0
Q_preexecution,task04_ep004_step0050,libero_goal_task04_ep004_seed4,cabinet,,1.0,0.8748421722775821,0.8813431702422725,303.0,1.0,0.0,task04_ep004_step0050__goal_cabinet__proposal_303,1000.0
Q_preexecution,task04_ep004_step0050,libero_goal_task04_ep004_seed4,cabinet,,1.0,0.8728045170599232,0.8770286477527671,404.0,1.0,0.0,task04_ep004_step0050__goal_cabinet__proposal_404,1000.0
Q_preexecution,task04_ep004_step0050,libero_goal_task04_ep004_seed4,drawer,,0.0,0.16722031868635862,0.16713424564653573,101.0,0.0,0.0,task04_ep004_step0050__goal_drawer__proposal_101,1000.0
Q_preexecution,task04_ep004_step0050,libero_goal_task04_ep004_seed4,drawer,,0.0,0.25153108475697883,0.2522166937085544,202.0,0.0,0.0,task04_ep004_step0050__goal_drawer__proposal_202,1000.0
Q_preexecution,task04_ep004_step0050,libero_goal_task04_ep004_seed4,drawer,,0.0,0.2540192129030586,0.25546936990343494,303.0,0.0,0.0,task04_ep004_step0050__goal_drawer__proposal_303,1000.0
Q_preexecution,task04_ep004_step0050,libero_goal_task04_ep004_seed4,drawer,,0.0,0.2495982877138772,0.24968609989132742,404.0,0.0,0.0,task04_ep004_step0050__goal_drawer__proposal_404,1000.0
Q_effect_controlled,task03_ep000_step0050,libero_goal_task03_ep000_seed0,cabinet,,0.0,0.5151010632518518,0.525332151531239,101.0,0.0,0.0,task03_ep000_step0050__goal_cabinet__proposal_101,1000.0
Q_effect_controlled,task03_ep000_step0050,libero_goal_task03_ep000_seed0,cabinet,,0.0,0.5512553908688699,0.5603938108569964,202.0,0.0,0.0,task03_ep000_step0050__goal_cabinet__proposal_202,1000.0
Q_effect_controlled,task03_ep000_step0050,libero_goal_task03_ep000_seed0,cabinet,,0.0,0.5650355621295848,0.5791683984538233,303.0,0.0,0.0,task03_ep000_step0050__goal_cabinet__proposal_303,1000.0
Q_effect_controlled,task03_ep000_step0050,libero_goal_task03_ep000_seed0,cabinet,,0.0,0.5766283164025242,0.5895521250338802,404.0,0.0,0.0,task03_ep000_step0050__goal_cabinet__proposal_404,1000.0
Q_effect_controlled,task03_ep000_step0050,libero_goal_task03_ep000_seed0,drawer,,0.0,0.5569825237564603,0.5801794835043403,101.0,0.0,-0.125,task03_ep000_step0050__goal_drawer__proposal_101,1000.0
Q_effect_controlled,task03_ep000_step0050,libero_goal_task03_ep000_seed0,drawer,,0.0,0.5855075262528793,0.6046774225495779,202.0,0.0,-0.125,task03_ep000_step0050__goal_drawer__proposal_202,1000.0
Q_effect_controlled,task03_ep000_step0050,libero_goal_task03_ep000_seed0,drawer,,0.0,0.5865248737641001,0.6124059800667422,303.0,0.0,-0.125,task03_ep000_step0050__goal_drawer__proposal_303,1000.0
Q_effect_controlled,task03_ep000_step0050,libero_goal_task03_ep000_seed0,drawer,,0.5,0.6034314823359508,0.6195605144669343,404.0,0.5,0.375,task03_ep000_step0050__goal_drawer__proposal_404,1000.0
Q_effect_controlled,task03_ep000_step0100,libero_goal_task03_ep000_seed0,cabinet,,0.0,0.6214504442880833,0.6201529354344468,101.0,0.0,-0.125,task03_ep000_step0100__goal_cabinet__proposal_101,1000.0
Q_effect_controlled,task03_ep000_step0100,libero_goal_task03_ep000_seed0,cabinet,,0.0,0.6443467992561432,0.6418218211210153,202.0,0.0,-0.125,task03_ep000_step0100__goal_cabinet__proposal_202,1000.0
Q_effect_controlled,task03_ep000_step0100,libero_goal_task03_ep000_seed0,cabinet,,0.5,0.7073441066154982,0.7073151125146503,303.0,0.5,0.375,task03_ep000_step0100__goal_cabinet__proposal_303,1000.0
Q_effect_controlled,task03_ep000_step0100,libero_goal_task03_ep000_seed0,cabinet,,0.0,0.6773845775629177,0.6762278036945218,404.0,0.0,-0.125,task03_ep000_step0100__goal_cabinet__proposal_404,1000.0
Q_effect_controlled,task03_ep000_step0100,libero_goal_task03_ep000_seed0,drawer,,0.0,0.8137551974846919,0.8150148818783227,101.0,0.0,-0.25,task03_ep000_step0100__goal_drawer__proposal_101,1000.0
Q_effect_controlled,task03_ep000_step0100,libero_goal_task03_ep000_seed0,drawer,,1.0,0.806308858274038,0.8062807503073335,202.0,1.0,0.75,task03_ep000_step0100__goal_drawer__proposal_202,1000.0
Q_effect_controlled,task03_ep000_step0100,libero_goal_task03_ep000_seed0,drawer,,0.0,0.8725281614969489,0.8759372814409139,303.0,0.0,-0.25,task03_ep000_step0100__goal_drawer__proposal_303,1000.0
Q_effect_controlled,task03_ep000_step0100,libero_goal_task03_ep000_seed0,drawer,,0.0,0.8620291501559653,0.8624059416720142,404.0,0.0,-0.25,task03_ep000_step0100__goal_drawer__proposal_404,1000.0
Q_effect_controlled,task03_ep001_step0050,libero_goal_task03_ep001_seed1,cabinet,,0.0,0.0650999973832243,0.03618428055252931,101.0,0.0,-0.5,task03_ep001_step0050__goal_cabinet__proposal_101,1000.0
Q_effect_controlled,task03_ep001_step0050,libero_goal_task03_ep001_seed1,cabinet,,1.0,0.12873907256011402,0.09360814840302428,202.0,1.0,0.5,task03_ep001_step0050__goal_cabinet__proposal_202,1000.0
Q_effect_controlled,task03_ep001_step0050,libero_goal_task03_ep001_seed1,cabinet,,0.0,0.13453118222275684,0.09919264482684742,303.0,0.0,-0.5,task03_ep001_step0050__goal_cabinet__proposal_303,1000.0
Q_effect_controlled,task03_ep001_step0050,libero_goal_task03_ep001_seed1,cabinet,,1.0,0.08539764247163034,0.05408630095202621,404.0,1.0,0.5,task03_ep001_step0050__goal_cabinet__proposal_404,1000.0
Q_effect_controlled,task03_ep001_step0050,libero_goal_task03_ep001_seed1,drawer,,1.0,0.09344257846666926,0.0881529241114164,101.0,1.0,0.125,task03_ep001_step0050__goal_drawer__proposal_101,1000.0
Q_effect_controlled,task03_ep001_step0050,libero_goal_task03_ep001_seed1,drawer,,0.5,0.1600024329427358,0.15034305153004374,202.0,0.5,-0.375,task03_ep001_step0050__goal_drawer__proposal_202,1000.0
Q_effect_controlled,task03_ep001_step0050,libero_goal_task03_ep001_seed1,drawer,,1.0,0.16384149794350833,0.15702988178329183,303.0,1.0,0.125,task03_ep001_step0050__goal_drawer__proposal_303,1000.0
Q_effect_controlled,task03_ep001_step0050,libero_goal_task03_ep001_seed1,drawer,,1.0,0.11722525881210036,0.11096106727056956,404.0,1.0,0.125,task03_ep001_step0050__goal_drawer__proposal_404,1000.0
Q_effect_controlled,task03_ep001_step0100,libero_goal_task03_ep001_seed1,cabinet,,1.0,0.3007628123070831,0.2812128606821124,101.0,1.0,0.0,task03_ep001_step0100__goal_cabinet__proposal_101,1000.0
Q_effect_controlled,task03_ep001_step0100,libero_goal_task03_ep001_seed1,cabinet,,1.0,0.3864035348921677,0.3667705974564725,202.0,1.0,0.0,task03_ep001_step0100__goal_cabinet__proposal_202,1000.0
Q_effect_controlled,task03_ep001_step0100,libero_goal_task03_ep001_seed1,cabinet,,1.0,0.4037184986565915,0.3854517189648276,303.0,1.0,0.0,task03_ep001_step0100__goal_cabinet__proposal_303,1000.0
Q_effect_controlled,task03_ep001_step0100,libero_goal_task03_ep001_seed1,cabinet,,1.0,0.3529137365389429,0.3339794466516069,404.0,1.0,0.0,task03_ep001_step0100__goal_cabinet__proposal_404,1000.0
Q_effect_controlled,task03_ep001_step0100,libero_goal_task03_ep001_seed1,drawer,,1.0,0.412958859974585,0.3960423920942308,101.0,1.0,0.0,task03_ep001_step0100__goal_drawer__proposal_101,1000.0
Q_effect_controlled,task03_ep001_step0100,libero_goal_task03_ep001_seed1,drawer,,1.0,0.45748221279996104,0.43721818220350195,202.0,1.0,0.0,task03_ep001_step0100__goal_drawer__proposal_202,1000.0
Q_effect_controlled,task03_ep001_step0100,libero_goal_task03_ep001_seed1,drawer,,1.0,0.4970302489151079,0.481748076353183,303.0,1.0,0.0,task03_ep001_step0100__goal_drawer__proposal_303,1000.0
Q_effect_controlled,task03_ep001_step0100,libero_goal_task03_ep001_seed1,drawer,,1.0,0.4449266503261353,0.4305857733625945,404.0,1.0,0.0,task03_ep001_step0100__goal_drawer__proposal_404,1000.0
Q_effect_controlled,task03_ep003_step0100,libero_goal_task03_ep003_seed3,cabinet,,0.0,0.5516228327781771,0.5665522711800104,101.0,0.0,-0.25,task03_ep003_step0100__goal_cabinet__proposal_101,1000.0
Q_effect_controlled,task03_ep003_step0100,libero_goal_task03_ep003_seed3,cabinet,,0.0,0.6350895170228683,0.6487332882367594,202.0,0.0,-0.25,task03_ep003_step0100__goal_cabinet__proposal_202,1000.0
Q_effect_controlled,task03_ep003_step0100,libero_goal_task03_ep003_seed3,cabinet,,1.0,0.5979868680019964,0.6131772845174706,303.0,1.0,0.75,task03_ep003_step0100__goal_cabinet__proposal_303,1000.0
Q_effect_controlled,task03_ep003_step0100,libero_goal_task03_ep003_seed3,cabinet,,0.0,0.6402423192394724,0.6555832186909534,404.0,0.0,-0.25,task03_ep003_step0100__goal_cabinet__proposal_404,1000.0
Q_effect_controlled,task03_ep003_step0100,libero_goal_task03_ep003_seed3,drawer,,0.0,0.2570413430675819,0.22746793293796141,101.0,0.0,0.0,task03_ep003_step0100__goal_drawer__proposal_101,1000.0
Q_effect_controlled,task03_ep003_step0100,libero_goal_task03_ep003_seed3,drawer,,0.0,0.33821705025370774,0.30919444381865013,202.0,0.0,0.0,task03_ep003_step0100__goal_drawer__proposal_202,1000.0
Q_effect_controlled,task03_ep003_step0100,libero_goal_task03_ep003_seed3,drawer,,0.0,0.2735044078988545,0.24395006257013369,303.0,0.0,0.0,task03_ep003_step0100__goal_drawer__proposal_303,1000.0
Q_effect_controlled,task03_ep003_step0100,libero_goal_task03_ep003_seed3,drawer,,0.0,0.33308543248164824,0.3016922661422755,404.0,0.0,0.0,task03_ep003_step0100__goal_drawer__proposal_404,1000.0
Q_effect_controlled,task04_ep000_step0050,libero_goal_task04_ep000_seed0,cabinet,,1.0,0.7241405879240264,0.7204476725198405,101.0,1.0,0.0,task04_ep000_step0050__goal_cabinet__proposal_101,1000.0
Q_effect_controlled,task04_ep000_step0050,libero_goal_task04_ep000_seed0,cabinet,,1.0,0.7893493001869132,0.7925121780729691,202.0,1.0,0.0,task04_ep000_step0050__goal_cabinet__proposal_202,1000.0
Q_effect_controlled,task04_ep000_step0050,libero_goal_task04_ep000_seed0,cabinet,,1.0,0.8001803458876466,0.7995638578201574,303.0,1.0,0.0,task04_ep000_step0050__goal_cabinet__proposal_303,1000.0
Q_effect_controlled,task04_ep000_step0050,libero_goal_task04_ep000_seed0,cabinet,,1.0,0.7887087917684934,0.7911888559049871,404.0,1.0,0.0,task04_ep000_step0050__goal_cabinet__proposal_404,1000.0
Q_effect_controlled,task04_ep000_step0050,libero_goal_task04_ep000_seed0,drawer,,0.0,0.16433780608324705,0.1608066494792882,101.0,0.0,0.0,task04_ep000_step0050__goal_drawer__proposal_101,1000.0
Q_effect_controlled,task04_ep000_step0050,libero_goal_task04_ep000_seed0,drawer,,0.0,0.24616145859185898,0.2437447551784379,202.0,0.0,0.0,task04_ep000_step0050__goal_drawer__proposal_202,1000.0
Q_effect_controlled,task04_ep000_step0050,libero_goal_task04_ep000_seed0,drawer,,0.0,0.24815123544482184,0.23987838192733413,303.0,0.0,0.0,task04_ep000_step0050__goal_drawer__proposal_303,1000.0
Q_effect_controlled,task04_ep000_step0050,libero_goal_task04_ep000_seed0,drawer,,0.0,0.24297834203276927,0.23344012643888298,404.0,0.0,0.0,task04_ep000_step0050__goal_drawer__proposal_404,1000.0
Q_effect_controlled,task04_ep001_step0050,libero_goal_task04_ep001_seed1,cabinet,,1.0,0.8917454088668515,0.8960734589143287,101.0,1.0,0.0,task04_ep001_step0050__goal_cabinet__proposal_101,1000.0
Q_effect_controlled,task04_ep001_step0050,libero_goal_task04_ep001_seed1,cabinet,,1.0,0.9729571170599817,0.9797521028433421,202.0,1.0,0.0,task04_ep001_step0050__goal_cabinet__proposal_202,1000.0
Q_effect_controlled,task04_ep001_step0050,libero_goal_task04_ep001_seed1,cabinet,,1.0,0.9795391254353818,0.9834116801425475,303.0,1.0,0.0,task04_ep001_step0050__goal_cabinet__proposal_303,1000.0
Q_effect_controlled,task04_ep001_step0050,libero_goal_task04_ep001_seed1,cabinet,,1.0,0.9732816823033649,0.9839641850468911,404.0,1.0,0.0,task04_ep001_step0050__goal_cabinet__proposal_404,1000.0
Q_effect_controlled,task04_ep001_step0050,libero_goal_task04_ep001_seed1,drawer,,0.0,0.36755036372758854,0.3657571553118321,101.0,0.0,0.0,task04_ep001_step0050__goal_drawer__proposal_101,1000.0
Q_effect_controlled,task04_ep001_step0050,libero_goal_task04_ep001_seed1,drawer,,0.0,0.4469957321138932,0.4497481444299432,202.0,0.0,0.0,task04_ep001_step0050__goal_drawer__proposal_202,1000.0
Q_effect_controlled,task04_ep001_step0050,libero_goal_task04_ep001_seed1,drawer,,0.0,0.44872644004060164,0.4448911344187171,303.0,0.0,0.0,task04_ep001_step0050__goal_drawer__proposal_303,1000.0
Q_effect_controlled,task04_ep001_step0050,libero_goal_task04_ep001_seed1,drawer,,0.0,0.4464338659705727,0.44441730317489136,404.0,0.0,0.0,task04_ep001_step0050__goal_drawer__proposal_404,1000.0
Q_effect_controlled,task04_ep002_step0050,libero_goal_task04_ep002_seed2,cabinet,,1.0,0.7121196228784195,0.7164927383274506,101.0,1.0,0.0,task04_ep002_step0050__goal_cabinet__proposal_101,1000.0
Q_effect_controlled,task04_ep002_step0050,libero_goal_task04_ep002_seed2,cabinet,,1.0,0.797497493989654,0.806088585323812,202.0,1.0,0.0,task04_ep002_step0050__goal_cabinet__proposal_202,1000.0
Q_effect_controlled,task04_ep002_step0050,libero_goal_task04_ep002_seed2,cabinet,,1.0,0.7924648336397416,0.8000583849927487,303.0,1.0,0.0,task04_ep002_step0050__goal_cabinet__proposal_303,1000.0
Q_effect_controlled,task04_ep002_step0050,libero_goal_task04_ep002_seed2,cabinet,,1.0,0.807275675132598,0.8132687703658744,404.0,1.0,0.0,task04_ep002_step0050__goal_cabinet__proposal_404,1000.0
Q_effect_controlled,task04_ep002_step0050,libero_goal_task04_ep002_seed2,drawer,,0.0,-0.025057185504335555,-0.021407008479619738,101.0,0.0,0.0,task04_ep002_step0050__goal_drawer__proposal_101,1000.0
Q_effect_controlled,task04_ep002_step0050,libero_goal_task04_ep002_seed2,drawer,,0.0,0.060840814653542075,0.06504949730440707,202.0,0.0,0.0,task04_ep002_step0050__goal_drawer__proposal_202,1000.0
Q_effect_controlled,task04_ep002_step0050,libero_goal_task04_ep002_seed2,drawer,,0.0,0.05532977328508193,0.05959568577370433,303.0,0.0,0.0,task04_ep002_step0050__goal_drawer__proposal_303,1000.0
Q_effect_controlled,task04_ep002_step0050,libero_goal_task04_ep002_seed2,drawer,,0.0,0.05209890728611277,0.056588770265167454,404.0,0.0,0.0,task04_ep002_step0050__goal_drawer__proposal_404,1000.0
Q_effect_controlled,task04_ep003_step0050,libero_goal_task04_ep003_seed3,cabinet,,1.0,0.8157779668400806,0.8214578780765722,101.0,1.0,0.0,task04_ep003_step0050__goal_cabinet__proposal_101,1000.0
Q_effect_controlled,task04_ep003_step0050,libero_goal_task04_ep003_seed3,cabinet,,1.0,0.8946378998257213,0.8951186265292219,202.0,1.0,0.0,task04_ep003_step0050__goal_cabinet__proposal_202,1000.0
Q_effect_controlled,task04_ep003_step0050,libero_goal_task04_ep003_seed3,cabinet,,1.0,0.8966077125622489,0.89673024026599,303.0,1.0,0.0,task04_ep003_step0050__goal_cabinet__proposal_303,1000.0
Q_effect_controlled,task04_ep003_step0050,libero_goal_task04_ep003_seed3,cabinet,,1.0,0.9014281506105164,0.9042949185214533,404.0,1.0,0.0,task04_ep003_step0050__goal_cabinet__proposal_404,1000.0
Q_effect_controlled,task04_ep003_step0050,libero_goal_task04_ep003_seed3,drawer,,0.0,0.2641078118637106,0.26679135699449436,101.0,0.0,0.0,task04_ep003_step0050__goal_drawer__proposal_101,1000.0
Q_effect_controlled,task04_ep003_step0050,libero_goal_task04_ep003_seed3,drawer,,0.0,0.34248426587495717,0.3420651002311731,202.0,0.0,0.0,task04_ep003_step0050__goal_drawer__proposal_202,1000.0
Q_effect_controlled,task04_ep003_step0050,libero_goal_task04_ep003_seed3,drawer,,0.0,0.3457667050067395,0.34386391087259804,303.0,0.0,0.0,task04_ep003_step0050__goal_drawer__proposal_303,1000.0
Q_effect_controlled,task04_ep003_step0050,libero_goal_task04_ep003_seed3,drawer,,0.0,0.3425320436387177,0.33947466096994333,404.0,0.0,0.0,task04_ep003_step0050__goal_drawer__proposal_404,1000.0
Q_effect_controlled,task04_ep004_step0050,libero_goal_task04_ep004_seed4,cabinet,,1.0,0.8022397679940252,0.8064396044844386,101.0,1.0,0.0,task04_ep004_step0050__goal_cabinet__proposal_101,1000.0
Q_effect_controlled,task04_ep004_step0050,libero_goal_task04_ep004_seed4,cabinet,,1.0,0.8801151136472958,0.8836186232907004,202.0,1.0,0.0,task04_ep004_step0050__goal_cabinet__proposal_202,1000.0
Q_effect_controlled,task04_ep004_step0050,libero_goal_task04_ep004_seed4,cabinet,,1.0,0.8960919247192383,0.9022895467162577,303.0,1.0,0.0,task04_ep004_step0050__goal_cabinet__proposal_303,1000.0
Q_effect_controlled,task04_ep004_step0050,libero_goal_task04_ep004_seed4,cabinet,,1.0,0.8972356621949392,0.9011751987348082,404.0,1.0,0.0,task04_ep004_step0050__goal_cabinet__proposal_404,1000.0
Q_effect_controlled,task04_ep004_step0050,libero_goal_task04_ep004_seed4,drawer,,0.0,0.15349856786070726,0.15408617290646687,101.0,0.0,0.0,task04_ep004_step0050__goal_drawer__proposal_101,1000.0
Q_effect_controlled,task04_ep004_step0050,libero_goal_task04_ep004_seed4,drawer,,0.0,0.2371073838805535,0.2382528575892828,202.0,0.0,0.0,task04_ep004_step0050__goal_drawer__proposal_202,1000.0
Q_effect_controlled,task04_ep004_step0050,libero_goal_task04_ep004_seed4,drawer,,0.0,0.2344113964777555,0.23644393051734258,303.0,0.0,0.0,task04_ep004_step0050__goal_drawer__proposal_303,1000.0
Q_effect_controlled,task04_ep004_step0050,libero_goal_task04_ep004_seed4,drawer,,0.0,0.2332569947752119,0.23407644967188554,404.0,0.0,0.0,task04_ep004_step0050__goal_drawer__proposal_404,1000.0
L_effect_controlled,task03_ep000_step0050,libero_goal_task03_ep000_seed0,cabinet,,0.0,-0.04294760711527407,-0.042761618726646855,101.0,0.0,0.0,task03_ep000_step0050__goal_cabinet__proposal_101,1000.0
L_effect_controlled,task03_ep000_step0050,libero_goal_task03_ep000_seed0,cabinet,,0.0,-0.0072251153902217185,-0.006561240638225224,202.0,0.0,0.0,task03_ep000_step0050__goal_cabinet__proposal_202,1000.0
L_effect_controlled,task03_ep000_step0050,libero_goal_task03_ep000_seed0,cabinet,,0.0,0.017936081878703675,0.018556350063773642,303.0,0.0,0.0,task03_ep000_step0050__goal_cabinet__proposal_303,1000.0
L_effect_controlled,task03_ep000_step0050,libero_goal_task03_ep000_seed0,cabinet,,0.0,0.022083023525420544,0.023458302500571137,404.0,0.0,0.0,task03_ep000_step0050__goal_cabinet__proposal_404,1000.0
L_effect_controlled,task03_ep000_step0050,libero_goal_task03_ep000_seed0,drawer,,-0.125,-0.035174278272277676,-0.03475069133640282,101.0,0.0,-0.125,task03_ep000_step0050__goal_drawer__proposal_101,1000.0
L_effect_controlled,task03_ep000_step0050,libero_goal_task03_ep000_seed0,drawer,,-0.125,-0.0018905661453029474,-0.0017602275757087399,202.0,0.0,-0.125,task03_ep000_step0050__goal_drawer__proposal_202,1000.0
L_effect_controlled,task03_ep000_step0050,libero_goal_task03_ep000_seed0,drawer,,-0.125,0.02431083961243569,0.025453526391102033,303.0,0.0,-0.125,task03_ep000_step0050__goal_drawer__proposal_303,1000.0
L_effect_controlled,task03_ep000_step0050,libero_goal_task03_ep000_seed0,drawer,,0.375,0.027266087405056913,0.026316601438415545,404.0,0.5,0.375,task03_ep000_step0050__goal_drawer__proposal_404,1000.0
L_effect_controlled,task03_ep000_step0100,libero_goal_task03_ep000_seed0,cabinet,,-0.125,-0.04941090265682705,-0.05060353803992617,101.0,0.0,-0.125,task03_ep000_step0100__goal_cabinet__proposal_101,1000.0
L_effect_controlled,task03_ep000_step0100,libero_goal_task03_ep000_seed0,cabinet,,-0.125,-0.0185470061136546,-0.01961450930899619,202.0,0.0,-0.125,task03_ep000_step0100__goal_cabinet__proposal_202,1000.0
L_effect_controlled,task03_ep000_step0100,libero_goal_task03_ep000_seed0,cabinet,,0.375,0.02483862244186994,0.02334508731465867,303.0,0.5,0.375,task03_ep000_step0100__goal_cabinet__proposal_303,1000.0
L_effect_controlled,task03_ep000_step0100,libero_goal_task03_ep000_seed0,cabinet,,-0.125,0.011035656468230239,0.009436613190568778,404.0,0.0,-0.125,task03_ep000_step0100__goal_cabinet__proposal_404,1000.0
L_effect_controlled,task03_ep000_step0100,libero_goal_task03_ep000_seed0,drawer,,-0.25,-0.04170129618272552,-0.04339761354102536,101.0,0.0,-0.25,task03_ep000_step0100__goal_drawer__proposal_101,1000.0
L_effect_controlled,task03_ep000_step0100,libero_goal_task03_ep000_seed0,drawer,,0.75,-0.011653655372901094,-0.011947244688631117,202.0,1.0,0.75,task03_ep000_step0100__goal_drawer__proposal_202,1000.0
L_effect_controlled,task03_ep000_step0100,libero_goal_task03_ep000_seed0,drawer,,-0.25,0.018471871372362492,0.01718286926267356,303.0,0.0,-0.25,task03_ep000_step0100__goal_drawer__proposal_303,1000.0
L_effect_controlled,task03_ep000_step0100,libero_goal_task03_ep000_seed0,drawer,,-0.25,0.019416298124483186,0.016740759801219016,404.0,0.0,-0.25,task03_ep000_step0100__goal_drawer__proposal_404,1000.0
L_effect_controlled,task03_ep001_step0050,libero_goal_task03_ep001_seed1,cabinet,,-0.5,-0.055104885584008126,-0.05396216506162366,101.0,0.0,-0.5,task03_ep001_step0050__goal_cabinet__proposal_101,1000.0
L_effect_controlled,task03_ep001_step0050,libero_goal_task03_ep001_seed1,cabinet,,0.5,0.005433971673816015,0.005788978174842099,202.0,1.0,0.5,task03_ep001_step0050__goal_cabinet__proposal_202,1000.0
L_effect_controlled,task03_ep001_step0050,libero_goal_task03_ep001_seed1,cabinet,,-0.5,0.03251986136321027,0.033442397376294564,303.0,0.0,-0.5,task03_ep001_step0050__goal_cabinet__proposal_303,1000.0
L_effect_controlled,task03_ep001_step0050,libero_goal_task03_ep001_seed1,cabinet,,0.5,-0.02581555742689801,-0.022734743904674504,404.0,1.0,0.5,task03_ep001_step0050__goal_cabinet__proposal_404,1000.0
L_effect_controlled,task03_ep001_step0050,libero_goal_task03_ep001_seed1,drawer,,0.125,-0.0513194752635911,-0.05137962032907422,101.0,1.0,0.125,task03_ep001_step0050__goal_drawer__proposal_101,1000.0
L_effect_controlled,task03_ep001_step0050,libero_goal_task03_ep001_seed1,drawer,,-0.375,0.007004072557601862,0.007150642858107197,202.0,0.5,-0.375,task03_ep001_step0050__goal_drawer__proposal_202,1000.0
L_effect_controlled,task03_ep001_step0050,libero_goal_task03_ep001_seed1,drawer,,0.125,0.03551032467961037,0.03483685641614543,303.0,1.0,0.125,task03_ep001_step0050__goal_drawer__proposal_303,1000.0
L_effect_controlled,task03_ep001_step0050,libero_goal_task03_ep001_seed1,drawer,,0.125,-0.021613774450393624,-0.02117149559498545,404.0,1.0,0.125,task03_ep001_step0050__goal_drawer__proposal_404,1000.0
L_effect_controlled,task03_ep001_step0100,libero_goal_task03_ep001_seed1,cabinet,,0.0,-0.036550322363701176,-0.03719311257017106,101.0,1.0,0.0,task03_ep001_step0100__goal_cabinet__proposal_101,1000.0
L_effect_controlled,task03_ep001_step0100,libero_goal_task03_ep001_seed1,cabinet,,0.0,0.03639487811687215,0.03731038549883962,202.0,1.0,0.0,task03_ep001_step0100__goal_cabinet__proposal_202,1000.0
L_effect_controlled,task03_ep001_step0100,libero_goal_task03_ep001_seed1,cabinet,,0.0,0.06113830351184112,0.06038194616713175,303.0,1.0,0.0,task03_ep001_step0100__goal_cabinet__proposal_303,1000.0
L_effect_controlled,task03_ep001_step0100,libero_goal_task03_ep001_seed1,cabinet,,0.0,0.0038290144877021607,0.0018454332149656766,404.0,1.0,0.0,task03_ep001_step0100__goal_cabinet__proposal_404,1000.0
L_effect_controlled,task03_ep001_step0100,libero_goal_task03_ep001_seed1,drawer,,0.0,-0.027154439990314038,-0.02710734117478633,101.0,1.0,0.0,task03_ep001_step0100__goal_drawer__proposal_101,1000.0
L_effect_controlled,task03_ep001_step0100,libero_goal_task03_ep001_seed1,drawer,,0.0,0.025334830812784873,0.02643434268583056,202.0,1.0,0.0,task03_ep001_step0100__goal_drawer__proposal_202,1000.0
L_effect_controlled,task03_ep001_step0100,libero_goal_task03_ep001_seed1,drawer,,0.0,0.06014757217075523,0.05984236290190741,303.0,1.0,0.0,task03_ep001_step0100__goal_drawer__proposal_303,1000.0
L_effect_controlled,task03_ep001_step0100,libero_goal_task03_ep001_seed1,drawer,,0.0,0.002069526736644063,0.0027777671352441063,404.0,1.0,0.0,task03_ep001_step0100__goal_drawer__proposal_404,1000.0
L_effect_controlled,task03_ep003_step0100,libero_goal_task03_ep003_seed3,cabinet,,-0.25,-0.050999205106117704,-0.04927536565021522,101.0,0.0,-0.25,task03_ep003_step0100__goal_cabinet__proposal_101,1000.0
L_effect_controlled,task03_ep003_step0100,libero_goal_task03_ep003_seed3,cabinet,,-0.25,0.02989924234440854,0.03251010820944287,202.0,0.0,-0.25,task03_ep003_step0100__goal_cabinet__proposal_202,1000.0
L_effect_controlled,task03_ep003_step0100,libero_goal_task03_ep003_seed3,cabinet,,0.75,-0.0173094188953012,-0.016855417897836174,303.0,1.0,0.75,task03_ep003_step0100__goal_cabinet__proposal_303,1000.0
L_effect_controlled,task03_ep003_step0100,libero_goal_task03_ep003_seed3,cabinet,,-0.25,0.02874572341154877,0.027910745727481256,404.0,0.0,-0.25,task03_ep003_step0100__goal_cabinet__proposal_404,1000.0
L_effect_controlled,task03_ep003_step0100,libero_goal_task03_ep003_seed3,drawer,,0.0,-0.05164218262509657,-0.05408703594280724,101.0,0.0,0.0,task03_ep003_step0100__goal_drawer__proposal_101,1000.0
L_effect_controlled,task03_ep003_step0100,libero_goal_task03_ep003_seed3,drawer,,0.0,0.03172479866259196,0.029377827749284907,202.0,0.0,0.0,task03_ep003_step0100__goal_drawer__proposal_202,1000.0
L_effect_controlled,task03_ep003_step0100,libero_goal_task03_ep003_seed3,drawer,,0.0,-0.02486311887868999,-0.027530816193217292,303.0,0.0,0.0,task03_ep003_step0100__goal_drawer__proposal_303,1000.0
L_effect_controlled,task03_ep003_step0100,libero_goal_task03_ep003_seed3,drawer,,0.0,0.03029417074284111,0.026662154245609762,404.0,0.0,0.0,task03_ep003_step0100__goal_drawer__proposal_404,1000.0
L_effect_controlled,task04_ep000_step0050,libero_goal_task04_ep000_seed0,cabinet,,0.0,-0.05375401786613019,-0.0552682382785272,101.0,1.0,0.0,task04_ep000_step0050__goal_cabinet__proposal_101,1000.0
L_effect_controlled,task04_ep000_step0050,libero_goal_task04_ep000_seed0,cabinet,,0.0,0.020266681630191415,0.0194889861262277,202.0,1.0,0.0,task04_ep000_step0050__goal_cabinet__proposal_202,1000.0
L_effect_controlled,task04_ep000_step0050,libero_goal_task04_ep000_seed0,cabinet,,0.0,0.02508445946755274,0.024633265156168604,303.0,1.0,0.0,task04_ep000_step0050__goal_cabinet__proposal_303,1000.0
L_effect_controlled,task04_ep000_step0050,libero_goal_task04_ep000_seed0,cabinet,,0.0,0.018086750399091998,0.01851037462471538,404.0,1.0,0.0,task04_ep000_step0050__goal_cabinet__proposal_404,1000.0
L_effect_controlled,task04_ep000_step0050,libero_goal_task04_ep000_seed0,drawer,,0.0,-0.05724547032304499,-0.05575578020294345,101.0,0.0,0.0,task04_ep000_step0050__goal_drawer__proposal_101,1000.0
L_effect_controlled,task04_ep000_step0050,libero_goal_task04_ep000_seed0,drawer,,0.0,0.021594766277724504,0.02252334067251083,202.0,0.0,0.0,task04_ep000_step0050__goal_drawer__proposal_202,1000.0
L_effect_controlled,task04_ep000_step0050,libero_goal_task04_ep000_seed0,drawer,,0.0,0.020713352042687535,0.02076394428498392,303.0,0.0,0.0,task04_ep000_step0050__goal_drawer__proposal_303,1000.0
L_effect_controlled,task04_ep000_step0050,libero_goal_task04_ep000_seed0,drawer,,0.0,0.020041211245817717,0.019740524631726583,404.0,0.0,0.0,task04_ep000_step0050__goal_drawer__proposal_404,1000.0
L_effect_controlled,task04_ep001_step0050,libero_goal_task04_ep001_seed1,cabinet,,0.0,-0.05658000142684679,-0.056018876694434526,101.0,1.0,0.0,task04_ep001_step0050__goal_cabinet__proposal_101,1000.0
L_effect_controlled,task04_ep001_step0050,libero_goal_task04_ep001_seed1,cabinet,,0.0,0.024298051349926134,0.024333683680886085,202.0,1.0,0.0,task04_ep001_step0050__goal_cabinet__proposal_202,1000.0
L_effect_controlled,task04_ep001_step0050,libero_goal_task04_ep001_seed1,cabinet,,0.0,0.02221750010100601,0.021806714637459864,303.0,1.0,0.0,task04_ep001_step0050__goal_cabinet__proposal_303,1000.0
L_effect_controlled,task04_ep001_step0050,libero_goal_task04_ep001_seed1,cabinet,,0.0,0.024154527536415383,0.024710421701879287,404.0,1.0,0.0,task04_ep001_step0050__goal_cabinet__proposal_404,1000.0
L_effect_controlled,task04_ep001_step0050,libero_goal_task04_ep001_seed1,drawer,,0.0,-0.05525711491535756,-0.0539488148147558,101.0,0.0,0.0,task04_ep001_step0050__goal_drawer__proposal_101,1000.0
L_effect_controlled,task04_ep001_step0050,libero_goal_task04_ep001_seed1,drawer,,0.0,0.024525148028318636,0.02541340653205769,202.0,0.0,0.0,task04_ep001_step0050__goal_drawer__proposal_202,1000.0
L_effect_controlled,task04_ep001_step0050,libero_goal_task04_ep001_seed1,drawer,,0.0,0.023604355712048726,0.022699278876157695,303.0,0.0,0.0,task04_ep001_step0050__goal_drawer__proposal_303,1000.0
L_effect_controlled,task04_ep001_step0050,libero_goal_task04_ep001_seed1,drawer,,0.0,0.025832660024326645,0.02499795186328181,404.0,0.0,0.0,task04_ep001_step0050__goal_drawer__proposal_404,1000.0
L_effect_controlled,task04_ep002_step0050,libero_goal_task04_ep002_seed2,cabinet,,0.0,-0.06599177460473495,-0.06801120692391359,101.0,1.0,0.0,task04_ep002_step0050__goal_cabinet__proposal_101,1000.0
L_effect_controlled,task04_ep002_step0050,libero_goal_task04_ep002_seed2,cabinet,,0.0,0.014012984691554485,0.013324420371949315,202.0,1.0,0.0,task04_ep002_step0050__goal_cabinet__proposal_202,1000.0
L_effect_controlled,task04_ep002_step0050,libero_goal_task04_ep002_seed2,cabinet,,0.0,0.011791586678035041,0.013183927804945208,303.0,1.0,0.0,task04_ep002_step0050__goal_cabinet__proposal_303,1000.0
L_effect_controlled,task04_ep002_step0050,libero_goal_task04_ep002_seed2,cabinet,,0.0,0.020879424505532304,0.02142783018422317,404.0,1.0,0.0,task04_ep002_step0050__goal_cabinet__proposal_404,1000.0
L_effect_controlled,task04_ep002_step0050,libero_goal_task04_ep002_seed2,drawer,,0.0,-0.05967746311504632,-0.06209024674675645,101.0,0.0,0.0,task04_ep002_step0050__goal_drawer__proposal_101,1000.0
L_effect_controlled,task04_ep002_step0050,libero_goal_task04_ep002_seed2,drawer,,0.0,0.02003412695773303,0.018701345640204054,202.0,0.0,0.0,task04_ep002_step0050__goal_drawer__proposal_202,1000.0
L_effect_controlled,task04_ep002_step0050,libero_goal_task04_ep002_seed2,drawer,,0.0,0.01782997709524202,0.0179699056652394,303.0,0.0,0.0,task04_ep002_step0050__goal_drawer__proposal_303,1000.0
L_effect_controlled,task04_ep002_step0050,libero_goal_task04_ep002_seed2,drawer,,0.0,0.019454100218683705,0.020464450561039158,404.0,0.0,0.0,task04_ep002_step0050__goal_drawer__proposal_404,1000.0
L_effect_controlled,task04_ep003_step0050,libero_goal_task04_ep003_seed3,cabinet,,0.0,-0.06180739929800637,-0.06080710486043159,101.0,1.0,0.0,task04_ep003_step0050__goal_cabinet__proposal_101,1000.0
L_effect_controlled,task04_ep003_step0050,libero_goal_task04_ep003_seed3,cabinet,,0.0,0.01884563178648607,0.01854718998345897,202.0,1.0,0.0,task04_ep003_step0050__goal_cabinet__proposal_202,1000.0
L_effect_controlled,task04_ep003_step0050,libero_goal_task04_ep003_seed3,cabinet,,0.0,0.017256979380572336,0.017504160398655287,303.0,1.0,0.0,task04_ep003_step0050__goal_cabinet__proposal_303,1000.0
L_effect_controlled,task04_ep003_step0050,libero_goal_task04_ep003_seed3,cabinet,,0.0,0.018283512372510257,0.01802369265692786,404.0,1.0,0.0,task04_ep003_step0050__goal_cabinet__proposal_404,1000.0
L_effect_controlled,task04_ep003_step0050,libero_goal_task04_ep003_seed3,drawer,,0.0,-0.056308632653003315,-0.05340412258302829,101.0,0.0,0.0,task04_ep003_step0050__goal_drawer__proposal_101,1000.0
L_effect_controlled,task04_ep003_step0050,libero_goal_task04_ep003_seed3,drawer,,0.0,0.024980386800128006,0.025308867810172577,202.0,0.0,0.0,task04_ep003_step0050__goal_drawer__proposal_202,1000.0
L_effect_controlled,task04_ep003_step0050,libero_goal_task04_ep003_seed3,drawer,,0.0,0.02194566639653501,0.022332371229354355,303.0,0.0,0.0,task04_ep003_step0050__goal_drawer__proposal_303,1000.0
L_effect_controlled,task04_ep003_step0050,libero_goal_task04_ep003_seed3,drawer,,0.0,0.024541973085055277,0.024601215254964615,404.0,0.0,0.0,task04_ep003_step0050__goal_drawer__proposal_404,1000.0
L_effect_controlled,task04_ep004_step0050,libero_goal_task04_ep004_seed4,cabinet,,0.0,-0.06208400287899271,-0.06270703934885231,101.0,1.0,0.0,task04_ep004_step0050__goal_cabinet__proposal_101,1000.0
L_effect_controlled,task04_ep004_step0050,libero_goal_task04_ep004_seed4,cabinet,,0.0,0.0191373746700755,0.017042839773218542,202.0,1.0,0.0,task04_ep004_step0050__goal_cabinet__proposal_202,1000.0
L_effect_controlled,task04_ep004_step0050,libero_goal_task04_ep004_seed4,cabinet,,0.0,0.024233727395280156,0.02413751321272098,303.0,1.0,0.0,task04_ep004_step0050__goal_cabinet__proposal_303,1000.0
L_effect_controlled,task04_ep004_step0050,libero_goal_task04_ep004_seed4,cabinet,,0.0,0.025307917944709265,0.02467020909294856,404.0,1.0,0.0,task04_ep004_step0050__goal_cabinet__proposal_404,1000.0
L_effect_controlled,task04_ep004_step0050,libero_goal_task04_ep004_seed4,drawer,,0.0,-0.060386169995167674,-0.060718339189102806,101.0,0.0,0.0,task04_ep004_step0050__goal_drawer__proposal_101,1000.0
L_effect_controlled,task04_ep004_step0050,libero_goal_task04_ep004_seed4,drawer,,0.0,0.014296854988934255,0.012518025366359582,202.0,0.0,0.0,task04_ep004_step0050__goal_drawer__proposal_202,1000.0
L_effect_controlled,task04_ep004_step0050,libero_goal_task04_ep004_seed4,drawer,,0.0,0.015401373949176164,0.014762890290217894,303.0,0.0,0.0,task04_ep004_step0050__goal_drawer__proposal_303,1000.0
L_effect_controlled,task04_ep004_step0050,libero_goal_task04_ep004_seed4,drawer,,0.0,0.0172134821064772,0.01764872277506412,404.0,0.0,0.0,task04_ep004_step0050__goal_drawer__proposal_404,1000.0
